solid exported
  facet normal -1.000000e+00 0.000000e+00 0.000000e+00
    outer loop
      vertex -4.250872e-02 -2.799899e-02 9.276554e-02
      vertex -4.250872e-02 2.800101e-02 6.276553e-02
      vertex -4.250872e-02 -2.799899e-02 6.276553e-02
    endloop
  endfacet
  facet normal 0.000000e+00 1.000000e+00 0.000000e+00
    outer loop
      vertex -4.250872e-02 2.800101e-02 9.276554e-02
      vertex 4.249128e-02 2.800101e-02 6.276553e-02
      vertex -4.250872e-02 2.800101e-02 6.276553e-02
    endloop
  endfacet
  facet normal 1.000000e+00 0.000000e+00 0.000000e+00
    outer loop
      vertex 4.249128e-02 2.800101e-02 9.276554e-02
      vertex 4.249128e-02 -2.799899e-02 6.276553e-02
      vertex 4.249128e-02 2.800101e-02 6.276553e-02
    endloop
  endfacet
  facet normal 0.000000e+00 -1.000000e+00 -0.000000e+00
    outer loop
      vertex 4.249128e-02 -2.799899e-02 9.276554e-02
      vertex -4.250872e-02 -2.799899e-02 6.276553e-02
      vertex 4.249128e-02 -2.799899e-02 6.276553e-02
    endloop
  endfacet
  facet normal -0.000000e+00 0.000000e+00 -1.000000e+00
    outer loop
      vertex 4.249128e-02 2.800101e-02 6.276553e-02
      vertex -4.250872e-02 -2.799899e-02 6.276553e-02
      vertex -4.250872e-02 2.800101e-02 6.276553e-02
    endloop
  endfacet
  facet normal -0.000000e+00 0.000000e+00 1.000000e+00
    outer loop
      vertex -4.250872e-02 2.800101e-02 9.276554e-02
      vertex 4.249128e-02 -2.799899e-02 9.276554e-02
      vertex 4.249128e-02 2.800101e-02 9.276554e-02
    endloop
  endfacet
  facet normal -1.000000e+00 0.000000e+00 0.000000e+00
    outer loop
      vertex -4.250872e-02 -2.799899e-02 9.276554e-02
      vertex -4.250872e-02 2.800101e-02 9.276554e-02
      vertex -4.250872e-02 2.800101e-02 6.276553e-02
    endloop
  endfacet
  facet normal -0.000000e+00 1.000000e+00 0.000000e+00
    outer loop
      vertex -4.250872e-02 2.800101e-02 9.276554e-02
      vertex 4.249128e-02 2.800101e-02 9.276554e-02
      vertex 4.249128e-02 2.800101e-02 6.276553e-02
    endloop
  endfacet
  facet normal 1.000000e+00 0.000000e+00 0.000000e+00
    outer loop
      vertex 4.249128e-02 2.800101e-02 9.276554e-02
      vertex 4.249128e-02 -2.799899e-02 9.276554e-02
      vertex 4.249128e-02 -2.799899e-02 6.276553e-02
    endloop
  endfacet
  facet normal -0.000000e+00 -1.000000e+00 0.000000e+00
    outer loop
      vertex 4.249128e-02 -2.799899e-02 9.276554e-02
      vertex -4.250872e-02 -2.799899e-02 9.276554e-02
      vertex -4.250872e-02 -2.799899e-02 6.276553e-02
    endloop
  endfacet
  facet normal 0.000000e+00 -0.000000e+00 -1.000000e+00
    outer loop
      vertex 4.249128e-02 2.800101e-02 6.276553e-02
      vertex 4.249128e-02 -2.799899e-02 6.276553e-02
      vertex -4.250872e-02 -2.799899e-02 6.276553e-02
    endloop
  endfacet
  facet normal 0.000000e+00 0.000000e+00 1.000000e+00
    outer loop
      vertex -4.250872e-02 2.800101e-02 9.276554e-02
      vertex -4.250872e-02 -2.799899e-02 9.276554e-02
      vertex 4.249128e-02 -2.799899e-02 9.276554e-02
    endloop
  endfacet
  facet normal 0.000000e+00 -0.000000e+00 -1.000000e+00
    outer loop
      vertex -4.300872e-02 6.400101e-02 -7.234469e-03
      vertex -3.234451e-02 5.711271e-02 -7.234469e-03
      vertex -9.750872e-02 5.200101e-02 -7.234469e-03
    endloop
  endfacet
  facet normal 0.000000e+00 -0.000000e+00 1.000000e+00
    outer loop
      vertex -4.300872e-02 -6.399900e-02 -2.234470e-03
      vertex -3.234451e-02 -5.711069e-02 -2.234470e-03
      vertex -9.750872e-02 -5.199899e-02 -2.234470e-03
    endloop
  endfacet
  facet normal 7.071067e-01 7.071069e-01 0.000000e+00
    outer loop
      vertex 8.549128e-02 6.400101e-02 -7.234469e-03
      vertex 9.749129e-02 5.200101e-02 -2.234470e-03
      vertex 9.749129e-02 5.200101e-02 -7.234469e-03
    endloop
  endfacet
  facet normal 0.000000e+00 1.000000e+00 0.000000e+00
    outer loop
      vertex 4.299128e-02 6.400101e-02 -7.234469e-03
      vertex 8.549128e-02 6.400101e-02 -2.234470e-03
      vertex 8.549128e-02 6.400101e-02 -7.234469e-03
    endloop
  endfacet
  facet normal 0.000000e+00 1.000000e+00 0.000000e+00
    outer loop
      vertex 3.499128e-02 6.400101e-02 -7.234469e-03
      vertex 4.299128e-02 6.400101e-02 -2.234470e-03
      vertex 4.299128e-02 6.400101e-02 -7.234469e-03
    endloop
  endfacet
  facet normal -9.326696e-01 3.607319e-01 0.000000e+00
    outer loop
      vertex 3.232707e-02 5.711271e-02 -7.234469e-03
      vertex 3.499128e-02 6.400101e-02 -2.234470e-03
      vertex 3.499128e-02 6.400101e-02 -7.234469e-03
    endloop
  endfacet
  facet normal -6.099355e-01 7.924511e-01 0.000000e+00
    outer loop
      vertex 2.474002e-02 5.127309e-02 -7.234469e-03
      vertex 3.232707e-02 5.711271e-02 -2.234470e-03
      vertex 3.232707e-02 5.711271e-02 -7.234469e-03
    endloop
  endfacet
  facet normal -3.249826e-01 9.457199e-01 0.000000e+00
    outer loop
      vertex 1.338520e-02 4.737118e-02 -7.234469e-03
      vertex 2.474002e-02 5.127309e-02 -2.234470e-03
      vertex 2.474002e-02 5.127309e-02 -7.234469e-03
    endloop
  endfacet
  facet normal -1.017665e-01 9.948083e-01 0.000000e+00
    outer loop
      vertex -8.716616e-06 4.600101e-02 -7.234469e-03
      vertex 1.338520e-02 4.737118e-02 -2.234470e-03
      vertex 1.338520e-02 4.737118e-02 -7.234469e-03
    endloop
  endfacet
  facet normal 1.017665e-01 9.948083e-01 0.000000e+00
    outer loop
      vertex -1.340264e-02 4.737118e-02 -7.234469e-03
      vertex -8.716616e-06 4.600101e-02 -2.234470e-03
      vertex -8.716616e-06 4.600101e-02 -7.234469e-03
    endloop
  endfacet
  facet normal 3.249826e-01 9.457201e-01 0.000000e+00
    outer loop
      vertex -2.475746e-02 5.127309e-02 -7.234469e-03
      vertex -1.340264e-02 4.737118e-02 -2.234470e-03
      vertex -1.340264e-02 4.737118e-02 -7.234469e-03
    endloop
  endfacet
  facet normal 6.099355e-01 7.924511e-01 0.000000e+00
    outer loop
      vertex -3.234451e-02 5.711271e-02 -7.234469e-03
      vertex -2.475746e-02 5.127309e-02 -2.234470e-03
      vertex -2.475746e-02 5.127309e-02 -7.234469e-03
    endloop
  endfacet
  facet normal 9.326696e-01 3.607319e-01 0.000000e+00
    outer loop
      vertex -3.500872e-02 6.400101e-02 -7.234469e-03
      vertex -3.234451e-02 5.711271e-02 -2.234470e-03
      vertex -3.234451e-02 5.711271e-02 -7.234469e-03
    endloop
  endfacet
  facet normal 0.000000e+00 1.000000e+00 0.000000e+00
    outer loop
      vertex -4.300872e-02 6.400101e-02 -7.234469e-03
      vertex -3.500872e-02 6.400101e-02 -2.234470e-03
      vertex -3.500872e-02 6.400101e-02 -7.234469e-03
    endloop
  endfacet
  facet normal 0.000000e+00 1.000000e+00 0.000000e+00
    outer loop
      vertex -8.550872e-02 6.400101e-02 -7.234469e-03
      vertex -4.300872e-02 6.400101e-02 -2.234470e-03
      vertex -4.300872e-02 6.400101e-02 -7.234469e-03
    endloop
  endfacet
  facet normal -7.071067e-01 7.071069e-01 0.000000e+00
    outer loop
      vertex -9.750872e-02 5.200101e-02 -7.234469e-03
      vertex -8.550872e-02 6.400101e-02 -2.234470e-03
      vertex -8.550872e-02 6.400101e-02 -7.234469e-03
    endloop
  endfacet
  facet normal -1.000000e+00 0.000000e+00 0.000000e+00
    outer loop
      vertex -9.750872e-02 -5.199899e-02 -7.234469e-03
      vertex -9.750872e-02 5.200101e-02 -2.234470e-03
      vertex -9.750872e-02 5.200101e-02 -7.234469e-03
    endloop
  endfacet
  facet normal -7.071069e-01 -7.071067e-01 0.000000e+00
    outer loop
      vertex -8.550872e-02 -6.399900e-02 -7.234469e-03
      vertex -9.750872e-02 -5.199899e-02 -2.234470e-03
      vertex -9.750872e-02 -5.199899e-02 -7.234469e-03
    endloop
  endfacet
  facet normal 0.000000e+00 -1.000000e+00 0.000000e+00
    outer loop
      vertex -4.300872e-02 -6.399900e-02 -7.234469e-03
      vertex -8.550872e-02 -6.399900e-02 -2.234470e-03
      vertex -8.550872e-02 -6.399900e-02 -7.234469e-03
    endloop
  endfacet
  facet normal 0.000000e+00 -1.000000e+00 0.000000e+00
    outer loop
      vertex -3.500872e-02 -6.399900e-02 -7.234469e-03
      vertex -4.300872e-02 -6.399900e-02 -2.234470e-03
      vertex -4.300872e-02 -6.399900e-02 -7.234469e-03
    endloop
  endfacet
  facet normal 9.326698e-01 -3.607316e-01 0.000000e+00
    outer loop
      vertex -3.234451e-02 -5.711069e-02 -7.234469e-03
      vertex -3.500872e-02 -6.399900e-02 -2.234470e-03
      vertex -3.500872e-02 -6.399900e-02 -7.234469e-03
    endloop
  endfacet
  facet normal 6.099355e-01 -7.924511e-01 0.000000e+00
    outer loop
      vertex -2.475746e-02 -5.127107e-02 -7.234469e-03
      vertex -3.234451e-02 -5.711069e-02 -2.234470e-03
      vertex -3.234451e-02 -5.711069e-02 -7.234469e-03
    endloop
  endfacet
  facet normal 3.249826e-01 -9.457201e-01 0.000000e+00
    outer loop
      vertex -1.340264e-02 -4.736916e-02 -7.234469e-03
      vertex -2.475746e-02 -5.127107e-02 -2.234470e-03
      vertex -2.475746e-02 -5.127107e-02 -7.234469e-03
    endloop
  endfacet
  facet normal 1.017665e-01 -9.948083e-01 0.000000e+00
    outer loop
      vertex -8.716616e-06 -4.599899e-02 -7.234469e-03
      vertex -1.340264e-02 -4.736916e-02 -2.234470e-03
      vertex -1.340264e-02 -4.736916e-02 -7.234469e-03
    endloop
  endfacet
  facet normal -1.017665e-01 -9.948083e-01 0.000000e+00
    outer loop
      vertex 1.338520e-02 -4.736916e-02 -7.234469e-03
      vertex -8.716616e-06 -4.599899e-02 -2.234470e-03
      vertex -8.716616e-06 -4.599899e-02 -7.234469e-03
    endloop
  endfacet
  facet normal -3.249826e-01 -9.457199e-01 0.000000e+00
    outer loop
      vertex 2.474002e-02 -5.127107e-02 -7.234469e-03
      vertex 1.338520e-02 -4.736916e-02 -2.234470e-03
      vertex 1.338520e-02 -4.736916e-02 -7.234469e-03
    endloop
  endfacet
  facet normal -6.099355e-01 -7.924511e-01 0.000000e+00
    outer loop
      vertex 3.232707e-02 -5.711069e-02 -7.234469e-03
      vertex 2.474002e-02 -5.127107e-02 -2.234470e-03
      vertex 2.474002e-02 -5.127107e-02 -7.234469e-03
    endloop
  endfacet
  facet normal -9.326698e-01 -3.607316e-01 0.000000e+00
    outer loop
      vertex 3.499128e-02 -6.399900e-02 -7.234469e-03
      vertex 3.232707e-02 -5.711069e-02 -2.234470e-03
      vertex 3.232707e-02 -5.711069e-02 -7.234469e-03
    endloop
  endfacet
  facet normal 0.000000e+00 -1.000000e+00 0.000000e+00
    outer loop
      vertex 4.299128e-02 -6.399900e-02 -7.234469e-03
      vertex 3.499128e-02 -6.399900e-02 -2.234470e-03
      vertex 3.499128e-02 -6.399900e-02 -7.234469e-03
    endloop
  endfacet
  facet normal 0.000000e+00 -1.000000e+00 0.000000e+00
    outer loop
      vertex 8.549128e-02 -6.399900e-02 -7.234469e-03
      vertex 4.299128e-02 -6.399900e-02 -2.234470e-03
      vertex 4.299128e-02 -6.399900e-02 -7.234469e-03
    endloop
  endfacet
  facet normal 7.071069e-01 -7.071067e-01 0.000000e+00
    outer loop
      vertex 9.749129e-02 -5.199899e-02 -7.234469e-03
      vertex 8.549128e-02 -6.399900e-02 -2.234470e-03
      vertex 8.549128e-02 -6.399900e-02 -7.234469e-03
    endloop
  endfacet
  facet normal 1.000000e+00 0.000000e+00 0.000000e+00
    outer loop
      vertex 9.749129e-02 5.200101e-02 -7.234469e-03
      vertex 9.749129e-02 -5.199899e-02 -2.234470e-03
      vertex 9.749129e-02 -5.199899e-02 -7.234469e-03
    endloop
  endfacet
  facet normal 0.000000e+00 -0.000000e+00 -9.999999e-01
    outer loop
      vertex 9.749129e-02 5.200101e-02 -7.234469e-03
      vertex 9.749129e-02 -5.199899e-02 -7.234469e-03
      vertex 2.474002e-02 -5.127107e-02 -7.234469e-03
    endloop
  endfacet
  facet normal 0.000000e+00 0.000000e+00 -1.000000e+00
    outer loop
      vertex 9.749129e-02 -5.199899e-02 -7.234469e-03
      vertex 8.549128e-02 -6.399900e-02 -7.234469e-03
      vertex 4.299128e-02 -6.399900e-02 -7.234469e-03
    endloop
  endfacet
  facet normal 0.000000e+00 0.000000e+00 -1.000000e+00
    outer loop
      vertex 4.299128e-02 -6.399900e-02 -7.234469e-03
      vertex 3.499128e-02 -6.399900e-02 -7.234469e-03
      vertex 3.232707e-02 -5.711069e-02 -7.234469e-03
    endloop
  endfacet
  facet normal 0.000000e+00 0.000000e+00 -1.000000e+00
    outer loop
      vertex 9.749129e-02 -5.199899e-02 -7.234469e-03
      vertex 4.299128e-02 -6.399900e-02 -7.234469e-03
      vertex 3.232707e-02 -5.711069e-02 -7.234469e-03
    endloop
  endfacet
  facet normal 0.000000e+00 0.000000e+00 -9.999999e-01
    outer loop
      vertex 2.474002e-02 -5.127107e-02 -7.234469e-03
      vertex 9.749129e-02 -5.199899e-02 -7.234469e-03
      vertex 3.232707e-02 -5.711069e-02 -7.234469e-03
    endloop
  endfacet
  facet normal 0.000000e+00 0.000000e+00 -1.000000e+00
    outer loop
      vertex 4.299128e-02 6.400101e-02 -7.234469e-03
      vertex 8.549128e-02 6.400101e-02 -7.234469e-03
      vertex 9.749129e-02 5.200101e-02 -7.234469e-03
    endloop
  endfacet
  facet normal 0.000000e+00 0.000000e+00 -1.000000e+00
    outer loop
      vertex 3.232707e-02 5.711271e-02 -7.234469e-03
      vertex 3.499128e-02 6.400101e-02 -7.234469e-03
      vertex 4.299128e-02 6.400101e-02 -7.234469e-03
    endloop
  endfacet
  facet normal 0.000000e+00 0.000000e+00 -9.999999e-01
    outer loop
      vertex 2.474002e-02 5.127309e-02 -7.234469e-03
      vertex 3.232707e-02 5.711271e-02 -7.234469e-03
      vertex 9.749129e-02 5.200101e-02 -7.234469e-03
    endloop
  endfacet
  facet normal 0.000000e+00 0.000000e+00 -1.000000e+00
    outer loop
      vertex 3.232707e-02 5.711271e-02 -7.234469e-03
      vertex 4.299128e-02 6.400101e-02 -7.234469e-03
      vertex 9.749129e-02 5.200101e-02 -7.234469e-03
    endloop
  endfacet
  facet normal 0.000000e+00 0.000000e+00 -1.000000e+00
    outer loop
      vertex 9.749129e-02 5.200101e-02 -7.234469e-03
      vertex 2.474002e-02 -5.127107e-02 -7.234469e-03
      vertex 2.474002e-02 5.127309e-02 -7.234469e-03
    endloop
  endfacet
  facet normal 0.000000e+00 -0.000000e+00 -1.000000e+00
    outer loop
      vertex 2.474002e-02 5.127309e-02 -7.234469e-03
      vertex 2.474002e-02 -5.127107e-02 -7.234469e-03
      vertex 1.338520e-02 -4.736916e-02 -7.234469e-03
    endloop
  endfacet
  facet normal 0.000000e+00 0.000000e+00 -9.999999e-01
    outer loop
      vertex 1.338520e-02 4.737118e-02 -7.234469e-03
      vertex 2.474002e-02 5.127309e-02 -7.234469e-03
      vertex 1.338520e-02 -4.736916e-02 -7.234469e-03
    endloop
  endfacet
  facet normal 0.000000e+00 -0.000000e+00 -1.000000e+00
    outer loop
      vertex 1.338520e-02 4.737118e-02 -7.234469e-03
      vertex 1.338520e-02 -4.736916e-02 -7.234469e-03
      vertex -8.716616e-06 -4.599899e-02 -7.234469e-03
    endloop
  endfacet
  facet normal 0.000000e+00 0.000000e+00 -1.000000e+00
    outer loop
      vertex -8.716616e-06 4.600101e-02 -7.234469e-03
      vertex 1.338520e-02 4.737118e-02 -7.234469e-03
      vertex -8.716616e-06 -4.599899e-02 -7.234469e-03
    endloop
  endfacet
  facet normal 0.000000e+00 -0.000000e+00 -1.000000e+00
    outer loop
      vertex -8.716616e-06 4.600101e-02 -7.234469e-03
      vertex -8.716616e-06 -4.599899e-02 -7.234469e-03
      vertex -1.340264e-02 -4.736916e-02 -7.234469e-03
    endloop
  endfacet
  facet normal 0.000000e+00 0.000000e+00 -1.000000e+00
    outer loop
      vertex -1.340264e-02 4.737118e-02 -7.234469e-03
      vertex -8.716616e-06 4.600101e-02 -7.234469e-03
      vertex -1.340264e-02 -4.736916e-02 -7.234469e-03
    endloop
  endfacet
  facet normal 0.000000e+00 -0.000000e+00 -1.000000e+00
    outer loop
      vertex -1.340264e-02 4.737118e-02 -7.234469e-03
      vertex -1.340264e-02 -4.736916e-02 -7.234469e-03
      vertex -2.475746e-02 -5.127107e-02 -7.234469e-03
    endloop
  endfacet
  facet normal 0.000000e+00 0.000000e+00 -1.000000e+00
    outer loop
      vertex -2.475746e-02 5.127309e-02 -7.234469e-03
      vertex -1.340264e-02 4.737118e-02 -7.234469e-03
      vertex -2.475746e-02 -5.127107e-02 -7.234469e-03
    endloop
  endfacet
  facet normal 0.000000e+00 0.000000e+00 -1.000000e+00
    outer loop
      vertex -3.234451e-02 -5.711069e-02 -7.234469e-03
      vertex -3.500872e-02 -6.399900e-02 -7.234469e-03
      vertex -4.300872e-02 -6.399900e-02 -7.234469e-03
    endloop
  endfacet
  facet normal -0.000000e+00 -0.000000e+00 -9.999999e-01
    outer loop
      vertex -2.475746e-02 5.127309e-02 -7.234469e-03
      vertex -2.475746e-02 -5.127107e-02 -7.234469e-03
      vertex -9.750872e-02 5.200101e-02 -7.234469e-03
    endloop
  endfacet
  facet normal 0.000000e+00 0.000000e+00 -9.999999e-01
    outer loop
      vertex -2.475746e-02 -5.127107e-02 -7.234469e-03
      vertex -3.234451e-02 -5.711069e-02 -7.234469e-03
      vertex -9.750872e-02 -5.199899e-02 -7.234469e-03
    endloop
  endfacet
  facet normal 0.000000e+00 0.000000e+00 -9.999999e-01
    outer loop
      vertex -9.750872e-02 5.200101e-02 -7.234469e-03
      vertex -2.475746e-02 -5.127107e-02 -7.234469e-03
      vertex -9.750872e-02 -5.199899e-02 -7.234469e-03
    endloop
  endfacet
  facet normal 0.000000e+00 0.000000e+00 -1.000000e+00
    outer loop
      vertex -4.300872e-02 6.400101e-02 -7.234469e-03
      vertex -3.500872e-02 6.400101e-02 -7.234469e-03
      vertex -3.234451e-02 5.711271e-02 -7.234469e-03
    endloop
  endfacet
  facet normal 0.000000e+00 -0.000000e+00 -9.999999e-01
    outer loop
      vertex -3.234451e-02 5.711271e-02 -7.234469e-03
      vertex -2.475746e-02 5.127309e-02 -7.234469e-03
      vertex -9.750872e-02 5.200101e-02 -7.234469e-03
    endloop
  endfacet
  facet normal -0.000000e+00 0.000000e+00 -1.000000e+00
    outer loop
      vertex -3.234451e-02 -5.711069e-02 -7.234469e-03
      vertex -4.300872e-02 -6.399900e-02 -7.234469e-03
      vertex -9.750872e-02 -5.199899e-02 -7.234469e-03
    endloop
  endfacet
  facet normal 0.000000e+00 0.000000e+00 -1.000000e+00
    outer loop
      vertex -4.300872e-02 -6.399900e-02 -7.234469e-03
      vertex -8.550872e-02 -6.399900e-02 -7.234469e-03
      vertex -9.750872e-02 -5.199899e-02 -7.234469e-03
    endloop
  endfacet
  facet normal 0.000000e+00 0.000000e+00 -1.000000e+00
    outer loop
      vertex -9.750872e-02 5.200101e-02 -7.234469e-03
      vertex -8.550872e-02 6.400101e-02 -7.234469e-03
      vertex -4.300872e-02 6.400101e-02 -7.234469e-03
    endloop
  endfacet
  facet normal 0.000000e+00 -0.000000e+00 9.999999e-01
    outer loop
      vertex 9.749129e-02 -5.199899e-02 -2.234470e-03
      vertex 9.749129e-02 5.200101e-02 -2.234470e-03
      vertex 2.474002e-02 5.127309e-02 -2.234470e-03
    endloop
  endfacet
  facet normal 0.000000e+00 0.000000e+00 1.000000e+00
    outer loop
      vertex 9.749129e-02 5.200101e-02 -2.234470e-03
      vertex 8.549128e-02 6.400101e-02 -2.234470e-03
      vertex 4.299128e-02 6.400101e-02 -2.234470e-03
    endloop
  endfacet
  facet normal 0.000000e+00 0.000000e+00 1.000000e+00
    outer loop
      vertex 4.299128e-02 6.400101e-02 -2.234470e-03
      vertex 3.499128e-02 6.400101e-02 -2.234470e-03
      vertex 3.232707e-02 5.711271e-02 -2.234470e-03
    endloop
  endfacet
  facet normal 0.000000e+00 0.000000e+00 1.000000e+00
    outer loop
      vertex 9.749129e-02 5.200101e-02 -2.234470e-03
      vertex 4.299128e-02 6.400101e-02 -2.234470e-03
      vertex 3.232707e-02 5.711271e-02 -2.234470e-03
    endloop
  endfacet
  facet normal 0.000000e+00 0.000000e+00 9.999999e-01
    outer loop
      vertex 2.474002e-02 5.127309e-02 -2.234470e-03
      vertex 9.749129e-02 5.200101e-02 -2.234470e-03
      vertex 3.232707e-02 5.711271e-02 -2.234470e-03
    endloop
  endfacet
  facet normal 0.000000e+00 0.000000e+00 1.000000e+00
    outer loop
      vertex 4.299128e-02 -6.399900e-02 -2.234470e-03
      vertex 8.549128e-02 -6.399900e-02 -2.234470e-03
      vertex 9.749129e-02 -5.199899e-02 -2.234470e-03
    endloop
  endfacet
  facet normal 0.000000e+00 0.000000e+00 1.000000e+00
    outer loop
      vertex 3.232707e-02 -5.711069e-02 -2.234470e-03
      vertex 3.499128e-02 -6.399900e-02 -2.234470e-03
      vertex 4.299128e-02 -6.399900e-02 -2.234470e-03
    endloop
  endfacet
  facet normal 0.000000e+00 0.000000e+00 9.999999e-01
    outer loop
      vertex 2.474002e-02 -5.127107e-02 -2.234470e-03
      vertex 3.232707e-02 -5.711069e-02 -2.234470e-03
      vertex 9.749129e-02 -5.199899e-02 -2.234470e-03
    endloop
  endfacet
  facet normal -0.000000e+00 0.000000e+00 1.000000e+00
    outer loop
      vertex 3.232707e-02 -5.711069e-02 -2.234470e-03
      vertex 4.299128e-02 -6.399900e-02 -2.234470e-03
      vertex 9.749129e-02 -5.199899e-02 -2.234470e-03
    endloop
  endfacet
  facet normal 0.000000e+00 0.000000e+00 1.000000e+00
    outer loop
      vertex 9.749129e-02 -5.199899e-02 -2.234470e-03
      vertex 2.474002e-02 5.127309e-02 -2.234470e-03
      vertex 2.474002e-02 -5.127107e-02 -2.234470e-03
    endloop
  endfacet
  facet normal 0.000000e+00 -0.000000e+00 1.000000e+00
    outer loop
      vertex 2.474002e-02 -5.127107e-02 -2.234470e-03
      vertex 2.474002e-02 5.127309e-02 -2.234470e-03
      vertex 1.338520e-02 4.737118e-02 -2.234470e-03
    endloop
  endfacet
  facet normal -0.000000e+00 0.000000e+00 9.999999e-01
    outer loop
      vertex 1.338520e-02 -4.736916e-02 -2.234470e-03
      vertex 2.474002e-02 -5.127107e-02 -2.234470e-03
      vertex 1.338520e-02 4.737118e-02 -2.234470e-03
    endloop
  endfacet
  facet normal 0.000000e+00 -0.000000e+00 1.000000e+00
    outer loop
      vertex 1.338520e-02 -4.736916e-02 -2.234470e-03
      vertex 1.338520e-02 4.737118e-02 -2.234470e-03
      vertex -8.716616e-06 4.600101e-02 -2.234470e-03
    endloop
  endfacet
  facet normal -0.000000e+00 0.000000e+00 1.000000e+00
    outer loop
      vertex -8.716616e-06 -4.599899e-02 -2.234470e-03
      vertex 1.338520e-02 -4.736916e-02 -2.234470e-03
      vertex -8.716616e-06 4.600101e-02 -2.234470e-03
    endloop
  endfacet
  facet normal 0.000000e+00 -0.000000e+00 1.000000e+00
    outer loop
      vertex -8.716616e-06 -4.599899e-02 -2.234470e-03
      vertex -8.716616e-06 4.600101e-02 -2.234470e-03
      vertex -1.340264e-02 4.737118e-02 -2.234470e-03
    endloop
  endfacet
  facet normal 0.000000e+00 0.000000e+00 1.000000e+00
    outer loop
      vertex -1.340264e-02 -4.736916e-02 -2.234470e-03
      vertex -8.716616e-06 -4.599899e-02 -2.234470e-03
      vertex -1.340264e-02 4.737118e-02 -2.234470e-03
    endloop
  endfacet
  facet normal 0.000000e+00 -0.000000e+00 1.000000e+00
    outer loop
      vertex -1.340264e-02 -4.736916e-02 -2.234470e-03
      vertex -1.340264e-02 4.737118e-02 -2.234470e-03
      vertex -2.475746e-02 5.127309e-02 -2.234470e-03
    endloop
  endfacet
  facet normal 0.000000e+00 0.000000e+00 1.000000e+00
    outer loop
      vertex -2.475746e-02 -5.127107e-02 -2.234470e-03
      vertex -1.340264e-02 -4.736916e-02 -2.234470e-03
      vertex -2.475746e-02 5.127309e-02 -2.234470e-03
    endloop
  endfacet
  facet normal 0.000000e+00 0.000000e+00 1.000000e+00
    outer loop
      vertex -3.234451e-02 5.711271e-02 -2.234470e-03
      vertex -3.500872e-02 6.400101e-02 -2.234470e-03
      vertex -4.300872e-02 6.400101e-02 -2.234470e-03
    endloop
  endfacet
  facet normal 0.000000e+00 -0.000000e+00 9.999999e-01
    outer loop
      vertex -2.475746e-02 -5.127107e-02 -2.234470e-03
      vertex -2.475746e-02 5.127309e-02 -2.234470e-03
      vertex -9.750872e-02 -5.199899e-02 -2.234470e-03
    endloop
  endfacet
  facet normal 0.000000e+00 0.000000e+00 9.999999e-01
    outer loop
      vertex -2.475746e-02 5.127309e-02 -2.234470e-03
      vertex -3.234451e-02 5.711271e-02 -2.234470e-03
      vertex -9.750872e-02 5.200101e-02 -2.234470e-03
    endloop
  endfacet
  facet normal 0.000000e+00 0.000000e+00 9.999999e-01
    outer loop
      vertex -9.750872e-02 -5.199899e-02 -2.234470e-03
      vertex -2.475746e-02 5.127309e-02 -2.234470e-03
      vertex -9.750872e-02 5.200101e-02 -2.234470e-03
    endloop
  endfacet
  facet normal 0.000000e+00 0.000000e+00 1.000000e+00
    outer loop
      vertex -4.300872e-02 -6.399900e-02 -2.234470e-03
      vertex -3.500872e-02 -6.399900e-02 -2.234470e-03
      vertex -3.234451e-02 -5.711069e-02 -2.234470e-03
    endloop
  endfacet
  facet normal 0.000000e+00 -0.000000e+00 9.999999e-01
    outer loop
      vertex -3.234451e-02 -5.711069e-02 -2.234470e-03
      vertex -2.475746e-02 -5.127107e-02 -2.234470e-03
      vertex -9.750872e-02 -5.199899e-02 -2.234470e-03
    endloop
  endfacet
  facet normal 0.000000e+00 0.000000e+00 1.000000e+00
    outer loop
      vertex -3.234451e-02 5.711271e-02 -2.234470e-03
      vertex -4.300872e-02 6.400101e-02 -2.234470e-03
      vertex -9.750872e-02 5.200101e-02 -2.234470e-03
    endloop
  endfacet
  facet normal 0.000000e+00 0.000000e+00 1.000000e+00
    outer loop
      vertex -4.300872e-02 6.400101e-02 -2.234470e-03
      vertex -8.550872e-02 6.400101e-02 -2.234470e-03
      vertex -9.750872e-02 5.200101e-02 -2.234470e-03
    endloop
  endfacet
  facet normal 0.000000e+00 0.000000e+00 1.000000e+00
    outer loop
      vertex -9.750872e-02 -5.199899e-02 -2.234470e-03
      vertex -8.550872e-02 -6.399900e-02 -2.234470e-03
      vertex -4.300872e-02 -6.399900e-02 -2.234470e-03
    endloop
  endfacet
  facet normal 7.071067e-01 7.071069e-01 -0.000000e+00
    outer loop
      vertex 8.549128e-02 6.400101e-02 -7.234469e-03
      vertex 8.549128e-02 6.400101e-02 -2.234470e-03
      vertex 9.749129e-02 5.200101e-02 -2.234470e-03
    endloop
  endfacet
  facet normal 0.000000e+00 1.000000e+00 0.000000e+00
    outer loop
      vertex 4.299128e-02 6.400101e-02 -7.234469e-03
      vertex 4.299128e-02 6.400101e-02 -2.234470e-03
      vertex 8.549128e-02 6.400101e-02 -2.234470e-03
    endloop
  endfacet
  facet normal 0.000000e+00 1.000000e+00 0.000000e+00
    outer loop
      vertex 3.499128e-02 6.400101e-02 -7.234469e-03
      vertex 3.499128e-02 6.400101e-02 -2.234470e-03
      vertex 4.299128e-02 6.400101e-02 -2.234470e-03
    endloop
  endfacet
  facet normal -9.326696e-01 3.607319e-01 0.000000e+00
    outer loop
      vertex 3.232707e-02 5.711271e-02 -7.234469e-03
      vertex 3.232707e-02 5.711271e-02 -2.234470e-03
      vertex 3.499128e-02 6.400101e-02 -2.234470e-03
    endloop
  endfacet
  facet normal -6.099355e-01 7.924511e-01 0.000000e+00
    outer loop
      vertex 2.474002e-02 5.127309e-02 -7.234469e-03
      vertex 2.474002e-02 5.127309e-02 -2.234470e-03
      vertex 3.232707e-02 5.711271e-02 -2.234470e-03
    endloop
  endfacet
  facet normal -3.249826e-01 9.457199e-01 0.000000e+00
    outer loop
      vertex 1.338520e-02 4.737118e-02 -7.234469e-03
      vertex 1.338520e-02 4.737118e-02 -2.234470e-03
      vertex 2.474002e-02 5.127309e-02 -2.234470e-03
    endloop
  endfacet
  facet normal -1.017665e-01 9.948083e-01 0.000000e+00
    outer loop
      vertex -8.716616e-06 4.600101e-02 -7.234469e-03
      vertex -8.716616e-06 4.600101e-02 -2.234470e-03
      vertex 1.338520e-02 4.737118e-02 -2.234470e-03
    endloop
  endfacet
  facet normal 1.017665e-01 9.948083e-01 -0.000000e+00
    outer loop
      vertex -1.340264e-02 4.737118e-02 -7.234469e-03
      vertex -1.340264e-02 4.737118e-02 -2.234470e-03
      vertex -8.716616e-06 4.600101e-02 -2.234470e-03
    endloop
  endfacet
  facet normal 3.249826e-01 9.457201e-01 -0.000000e+00
    outer loop
      vertex -2.475746e-02 5.127309e-02 -7.234469e-03
      vertex -2.475746e-02 5.127309e-02 -2.234470e-03
      vertex -1.340264e-02 4.737118e-02 -2.234470e-03
    endloop
  endfacet
  facet normal 6.099355e-01 7.924511e-01 -0.000000e+00
    outer loop
      vertex -3.234451e-02 5.711271e-02 -7.234469e-03
      vertex -3.234451e-02 5.711271e-02 -2.234470e-03
      vertex -2.475746e-02 5.127309e-02 -2.234470e-03
    endloop
  endfacet
  facet normal 9.326696e-01 3.607319e-01 -0.000000e+00
    outer loop
      vertex -3.500872e-02 6.400101e-02 -7.234469e-03
      vertex -3.500872e-02 6.400101e-02 -2.234470e-03
      vertex -3.234451e-02 5.711271e-02 -2.234470e-03
    endloop
  endfacet
  facet normal 0.000000e+00 1.000000e+00 0.000000e+00
    outer loop
      vertex -4.300872e-02 6.400101e-02 -7.234469e-03
      vertex -4.300872e-02 6.400101e-02 -2.234470e-03
      vertex -3.500872e-02 6.400101e-02 -2.234470e-03
    endloop
  endfacet
  facet normal 0.000000e+00 1.000000e+00 0.000000e+00
    outer loop
      vertex -8.550872e-02 6.400101e-02 -7.234469e-03
      vertex -8.550872e-02 6.400101e-02 -2.234470e-03
      vertex -4.300872e-02 6.400101e-02 -2.234470e-03
    endloop
  endfacet
  facet normal -7.071067e-01 7.071069e-01 0.000000e+00
    outer loop
      vertex -9.750872e-02 5.200101e-02 -7.234469e-03
      vertex -9.750872e-02 5.200101e-02 -2.234470e-03
      vertex -8.550872e-02 6.400101e-02 -2.234470e-03
    endloop
  endfacet
  facet normal -1.000000e+00 0.000000e+00 0.000000e+00
    outer loop
      vertex -9.750872e-02 -5.199899e-02 -7.234469e-03
      vertex -9.750872e-02 -5.199899e-02 -2.234470e-03
      vertex -9.750872e-02 5.200101e-02 -2.234470e-03
    endloop
  endfacet
  facet normal -7.071069e-01 -7.071067e-01 0.000000e+00
    outer loop
      vertex -8.550872e-02 -6.399900e-02 -7.234469e-03
      vertex -8.550872e-02 -6.399900e-02 -2.234470e-03
      vertex -9.750872e-02 -5.199899e-02 -2.234470e-03
    endloop
  endfacet
  facet normal 0.000000e+00 -1.000000e+00 0.000000e+00
    outer loop
      vertex -4.300872e-02 -6.399900e-02 -7.234469e-03
      vertex -4.300872e-02 -6.399900e-02 -2.234470e-03
      vertex -8.550872e-02 -6.399900e-02 -2.234470e-03
    endloop
  endfacet
  facet normal 0.000000e+00 -1.000000e+00 0.000000e+00
    outer loop
      vertex -3.500872e-02 -6.399900e-02 -7.234469e-03
      vertex -3.500872e-02 -6.399900e-02 -2.234470e-03
      vertex -4.300872e-02 -6.399900e-02 -2.234470e-03
    endloop
  endfacet
  facet normal 9.326698e-01 -3.607316e-01 0.000000e+00
    outer loop
      vertex -3.234451e-02 -5.711069e-02 -7.234469e-03
      vertex -3.234451e-02 -5.711069e-02 -2.234470e-03
      vertex -3.500872e-02 -6.399900e-02 -2.234470e-03
    endloop
  endfacet
  facet normal 6.099355e-01 -7.924511e-01 0.000000e+00
    outer loop
      vertex -2.475746e-02 -5.127107e-02 -7.234469e-03
      vertex -2.475746e-02 -5.127107e-02 -2.234470e-03
      vertex -3.234451e-02 -5.711069e-02 -2.234470e-03
    endloop
  endfacet
  facet normal 3.249826e-01 -9.457201e-01 0.000000e+00
    outer loop
      vertex -1.340264e-02 -4.736916e-02 -7.234469e-03
      vertex -1.340264e-02 -4.736916e-02 -2.234470e-03
      vertex -2.475746e-02 -5.127107e-02 -2.234470e-03
    endloop
  endfacet
  facet normal 1.017665e-01 -9.948083e-01 0.000000e+00
    outer loop
      vertex -8.716616e-06 -4.599899e-02 -7.234469e-03
      vertex -8.716616e-06 -4.599899e-02 -2.234470e-03
      vertex -1.340264e-02 -4.736916e-02 -2.234470e-03
    endloop
  endfacet
  facet normal -1.017665e-01 -9.948083e-01 0.000000e+00
    outer loop
      vertex 1.338520e-02 -4.736916e-02 -7.234469e-03
      vertex 1.338520e-02 -4.736916e-02 -2.234470e-03
      vertex -8.716616e-06 -4.599899e-02 -2.234470e-03
    endloop
  endfacet
  facet normal -3.249826e-01 -9.457199e-01 0.000000e+00
    outer loop
      vertex 2.474002e-02 -5.127107e-02 -7.234469e-03
      vertex 2.474002e-02 -5.127107e-02 -2.234470e-03
      vertex 1.338520e-02 -4.736916e-02 -2.234470e-03
    endloop
  endfacet
  facet normal -6.099355e-01 -7.924511e-01 0.000000e+00
    outer loop
      vertex 3.232707e-02 -5.711069e-02 -7.234469e-03
      vertex 3.232707e-02 -5.711069e-02 -2.234470e-03
      vertex 2.474002e-02 -5.127107e-02 -2.234470e-03
    endloop
  endfacet
  facet normal -9.326698e-01 -3.607316e-01 0.000000e+00
    outer loop
      vertex 3.499128e-02 -6.399900e-02 -7.234469e-03
      vertex 3.499128e-02 -6.399900e-02 -2.234470e-03
      vertex 3.232707e-02 -5.711069e-02 -2.234470e-03
    endloop
  endfacet
  facet normal 0.000000e+00 -1.000000e+00 0.000000e+00
    outer loop
      vertex 4.299128e-02 -6.399900e-02 -7.234469e-03
      vertex 4.299128e-02 -6.399900e-02 -2.234470e-03
      vertex 3.499128e-02 -6.399900e-02 -2.234470e-03
    endloop
  endfacet
  facet normal 0.000000e+00 -1.000000e+00 0.000000e+00
    outer loop
      vertex 8.549128e-02 -6.399900e-02 -7.234469e-03
      vertex 8.549128e-02 -6.399900e-02 -2.234470e-03
      vertex 4.299128e-02 -6.399900e-02 -2.234470e-03
    endloop
  endfacet
  facet normal 7.071069e-01 -7.071067e-01 0.000000e+00
    outer loop
      vertex 9.749129e-02 -5.199899e-02 -7.234469e-03
      vertex 9.749129e-02 -5.199899e-02 -2.234470e-03
      vertex 8.549128e-02 -6.399900e-02 -2.234470e-03
    endloop
  endfacet
  facet normal 1.000000e+00 0.000000e+00 -0.000000e+00
    outer loop
      vertex 9.749129e-02 5.200101e-02 -7.234469e-03
      vertex 9.749129e-02 5.200101e-02 -2.234470e-03
      vertex 9.749129e-02 -5.199899e-02 -2.234470e-03
    endloop
  endfacet
  facet normal 0.000000e+00 -0.000000e+00 -1.000000e+00
    outer loop
      vertex -4.300872e-02 6.400101e-02 4.276554e-02
      vertex -3.234451e-02 5.711271e-02 4.276554e-02
      vertex -9.750872e-02 5.200101e-02 4.276554e-02
    endloop
  endfacet
  facet normal 0.000000e+00 -0.000000e+00 1.000000e+00
    outer loop
      vertex -4.300872e-02 -6.399900e-02 4.776553e-02
      vertex -3.234451e-02 -5.711069e-02 4.776553e-02
      vertex -9.750872e-02 -5.199899e-02 4.776553e-02
    endloop
  endfacet
  facet normal 7.071066e-01 7.071069e-01 0.000000e+00
    outer loop
      vertex 8.549128e-02 6.400101e-02 4.276554e-02
      vertex 9.749129e-02 5.200101e-02 4.776553e-02
      vertex 9.749129e-02 5.200101e-02 4.276554e-02
    endloop
  endfacet
  facet normal 0.000000e+00 1.000000e+00 0.000000e+00
    outer loop
      vertex 4.299128e-02 6.400101e-02 4.276554e-02
      vertex 8.549128e-02 6.400101e-02 4.776553e-02
      vertex 8.549128e-02 6.400101e-02 4.276554e-02
    endloop
  endfacet
  facet normal 0.000000e+00 1.000000e+00 0.000000e+00
    outer loop
      vertex 3.499128e-02 6.400101e-02 4.276554e-02
      vertex 4.299128e-02 6.400101e-02 4.776553e-02
      vertex 4.299128e-02 6.400101e-02 4.276554e-02
    endloop
  endfacet
  facet normal -9.326696e-01 3.607319e-01 0.000000e+00
    outer loop
      vertex 3.232707e-02 5.711271e-02 4.276554e-02
      vertex 3.499128e-02 6.400101e-02 4.776553e-02
      vertex 3.499128e-02 6.400101e-02 4.276554e-02
    endloop
  endfacet
  facet normal -6.099355e-01 7.924511e-01 0.000000e+00
    outer loop
      vertex 2.474002e-02 5.127309e-02 4.276554e-02
      vertex 3.232707e-02 5.711271e-02 4.776553e-02
      vertex 3.232707e-02 5.711271e-02 4.276554e-02
    endloop
  endfacet
  facet normal -3.249826e-01 9.457200e-01 0.000000e+00
    outer loop
      vertex 1.338520e-02 4.737118e-02 4.276554e-02
      vertex 2.474002e-02 5.127309e-02 4.776553e-02
      vertex 2.474002e-02 5.127309e-02 4.276554e-02
    endloop
  endfacet
  facet normal -1.017665e-01 9.948083e-01 0.000000e+00
    outer loop
      vertex -8.716616e-06 4.600101e-02 4.276554e-02
      vertex 1.338520e-02 4.737118e-02 4.776553e-02
      vertex 1.338520e-02 4.737118e-02 4.276554e-02
    endloop
  endfacet
  facet normal 1.017665e-01 9.948083e-01 0.000000e+00
    outer loop
      vertex -1.340264e-02 4.737118e-02 4.276554e-02
      vertex -8.716616e-06 4.600101e-02 4.776553e-02
      vertex -8.716616e-06 4.600101e-02 4.276554e-02
    endloop
  endfacet
  facet normal 3.249826e-01 9.457200e-01 0.000000e+00
    outer loop
      vertex -2.475746e-02 5.127309e-02 4.276554e-02
      vertex -1.340264e-02 4.737118e-02 4.776553e-02
      vertex -1.340264e-02 4.737118e-02 4.276554e-02
    endloop
  endfacet
  facet normal 6.099355e-01 7.924511e-01 0.000000e+00
    outer loop
      vertex -3.234451e-02 5.711271e-02 4.276554e-02
      vertex -2.475746e-02 5.127309e-02 4.776553e-02
      vertex -2.475746e-02 5.127309e-02 4.276554e-02
    endloop
  endfacet
  facet normal 9.326696e-01 3.607319e-01 0.000000e+00
    outer loop
      vertex -3.500872e-02 6.400101e-02 4.276554e-02
      vertex -3.234451e-02 5.711271e-02 4.776553e-02
      vertex -3.234451e-02 5.711271e-02 4.276554e-02
    endloop
  endfacet
  facet normal 0.000000e+00 1.000000e+00 0.000000e+00
    outer loop
      vertex -4.300872e-02 6.400101e-02 4.276554e-02
      vertex -3.500872e-02 6.400101e-02 4.776553e-02
      vertex -3.500872e-02 6.400101e-02 4.276554e-02
    endloop
  endfacet
  facet normal 0.000000e+00 1.000000e+00 0.000000e+00
    outer loop
      vertex -8.550872e-02 6.400101e-02 4.276554e-02
      vertex -4.300872e-02 6.400101e-02 4.776553e-02
      vertex -4.300872e-02 6.400101e-02 4.276554e-02
    endloop
  endfacet
  facet normal -7.071066e-01 7.071069e-01 0.000000e+00
    outer loop
      vertex -9.750872e-02 5.200101e-02 4.276554e-02
      vertex -8.550872e-02 6.400101e-02 4.776553e-02
      vertex -8.550872e-02 6.400101e-02 4.276554e-02
    endloop
  endfacet
  facet normal -1.000000e+00 0.000000e+00 0.000000e+00
    outer loop
      vertex -9.750872e-02 -5.199899e-02 4.276554e-02
      vertex -9.750872e-02 5.200101e-02 4.776553e-02
      vertex -9.750872e-02 5.200101e-02 4.276554e-02
    endloop
  endfacet
  facet normal -7.071069e-01 -7.071066e-01 0.000000e+00
    outer loop
      vertex -8.550872e-02 -6.399900e-02 4.276554e-02
      vertex -9.750872e-02 -5.199899e-02 4.776553e-02
      vertex -9.750872e-02 -5.199899e-02 4.276554e-02
    endloop
  endfacet
  facet normal 0.000000e+00 -1.000000e+00 0.000000e+00
    outer loop
      vertex -4.300872e-02 -6.399900e-02 4.276554e-02
      vertex -8.550872e-02 -6.399900e-02 4.776553e-02
      vertex -8.550872e-02 -6.399900e-02 4.276554e-02
    endloop
  endfacet
  facet normal 0.000000e+00 -1.000000e+00 0.000000e+00
    outer loop
      vertex -3.500872e-02 -6.399900e-02 4.276554e-02
      vertex -4.300872e-02 -6.399900e-02 4.776553e-02
      vertex -4.300872e-02 -6.399900e-02 4.276554e-02
    endloop
  endfacet
  facet normal 9.326696e-01 -3.607315e-01 0.000000e+00
    outer loop
      vertex -3.234451e-02 -5.711069e-02 4.276554e-02
      vertex -3.500872e-02 -6.399900e-02 4.776553e-02
      vertex -3.500872e-02 -6.399900e-02 4.276554e-02
    endloop
  endfacet
  facet normal 6.099355e-01 -7.924511e-01 0.000000e+00
    outer loop
      vertex -2.475746e-02 -5.127107e-02 4.276554e-02
      vertex -3.234451e-02 -5.711069e-02 4.776553e-02
      vertex -3.234451e-02 -5.711069e-02 4.276554e-02
    endloop
  endfacet
  facet normal 3.249826e-01 -9.457200e-01 0.000000e+00
    outer loop
      vertex -1.340264e-02 -4.736916e-02 4.276554e-02
      vertex -2.475746e-02 -5.127107e-02 4.776553e-02
      vertex -2.475746e-02 -5.127107e-02 4.276554e-02
    endloop
  endfacet
  facet normal 1.017665e-01 -9.948083e-01 0.000000e+00
    outer loop
      vertex -8.716616e-06 -4.599899e-02 4.276554e-02
      vertex -1.340264e-02 -4.736916e-02 4.776553e-02
      vertex -1.340264e-02 -4.736916e-02 4.276554e-02
    endloop
  endfacet
  facet normal -1.017665e-01 -9.948083e-01 0.000000e+00
    outer loop
      vertex 1.338520e-02 -4.736916e-02 4.276554e-02
      vertex -8.716616e-06 -4.599899e-02 4.776553e-02
      vertex -8.716616e-06 -4.599899e-02 4.276554e-02
    endloop
  endfacet
  facet normal -3.249826e-01 -9.457200e-01 0.000000e+00
    outer loop
      vertex 2.474002e-02 -5.127107e-02 4.276554e-02
      vertex 1.338520e-02 -4.736916e-02 4.776553e-02
      vertex 1.338520e-02 -4.736916e-02 4.276554e-02
    endloop
  endfacet
  facet normal -6.099355e-01 -7.924511e-01 0.000000e+00
    outer loop
      vertex 3.232707e-02 -5.711069e-02 4.276554e-02
      vertex 2.474002e-02 -5.127107e-02 4.776553e-02
      vertex 2.474002e-02 -5.127107e-02 4.276554e-02
    endloop
  endfacet
  facet normal -9.326696e-01 -3.607315e-01 0.000000e+00
    outer loop
      vertex 3.499128e-02 -6.399900e-02 4.276554e-02
      vertex 3.232707e-02 -5.711069e-02 4.776553e-02
      vertex 3.232707e-02 -5.711069e-02 4.276554e-02
    endloop
  endfacet
  facet normal 0.000000e+00 -1.000000e+00 0.000000e+00
    outer loop
      vertex 4.299128e-02 -6.399900e-02 4.276554e-02
      vertex 3.499128e-02 -6.399900e-02 4.776553e-02
      vertex 3.499128e-02 -6.399900e-02 4.276554e-02
    endloop
  endfacet
  facet normal 0.000000e+00 -1.000000e+00 0.000000e+00
    outer loop
      vertex 8.549128e-02 -6.399900e-02 4.276554e-02
      vertex 4.299128e-02 -6.399900e-02 4.776553e-02
      vertex 4.299128e-02 -6.399900e-02 4.276554e-02
    endloop
  endfacet
  facet normal 7.071069e-01 -7.071066e-01 0.000000e+00
    outer loop
      vertex 9.749129e-02 -5.199899e-02 4.276554e-02
      vertex 8.549128e-02 -6.399900e-02 4.776553e-02
      vertex 8.549128e-02 -6.399900e-02 4.276554e-02
    endloop
  endfacet
  facet normal 1.000000e+00 0.000000e+00 0.000000e+00
    outer loop
      vertex 9.749129e-02 5.200101e-02 4.276554e-02
      vertex 9.749129e-02 -5.199899e-02 4.776553e-02
      vertex 9.749129e-02 -5.199899e-02 4.276554e-02
    endloop
  endfacet
  facet normal 0.000000e+00 -0.000000e+00 -9.999999e-01
    outer loop
      vertex 9.749129e-02 5.200101e-02 4.276554e-02
      vertex 9.749129e-02 -5.199899e-02 4.276554e-02
      vertex 2.474002e-02 -5.127107e-02 4.276554e-02
    endloop
  endfacet
  facet normal 0.000000e+00 0.000000e+00 -1.000000e+00
    outer loop
      vertex 9.749129e-02 -5.199899e-02 4.276554e-02
      vertex 8.549128e-02 -6.399900e-02 4.276554e-02
      vertex 4.299128e-02 -6.399900e-02 4.276554e-02
    endloop
  endfacet
  facet normal 0.000000e+00 0.000000e+00 -1.000000e+00
    outer loop
      vertex 4.299128e-02 -6.399900e-02 4.276554e-02
      vertex 3.499128e-02 -6.399900e-02 4.276554e-02
      vertex 3.232707e-02 -5.711069e-02 4.276554e-02
    endloop
  endfacet
  facet normal 0.000000e+00 0.000000e+00 -1.000000e+00
    outer loop
      vertex 9.749129e-02 -5.199899e-02 4.276554e-02
      vertex 4.299128e-02 -6.399900e-02 4.276554e-02
      vertex 3.232707e-02 -5.711069e-02 4.276554e-02
    endloop
  endfacet
  facet normal 0.000000e+00 0.000000e+00 -9.999999e-01
    outer loop
      vertex 2.474002e-02 -5.127107e-02 4.276554e-02
      vertex 9.749129e-02 -5.199899e-02 4.276554e-02
      vertex 3.232707e-02 -5.711069e-02 4.276554e-02
    endloop
  endfacet
  facet normal 0.000000e+00 0.000000e+00 -1.000000e+00
    outer loop
      vertex 4.299128e-02 6.400101e-02 4.276554e-02
      vertex 8.549128e-02 6.400101e-02 4.276554e-02
      vertex 9.749129e-02 5.200101e-02 4.276554e-02
    endloop
  endfacet
  facet normal 0.000000e+00 0.000000e+00 -1.000000e+00
    outer loop
      vertex 3.232707e-02 5.711271e-02 4.276554e-02
      vertex 3.499128e-02 6.400101e-02 4.276554e-02
      vertex 4.299128e-02 6.400101e-02 4.276554e-02
    endloop
  endfacet
  facet normal 0.000000e+00 0.000000e+00 -9.999999e-01
    outer loop
      vertex 2.474002e-02 5.127309e-02 4.276554e-02
      vertex 3.232707e-02 5.711271e-02 4.276554e-02
      vertex 9.749129e-02 5.200101e-02 4.276554e-02
    endloop
  endfacet
  facet normal 0.000000e+00 0.000000e+00 -1.000000e+00
    outer loop
      vertex 3.232707e-02 5.711271e-02 4.276554e-02
      vertex 4.299128e-02 6.400101e-02 4.276554e-02
      vertex 9.749129e-02 5.200101e-02 4.276554e-02
    endloop
  endfacet
  facet normal 0.000000e+00 0.000000e+00 -1.000000e+00
    outer loop
      vertex 9.749129e-02 5.200101e-02 4.276554e-02
      vertex 2.474002e-02 -5.127107e-02 4.276554e-02
      vertex 2.474002e-02 5.127309e-02 4.276554e-02
    endloop
  endfacet
  facet normal 0.000000e+00 -0.000000e+00 -1.000000e+00
    outer loop
      vertex 2.474002e-02 5.127309e-02 4.276554e-02
      vertex 2.474002e-02 -5.127107e-02 4.276554e-02
      vertex 1.338520e-02 -4.736916e-02 4.276554e-02
    endloop
  endfacet
  facet normal 0.000000e+00 0.000000e+00 -9.999999e-01
    outer loop
      vertex 1.338520e-02 4.737118e-02 4.276554e-02
      vertex 2.474002e-02 5.127309e-02 4.276554e-02
      vertex 1.338520e-02 -4.736916e-02 4.276554e-02
    endloop
  endfacet
  facet normal 0.000000e+00 -0.000000e+00 -1.000000e+00
    outer loop
      vertex 1.338520e-02 4.737118e-02 4.276554e-02
      vertex 1.338520e-02 -4.736916e-02 4.276554e-02
      vertex -8.716616e-06 -4.599899e-02 4.276554e-02
    endloop
  endfacet
  facet normal 0.000000e+00 0.000000e+00 -1.000000e+00
    outer loop
      vertex -8.716616e-06 4.600101e-02 4.276554e-02
      vertex 1.338520e-02 4.737118e-02 4.276554e-02
      vertex -8.716616e-06 -4.599899e-02 4.276554e-02
    endloop
  endfacet
  facet normal 0.000000e+00 -0.000000e+00 -1.000000e+00
    outer loop
      vertex -8.716616e-06 4.600101e-02 4.276554e-02
      vertex -8.716616e-06 -4.599899e-02 4.276554e-02
      vertex -1.340264e-02 -4.736916e-02 4.276554e-02
    endloop
  endfacet
  facet normal 0.000000e+00 0.000000e+00 -1.000000e+00
    outer loop
      vertex -1.340264e-02 4.737118e-02 4.276554e-02
      vertex -8.716616e-06 4.600101e-02 4.276554e-02
      vertex -1.340264e-02 -4.736916e-02 4.276554e-02
    endloop
  endfacet
  facet normal 0.000000e+00 -0.000000e+00 -1.000000e+00
    outer loop
      vertex -1.340264e-02 4.737118e-02 4.276554e-02
      vertex -1.340264e-02 -4.736916e-02 4.276554e-02
      vertex -2.475746e-02 -5.127107e-02 4.276554e-02
    endloop
  endfacet
  facet normal 0.000000e+00 0.000000e+00 -1.000000e+00
    outer loop
      vertex -2.475746e-02 5.127309e-02 4.276554e-02
      vertex -1.340264e-02 4.737118e-02 4.276554e-02
      vertex -2.475746e-02 -5.127107e-02 4.276554e-02
    endloop
  endfacet
  facet normal 0.000000e+00 0.000000e+00 -1.000000e+00
    outer loop
      vertex -3.234451e-02 -5.711069e-02 4.276554e-02
      vertex -3.500872e-02 -6.399900e-02 4.276554e-02
      vertex -4.300872e-02 -6.399900e-02 4.276554e-02
    endloop
  endfacet
  facet normal -0.000000e+00 -0.000000e+00 -9.999999e-01
    outer loop
      vertex -2.475746e-02 5.127309e-02 4.276554e-02
      vertex -2.475746e-02 -5.127107e-02 4.276554e-02
      vertex -9.750872e-02 5.200101e-02 4.276554e-02
    endloop
  endfacet
  facet normal 0.000000e+00 0.000000e+00 -9.999999e-01
    outer loop
      vertex -2.475746e-02 -5.127107e-02 4.276554e-02
      vertex -3.234451e-02 -5.711069e-02 4.276554e-02
      vertex -9.750872e-02 -5.199899e-02 4.276554e-02
    endloop
  endfacet
  facet normal 0.000000e+00 0.000000e+00 -9.999999e-01
    outer loop
      vertex -9.750872e-02 5.200101e-02 4.276554e-02
      vertex -2.475746e-02 -5.127107e-02 4.276554e-02
      vertex -9.750872e-02 -5.199899e-02 4.276554e-02
    endloop
  endfacet
  facet normal 0.000000e+00 0.000000e+00 -1.000000e+00
    outer loop
      vertex -4.300872e-02 6.400101e-02 4.276554e-02
      vertex -3.500872e-02 6.400101e-02 4.276554e-02
      vertex -3.234451e-02 5.711271e-02 4.276554e-02
    endloop
  endfacet
  facet normal 0.000000e+00 -0.000000e+00 -9.999999e-01
    outer loop
      vertex -3.234451e-02 5.711271e-02 4.276554e-02
      vertex -2.475746e-02 5.127309e-02 4.276554e-02
      vertex -9.750872e-02 5.200101e-02 4.276554e-02
    endloop
  endfacet
  facet normal -0.000000e+00 0.000000e+00 -1.000000e+00
    outer loop
      vertex -3.234451e-02 -5.711069e-02 4.276554e-02
      vertex -4.300872e-02 -6.399900e-02 4.276554e-02
      vertex -9.750872e-02 -5.199899e-02 4.276554e-02
    endloop
  endfacet
  facet normal 0.000000e+00 0.000000e+00 -1.000000e+00
    outer loop
      vertex -4.300872e-02 -6.399900e-02 4.276554e-02
      vertex -8.550872e-02 -6.399900e-02 4.276554e-02
      vertex -9.750872e-02 -5.199899e-02 4.276554e-02
    endloop
  endfacet
  facet normal 0.000000e+00 0.000000e+00 -1.000000e+00
    outer loop
      vertex -9.750872e-02 5.200101e-02 4.276554e-02
      vertex -8.550872e-02 6.400101e-02 4.276554e-02
      vertex -4.300872e-02 6.400101e-02 4.276554e-02
    endloop
  endfacet
  facet normal 0.000000e+00 -0.000000e+00 9.999999e-01
    outer loop
      vertex 9.749129e-02 -5.199899e-02 4.776553e-02
      vertex 9.749129e-02 5.200101e-02 4.776553e-02
      vertex 2.474002e-02 5.127309e-02 4.776553e-02
    endloop
  endfacet
  facet normal 0.000000e+00 0.000000e+00 1.000000e+00
    outer loop
      vertex 9.749129e-02 5.200101e-02 4.776553e-02
      vertex 8.549128e-02 6.400101e-02 4.776553e-02
      vertex 4.299128e-02 6.400101e-02 4.776553e-02
    endloop
  endfacet
  facet normal 0.000000e+00 0.000000e+00 1.000000e+00
    outer loop
      vertex 4.299128e-02 6.400101e-02 4.776553e-02
      vertex 3.499128e-02 6.400101e-02 4.776553e-02
      vertex 3.232707e-02 5.711271e-02 4.776553e-02
    endloop
  endfacet
  facet normal 0.000000e+00 0.000000e+00 1.000000e+00
    outer loop
      vertex 9.749129e-02 5.200101e-02 4.776553e-02
      vertex 4.299128e-02 6.400101e-02 4.776553e-02
      vertex 3.232707e-02 5.711271e-02 4.776553e-02
    endloop
  endfacet
  facet normal 0.000000e+00 0.000000e+00 9.999999e-01
    outer loop
      vertex 2.474002e-02 5.127309e-02 4.776553e-02
      vertex 9.749129e-02 5.200101e-02 4.776553e-02
      vertex 3.232707e-02 5.711271e-02 4.776553e-02
    endloop
  endfacet
  facet normal 0.000000e+00 0.000000e+00 1.000000e+00
    outer loop
      vertex 4.299128e-02 -6.399900e-02 4.776553e-02
      vertex 8.549128e-02 -6.399900e-02 4.776553e-02
      vertex 9.749129e-02 -5.199899e-02 4.776553e-02
    endloop
  endfacet
  facet normal 0.000000e+00 0.000000e+00 1.000000e+00
    outer loop
      vertex 3.232707e-02 -5.711069e-02 4.776553e-02
      vertex 3.499128e-02 -6.399900e-02 4.776553e-02
      vertex 4.299128e-02 -6.399900e-02 4.776553e-02
    endloop
  endfacet
  facet normal 0.000000e+00 0.000000e+00 9.999999e-01
    outer loop
      vertex 2.474002e-02 -5.127107e-02 4.776553e-02
      vertex 3.232707e-02 -5.711069e-02 4.776553e-02
      vertex 9.749129e-02 -5.199899e-02 4.776553e-02
    endloop
  endfacet
  facet normal -0.000000e+00 0.000000e+00 1.000000e+00
    outer loop
      vertex 3.232707e-02 -5.711069e-02 4.776553e-02
      vertex 4.299128e-02 -6.399900e-02 4.776553e-02
      vertex 9.749129e-02 -5.199899e-02 4.776553e-02
    endloop
  endfacet
  facet normal 0.000000e+00 0.000000e+00 1.000000e+00
    outer loop
      vertex 9.749129e-02 -5.199899e-02 4.776553e-02
      vertex 2.474002e-02 5.127309e-02 4.776553e-02
      vertex 2.474002e-02 -5.127107e-02 4.776553e-02
    endloop
  endfacet
  facet normal 0.000000e+00 -0.000000e+00 1.000000e+00
    outer loop
      vertex 2.474002e-02 -5.127107e-02 4.776553e-02
      vertex 2.474002e-02 5.127309e-02 4.776553e-02
      vertex 1.338520e-02 4.737118e-02 4.776553e-02
    endloop
  endfacet
  facet normal -0.000000e+00 0.000000e+00 9.999999e-01
    outer loop
      vertex 1.338520e-02 -4.736916e-02 4.776553e-02
      vertex 2.474002e-02 -5.127107e-02 4.776553e-02
      vertex 1.338520e-02 4.737118e-02 4.776553e-02
    endloop
  endfacet
  facet normal 0.000000e+00 -0.000000e+00 1.000000e+00
    outer loop
      vertex 1.338520e-02 -4.736916e-02 4.776553e-02
      vertex 1.338520e-02 4.737118e-02 4.776553e-02
      vertex -8.716616e-06 4.600101e-02 4.776553e-02
    endloop
  endfacet
  facet normal -0.000000e+00 0.000000e+00 1.000000e+00
    outer loop
      vertex -8.716616e-06 -4.599899e-02 4.776553e-02
      vertex 1.338520e-02 -4.736916e-02 4.776553e-02
      vertex -8.716616e-06 4.600101e-02 4.776553e-02
    endloop
  endfacet
  facet normal 0.000000e+00 -0.000000e+00 1.000000e+00
    outer loop
      vertex -8.716616e-06 -4.599899e-02 4.776553e-02
      vertex -8.716616e-06 4.600101e-02 4.776553e-02
      vertex -1.340264e-02 4.737118e-02 4.776553e-02
    endloop
  endfacet
  facet normal 0.000000e+00 0.000000e+00 1.000000e+00
    outer loop
      vertex -1.340264e-02 -4.736916e-02 4.776553e-02
      vertex -8.716616e-06 -4.599899e-02 4.776553e-02
      vertex -1.340264e-02 4.737118e-02 4.776553e-02
    endloop
  endfacet
  facet normal 0.000000e+00 -0.000000e+00 1.000000e+00
    outer loop
      vertex -1.340264e-02 -4.736916e-02 4.776553e-02
      vertex -1.340264e-02 4.737118e-02 4.776553e-02
      vertex -2.475746e-02 5.127309e-02 4.776553e-02
    endloop
  endfacet
  facet normal 0.000000e+00 0.000000e+00 1.000000e+00
    outer loop
      vertex -2.475746e-02 -5.127107e-02 4.776553e-02
      vertex -1.340264e-02 -4.736916e-02 4.776553e-02
      vertex -2.475746e-02 5.127309e-02 4.776553e-02
    endloop
  endfacet
  facet normal 0.000000e+00 0.000000e+00 1.000000e+00
    outer loop
      vertex -3.234451e-02 5.711271e-02 4.776553e-02
      vertex -3.500872e-02 6.400101e-02 4.776553e-02
      vertex -4.300872e-02 6.400101e-02 4.776553e-02
    endloop
  endfacet
  facet normal 0.000000e+00 -0.000000e+00 9.999999e-01
    outer loop
      vertex -2.475746e-02 -5.127107e-02 4.776553e-02
      vertex -2.475746e-02 5.127309e-02 4.776553e-02
      vertex -9.750872e-02 -5.199899e-02 4.776553e-02
    endloop
  endfacet
  facet normal 0.000000e+00 0.000000e+00 9.999999e-01
    outer loop
      vertex -2.475746e-02 5.127309e-02 4.776553e-02
      vertex -3.234451e-02 5.711271e-02 4.776553e-02
      vertex -9.750872e-02 5.200101e-02 4.776553e-02
    endloop
  endfacet
  facet normal 0.000000e+00 0.000000e+00 9.999999e-01
    outer loop
      vertex -9.750872e-02 -5.199899e-02 4.776553e-02
      vertex -2.475746e-02 5.127309e-02 4.776553e-02
      vertex -9.750872e-02 5.200101e-02 4.776553e-02
    endloop
  endfacet
  facet normal 0.000000e+00 0.000000e+00 1.000000e+00
    outer loop
      vertex -4.300872e-02 -6.399900e-02 4.776553e-02
      vertex -3.500872e-02 -6.399900e-02 4.776553e-02
      vertex -3.234451e-02 -5.711069e-02 4.776553e-02
    endloop
  endfacet
  facet normal 0.000000e+00 -0.000000e+00 9.999999e-01
    outer loop
      vertex -3.234451e-02 -5.711069e-02 4.776553e-02
      vertex -2.475746e-02 -5.127107e-02 4.776553e-02
      vertex -9.750872e-02 -5.199899e-02 4.776553e-02
    endloop
  endfacet
  facet normal 0.000000e+00 0.000000e+00 1.000000e+00
    outer loop
      vertex -3.234451e-02 5.711271e-02 4.776553e-02
      vertex -4.300872e-02 6.400101e-02 4.776553e-02
      vertex -9.750872e-02 5.200101e-02 4.776553e-02
    endloop
  endfacet
  facet normal 0.000000e+00 0.000000e+00 1.000000e+00
    outer loop
      vertex -4.300872e-02 6.400101e-02 4.776553e-02
      vertex -8.550872e-02 6.400101e-02 4.776553e-02
      vertex -9.750872e-02 5.200101e-02 4.776553e-02
    endloop
  endfacet
  facet normal 0.000000e+00 0.000000e+00 1.000000e+00
    outer loop
      vertex -9.750872e-02 -5.199899e-02 4.776553e-02
      vertex -8.550872e-02 -6.399900e-02 4.776553e-02
      vertex -4.300872e-02 -6.399900e-02 4.776553e-02
    endloop
  endfacet
  facet normal 7.071066e-01 7.071069e-01 -0.000000e+00
    outer loop
      vertex 8.549128e-02 6.400101e-02 4.276554e-02
      vertex 8.549128e-02 6.400101e-02 4.776553e-02
      vertex 9.749129e-02 5.200101e-02 4.776553e-02
    endloop
  endfacet
  facet normal 0.000000e+00 1.000000e+00 0.000000e+00
    outer loop
      vertex 4.299128e-02 6.400101e-02 4.276554e-02
      vertex 4.299128e-02 6.400101e-02 4.776553e-02
      vertex 8.549128e-02 6.400101e-02 4.776553e-02
    endloop
  endfacet
  facet normal 0.000000e+00 1.000000e+00 0.000000e+00
    outer loop
      vertex 3.499128e-02 6.400101e-02 4.276554e-02
      vertex 3.499128e-02 6.400101e-02 4.776553e-02
      vertex 4.299128e-02 6.400101e-02 4.776553e-02
    endloop
  endfacet
  facet normal -9.326696e-01 3.607319e-01 0.000000e+00
    outer loop
      vertex 3.232707e-02 5.711271e-02 4.276554e-02
      vertex 3.232707e-02 5.711271e-02 4.776553e-02
      vertex 3.499128e-02 6.400101e-02 4.776553e-02
    endloop
  endfacet
  facet normal -6.099355e-01 7.924511e-01 0.000000e+00
    outer loop
      vertex 2.474002e-02 5.127309e-02 4.276554e-02
      vertex 2.474002e-02 5.127309e-02 4.776553e-02
      vertex 3.232707e-02 5.711271e-02 4.776553e-02
    endloop
  endfacet
  facet normal -3.249826e-01 9.457200e-01 0.000000e+00
    outer loop
      vertex 1.338520e-02 4.737118e-02 4.276554e-02
      vertex 1.338520e-02 4.737118e-02 4.776553e-02
      vertex 2.474002e-02 5.127309e-02 4.776553e-02
    endloop
  endfacet
  facet normal -1.017665e-01 9.948083e-01 0.000000e+00
    outer loop
      vertex -8.716616e-06 4.600101e-02 4.276554e-02
      vertex -8.716616e-06 4.600101e-02 4.776553e-02
      vertex 1.338520e-02 4.737118e-02 4.776553e-02
    endloop
  endfacet
  facet normal 1.017665e-01 9.948083e-01 -0.000000e+00
    outer loop
      vertex -1.340264e-02 4.737118e-02 4.276554e-02
      vertex -1.340264e-02 4.737118e-02 4.776553e-02
      vertex -8.716616e-06 4.600101e-02 4.776553e-02
    endloop
  endfacet
  facet normal 3.249826e-01 9.457200e-01 -0.000000e+00
    outer loop
      vertex -2.475746e-02 5.127309e-02 4.276554e-02
      vertex -2.475746e-02 5.127309e-02 4.776553e-02
      vertex -1.340264e-02 4.737118e-02 4.776553e-02
    endloop
  endfacet
  facet normal 6.099355e-01 7.924511e-01 -0.000000e+00
    outer loop
      vertex -3.234451e-02 5.711271e-02 4.276554e-02
      vertex -3.234451e-02 5.711271e-02 4.776553e-02
      vertex -2.475746e-02 5.127309e-02 4.776553e-02
    endloop
  endfacet
  facet normal 9.326696e-01 3.607319e-01 -0.000000e+00
    outer loop
      vertex -3.500872e-02 6.400101e-02 4.276554e-02
      vertex -3.500872e-02 6.400101e-02 4.776553e-02
      vertex -3.234451e-02 5.711271e-02 4.776553e-02
    endloop
  endfacet
  facet normal 0.000000e+00 1.000000e+00 0.000000e+00
    outer loop
      vertex -4.300872e-02 6.400101e-02 4.276554e-02
      vertex -4.300872e-02 6.400101e-02 4.776553e-02
      vertex -3.500872e-02 6.400101e-02 4.776553e-02
    endloop
  endfacet
  facet normal 0.000000e+00 1.000000e+00 0.000000e+00
    outer loop
      vertex -8.550872e-02 6.400101e-02 4.276554e-02
      vertex -8.550872e-02 6.400101e-02 4.776553e-02
      vertex -4.300872e-02 6.400101e-02 4.776553e-02
    endloop
  endfacet
  facet normal -7.071066e-01 7.071069e-01 0.000000e+00
    outer loop
      vertex -9.750872e-02 5.200101e-02 4.276554e-02
      vertex -9.750872e-02 5.200101e-02 4.776553e-02
      vertex -8.550872e-02 6.400101e-02 4.776553e-02
    endloop
  endfacet
  facet normal -1.000000e+00 0.000000e+00 0.000000e+00
    outer loop
      vertex -9.750872e-02 -5.199899e-02 4.276554e-02
      vertex -9.750872e-02 -5.199899e-02 4.776553e-02
      vertex -9.750872e-02 5.200101e-02 4.776553e-02
    endloop
  endfacet
  facet normal -7.071069e-01 -7.071066e-01 0.000000e+00
    outer loop
      vertex -8.550872e-02 -6.399900e-02 4.276554e-02
      vertex -8.550872e-02 -6.399900e-02 4.776553e-02
      vertex -9.750872e-02 -5.199899e-02 4.776553e-02
    endloop
  endfacet
  facet normal 0.000000e+00 -1.000000e+00 0.000000e+00
    outer loop
      vertex -4.300872e-02 -6.399900e-02 4.276554e-02
      vertex -4.300872e-02 -6.399900e-02 4.776553e-02
      vertex -8.550872e-02 -6.399900e-02 4.776553e-02
    endloop
  endfacet
  facet normal 0.000000e+00 -1.000000e+00 0.000000e+00
    outer loop
      vertex -3.500872e-02 -6.399900e-02 4.276554e-02
      vertex -3.500872e-02 -6.399900e-02 4.776553e-02
      vertex -4.300872e-02 -6.399900e-02 4.776553e-02
    endloop
  endfacet
  facet normal 9.326696e-01 -3.607315e-01 0.000000e+00
    outer loop
      vertex -3.234451e-02 -5.711069e-02 4.276554e-02
      vertex -3.234451e-02 -5.711069e-02 4.776553e-02
      vertex -3.500872e-02 -6.399900e-02 4.776553e-02
    endloop
  endfacet
  facet normal 6.099355e-01 -7.924511e-01 0.000000e+00
    outer loop
      vertex -2.475746e-02 -5.127107e-02 4.276554e-02
      vertex -2.475746e-02 -5.127107e-02 4.776553e-02
      vertex -3.234451e-02 -5.711069e-02 4.776553e-02
    endloop
  endfacet
  facet normal 3.249826e-01 -9.457200e-01 0.000000e+00
    outer loop
      vertex -1.340264e-02 -4.736916e-02 4.276554e-02
      vertex -1.340264e-02 -4.736916e-02 4.776553e-02
      vertex -2.475746e-02 -5.127107e-02 4.776553e-02
    endloop
  endfacet
  facet normal 1.017665e-01 -9.948083e-01 0.000000e+00
    outer loop
      vertex -8.716616e-06 -4.599899e-02 4.276554e-02
      vertex -8.716616e-06 -4.599899e-02 4.776553e-02
      vertex -1.340264e-02 -4.736916e-02 4.776553e-02
    endloop
  endfacet
  facet normal -1.017665e-01 -9.948083e-01 0.000000e+00
    outer loop
      vertex 1.338520e-02 -4.736916e-02 4.276554e-02
      vertex 1.338520e-02 -4.736916e-02 4.776553e-02
      vertex -8.716616e-06 -4.599899e-02 4.776553e-02
    endloop
  endfacet
  facet normal -3.249826e-01 -9.457200e-01 0.000000e+00
    outer loop
      vertex 2.474002e-02 -5.127107e-02 4.276554e-02
      vertex 2.474002e-02 -5.127107e-02 4.776553e-02
      vertex 1.338520e-02 -4.736916e-02 4.776553e-02
    endloop
  endfacet
  facet normal -6.099355e-01 -7.924511e-01 0.000000e+00
    outer loop
      vertex 3.232707e-02 -5.711069e-02 4.276554e-02
      vertex 3.232707e-02 -5.711069e-02 4.776553e-02
      vertex 2.474002e-02 -5.127107e-02 4.776553e-02
    endloop
  endfacet
  facet normal -9.326696e-01 -3.607315e-01 0.000000e+00
    outer loop
      vertex 3.499128e-02 -6.399900e-02 4.276554e-02
      vertex 3.499128e-02 -6.399900e-02 4.776553e-02
      vertex 3.232707e-02 -5.711069e-02 4.776553e-02
    endloop
  endfacet
  facet normal 0.000000e+00 -1.000000e+00 0.000000e+00
    outer loop
      vertex 4.299128e-02 -6.399900e-02 4.276554e-02
      vertex 4.299128e-02 -6.399900e-02 4.776553e-02
      vertex 3.499128e-02 -6.399900e-02 4.776553e-02
    endloop
  endfacet
  facet normal 0.000000e+00 -1.000000e+00 0.000000e+00
    outer loop
      vertex 8.549128e-02 -6.399900e-02 4.276554e-02
      vertex 8.549128e-02 -6.399900e-02 4.776553e-02
      vertex 4.299128e-02 -6.399900e-02 4.776553e-02
    endloop
  endfacet
  facet normal 7.071069e-01 -7.071066e-01 0.000000e+00
    outer loop
      vertex 9.749129e-02 -5.199899e-02 4.276554e-02
      vertex 9.749129e-02 -5.199899e-02 4.776553e-02
      vertex 8.549128e-02 -6.399900e-02 4.776553e-02
    endloop
  endfacet
  facet normal 1.000000e+00 0.000000e+00 -0.000000e+00
    outer loop
      vertex 9.749129e-02 5.200101e-02 4.276554e-02
      vertex 9.749129e-02 5.200101e-02 4.776553e-02
      vertex 9.749129e-02 -5.199899e-02 4.776553e-02
    endloop
  endfacet
  facet normal 9.801736e-02 -0.000000e+00 9.951847e-01
    outer loop
      vertex 6.749129e-02 2.300101e-02 -9.734470e-03
      vertex 6.992991e-02 6.300101e-02 -9.974655e-03
      vertex 6.749129e-02 6.300101e-02 -9.734470e-03
    endloop
  endfacet
  facet normal 2.902838e-01 -0.000000e+00 9.569406e-01
    outer loop
      vertex 6.992991e-02 2.300101e-02 -9.974655e-03
      vertex 7.227483e-02 6.300101e-02 -1.068598e-02
      vertex 6.992991e-02 6.300101e-02 -9.974655e-03
    endloop
  endfacet
  facet normal 4.713964e-01 -0.000000e+00 8.819214e-01
    outer loop
      vertex 7.227483e-02 2.300101e-02 -1.068598e-02
      vertex 7.443591e-02 6.300101e-02 -1.184110e-02
      vertex 7.227483e-02 6.300101e-02 -1.068598e-02
    endloop
  endfacet
  facet normal 6.343925e-01 -7.199227e-08 7.730111e-01
    outer loop
      vertex 7.443591e-02 2.300101e-02 -1.184110e-02
      vertex 7.633013e-02 6.300101e-02 -1.339563e-02
      vertex 7.443591e-02 6.300101e-02 -1.184110e-02
    endloop
  endfacet
  facet normal 7.730106e-01 -5.908246e-08 6.343931e-01
    outer loop
      vertex 7.633013e-02 2.300101e-02 -1.339564e-02
      vertex 7.788466e-02 6.300101e-02 -1.528984e-02
      vertex 7.633013e-02 6.300101e-02 -1.339563e-02
    endloop
  endfacet
  facet normal 8.819215e-01 -4.390221e-08 4.713964e-01
    outer loop
      vertex 7.788466e-02 2.300101e-02 -1.528984e-02
      vertex 7.903978e-02 6.300101e-02 -1.745092e-02
      vertex 7.788466e-02 6.300101e-02 -1.528984e-02
    endloop
  endfacet
  facet normal 9.569412e-01 -0.000000e+00 2.902819e-01
    outer loop
      vertex 7.903978e-02 2.300101e-02 -1.745092e-02
      vertex 7.975110e-02 6.300101e-02 -1.979584e-02
      vertex 7.903978e-02 6.300101e-02 -1.745092e-02
    endloop
  endfacet
  facet normal 9.951844e-01 -0.000000e+00 9.802023e-02
    outer loop
      vertex 7.975110e-02 2.300101e-02 -1.979584e-02
      vertex 7.999129e-02 6.300101e-02 -2.223447e-02
      vertex 7.975110e-02 6.300101e-02 -1.979584e-02
    endloop
  endfacet
  facet normal 9.951844e-01 0.000000e+00 -9.802030e-02
    outer loop
      vertex 7.999129e-02 2.300101e-02 -2.223447e-02
      vertex 7.975110e-02 6.300101e-02 -2.467310e-02
      vertex 7.999129e-02 6.300101e-02 -2.223447e-02
    endloop
  endfacet
  facet normal 9.569412e-01 0.000000e+00 -2.902819e-01
    outer loop
      vertex 7.975110e-02 2.300101e-02 -2.467310e-02
      vertex 7.903978e-02 6.300101e-02 -2.701801e-02
      vertex 7.975110e-02 6.300101e-02 -2.467310e-02
    endloop
  endfacet
  facet normal 8.819215e-01 2.195111e-08 -4.713964e-01
    outer loop
      vertex 7.903978e-02 2.300101e-02 -2.701801e-02
      vertex 7.788466e-02 6.300101e-02 -2.917910e-02
      vertex 7.903978e-02 6.300101e-02 -2.701801e-02
    endloop
  endfacet
  facet normal 7.730103e-01 2.954125e-08 -6.343935e-01
    outer loop
      vertex 7.788466e-02 2.300101e-02 -2.917910e-02
      vertex 7.633013e-02 6.300101e-02 -3.107330e-02
      vertex 7.788466e-02 6.300101e-02 -2.917910e-02
    endloop
  endfacet
  facet normal 6.343915e-01 7.199234e-08 -7.730118e-01
    outer loop
      vertex 7.633013e-02 2.300101e-02 -3.107331e-02
      vertex 7.443591e-02 6.300101e-02 -3.262784e-02
      vertex 7.633013e-02 6.300101e-02 -3.107330e-02
    endloop
  endfacet
  facet normal 4.713988e-01 1.642704e-07 -8.819202e-01
    outer loop
      vertex 7.443591e-02 2.300101e-02 -3.262784e-02
      vertex 7.227483e-02 6.300101e-02 -3.378296e-02
      vertex 7.443591e-02 6.300101e-02 -3.262784e-02
    endloop
  endfacet
  facet normal 2.902838e-01 8.912203e-08 -9.569406e-01
    outer loop
      vertex 7.227483e-02 2.300101e-02 -3.378297e-02
      vertex 6.992991e-02 6.300101e-02 -3.449428e-02
      vertex 7.227483e-02 6.300101e-02 -3.378296e-02
    endloop
  endfacet
  facet normal 9.801888e-02 0.000000e+00 -9.951845e-01
    outer loop
      vertex 6.992991e-02 2.300101e-02 -3.449428e-02
      vertex 6.749129e-02 6.300101e-02 -3.473447e-02
      vertex 6.992991e-02 6.300101e-02 -3.449428e-02
    endloop
  endfacet
  facet normal -9.801888e-02 0.000000e+00 -9.951845e-01
    outer loop
      vertex 6.749129e-02 2.300101e-02 -3.473447e-02
      vertex 6.505266e-02 6.300101e-02 -3.449428e-02
      vertex 6.749129e-02 6.300101e-02 -3.473447e-02
    endloop
  endfacet
  facet normal -2.902847e-01 0.000000e+00 -9.569404e-01
    outer loop
      vertex 6.505266e-02 2.300101e-02 -3.449428e-02
      vertex 6.270774e-02 6.300101e-02 -3.378296e-02
      vertex 6.505266e-02 6.300101e-02 -3.449428e-02
    endloop
  endfacet
  facet normal -4.713969e-01 8.213532e-08 -8.819212e-01
    outer loop
      vertex 6.270774e-02 2.300101e-02 -3.378297e-02
      vertex 6.054666e-02 6.300101e-02 -3.262784e-02
      vertex 6.270774e-02 6.300101e-02 -3.378296e-02
    endloop
  endfacet
  facet normal -6.343931e-01 1.439844e-07 -7.730106e-01
    outer loop
      vertex 6.054666e-02 2.300101e-02 -3.262784e-02
      vertex 5.865245e-02 6.300101e-02 -3.107330e-02
      vertex 6.054666e-02 6.300101e-02 -3.262784e-02
    endloop
  endfacet
  facet normal -7.730103e-01 3.015658e-08 -6.343935e-01
    outer loop
      vertex 5.865245e-02 6.300101e-02 -3.107330e-02
      vertex 5.709792e-02 2.300101e-02 -2.917910e-02
      vertex 5.709792e-02 6.300101e-02 -2.917910e-02
    endloop
  endfacet
  facet normal -8.819215e-01 2.195110e-08 -4.713964e-01
    outer loop
      vertex 5.709792e-02 2.300101e-02 -2.917910e-02
      vertex 5.594279e-02 6.300101e-02 -2.701801e-02
      vertex 5.709792e-02 6.300101e-02 -2.917910e-02
    endloop
  endfacet
  facet normal -9.569404e-01 1.351743e-08 -2.902847e-01
    outer loop
      vertex 5.594279e-02 2.300101e-02 -2.701801e-02
      vertex 5.523147e-02 6.300101e-02 -2.467310e-02
      vertex 5.594279e-02 6.300101e-02 -2.701801e-02
    endloop
  endfacet
  facet normal -9.951847e-01 0.000000e+00 -9.801729e-02
    outer loop
      vertex 5.523147e-02 2.300101e-02 -2.467310e-02
      vertex 5.499129e-02 6.300101e-02 -2.223447e-02
      vertex 5.523147e-02 6.300101e-02 -2.467310e-02
    endloop
  endfacet
  facet normal -9.951848e-01 0.000000e+00 9.801722e-02
    outer loop
      vertex 5.499129e-02 2.300101e-02 -2.223447e-02
      vertex 5.523147e-02 6.300101e-02 -1.979584e-02
      vertex 5.499129e-02 6.300101e-02 -2.223447e-02
    endloop
  endfacet
  facet normal -9.569404e-01 0.000000e+00 2.902847e-01
    outer loop
      vertex 5.523147e-02 2.300101e-02 -1.979584e-02
      vertex 5.594279e-02 6.300101e-02 -1.745092e-02
      vertex 5.523147e-02 6.300101e-02 -1.979584e-02
    endloop
  endfacet
  facet normal -8.819215e-01 0.000000e+00 4.713964e-01
    outer loop
      vertex 5.594279e-02 2.300101e-02 -1.745092e-02
      vertex 5.709792e-02 6.300101e-02 -1.528984e-02
      vertex 5.594279e-02 6.300101e-02 -1.745092e-02
    endloop
  endfacet
  facet normal -7.730106e-01 -5.908246e-08 6.343930e-01
    outer loop
      vertex 5.709792e-02 2.300101e-02 -1.528984e-02
      vertex 5.865245e-02 6.300101e-02 -1.339563e-02
      vertex 5.709792e-02 6.300101e-02 -1.528984e-02
    endloop
  endfacet
  facet normal -6.343940e-01 -7.199215e-08 7.730098e-01
    outer loop
      vertex 5.865245e-02 2.300101e-02 -1.339564e-02
      vertex 6.054666e-02 6.300101e-02 -1.184110e-02
      vertex 5.865245e-02 6.300101e-02 -1.339563e-02
    endloop
  endfacet
  facet normal -4.713946e-01 -8.213543e-08 8.819225e-01
    outer loop
      vertex 6.054666e-02 2.300101e-02 -1.184110e-02
      vertex 6.270774e-02 6.300101e-02 -1.068598e-02
      vertex 6.054666e-02 6.300101e-02 -1.184110e-02
    endloop
  endfacet
  facet normal 0.000000e+00 -1.000000e+00 0.000000e+00
    outer loop
      vertex 7.227483e-02 2.300101e-02 -1.068598e-02
      vertex 5.594279e-02 2.300101e-02 -1.745092e-02
      vertex 6.270774e-02 2.300101e-02 -3.378297e-02
    endloop
  endfacet
  facet normal -2.902847e-01 0.000000e+00 9.569404e-01
    outer loop
      vertex 6.270774e-02 2.300101e-02 -1.068598e-02
      vertex 6.505266e-02 6.300101e-02 -9.974655e-03
      vertex 6.270774e-02 6.300101e-02 -1.068598e-02
    endloop
  endfacet
  facet normal -9.801736e-02 0.000000e+00 9.951847e-01
    outer loop
      vertex 6.505266e-02 2.300101e-02 -9.974655e-03
      vertex 6.749129e-02 6.300101e-02 -9.734470e-03
      vertex 6.505266e-02 6.300101e-02 -9.974655e-03
    endloop
  endfacet
  facet normal 0.000000e+00 1.000000e+00 0.000000e+00
    outer loop
      vertex 7.975110e-02 6.300101e-02 -1.979584e-02
      vertex 6.992991e-02 6.300101e-02 -3.449428e-02
      vertex 5.523147e-02 6.300101e-02 -2.467310e-02
    endloop
  endfacet
  facet normal 9.801736e-02 0.000000e+00 9.951847e-01
    outer loop
      vertex 6.749129e-02 2.300101e-02 -9.734470e-03
      vertex 6.992991e-02 2.300101e-02 -9.974655e-03
      vertex 6.992991e-02 6.300101e-02 -9.974655e-03
    endloop
  endfacet
  facet normal 2.902838e-01 0.000000e+00 9.569406e-01
    outer loop
      vertex 6.992991e-02 2.300101e-02 -9.974655e-03
      vertex 7.227483e-02 2.300101e-02 -1.068598e-02
      vertex 7.227483e-02 6.300101e-02 -1.068598e-02
    endloop
  endfacet
  facet normal 4.713976e-01 -8.119090e-08 8.819208e-01
    outer loop
      vertex 7.227483e-02 2.300101e-02 -1.068598e-02
      vertex 7.443591e-02 2.300101e-02 -1.184110e-02
      vertex 7.443591e-02 6.300101e-02 -1.184110e-02
    endloop
  endfacet
  facet normal 6.343925e-01 -7.191156e-08 7.730111e-01
    outer loop
      vertex 7.443591e-02 2.300101e-02 -1.184110e-02
      vertex 7.633013e-02 2.300101e-02 -1.339564e-02
      vertex 7.633013e-02 6.300101e-02 -1.339563e-02
    endloop
  endfacet
  facet normal 7.730106e-01 -6.031313e-08 6.343931e-01
    outer loop
      vertex 7.633013e-02 2.300101e-02 -1.339564e-02
      vertex 7.788466e-02 2.300101e-02 -1.528984e-02
      vertex 7.788466e-02 6.300101e-02 -1.528984e-02
    endloop
  endfacet
  facet normal 8.819211e-01 0.000000e+00 4.713970e-01
    outer loop
      vertex 7.788466e-02 2.300101e-02 -1.528984e-02
      vertex 7.903978e-02 2.300101e-02 -1.745092e-02
      vertex 7.903978e-02 6.300101e-02 -1.745092e-02
    endloop
  endfacet
  facet normal 9.569412e-01 0.000000e+00 2.902819e-01
    outer loop
      vertex 7.903978e-02 2.300101e-02 -1.745092e-02
      vertex 7.975110e-02 2.300101e-02 -1.979584e-02
      vertex 7.975110e-02 6.300101e-02 -1.979584e-02
    endloop
  endfacet
  facet normal 9.951844e-01 0.000000e+00 9.802023e-02
    outer loop
      vertex 7.975110e-02 2.300101e-02 -1.979584e-02
      vertex 7.999129e-02 2.300101e-02 -2.223447e-02
      vertex 7.999129e-02 6.300101e-02 -2.223447e-02
    endloop
  endfacet
  facet normal 9.951844e-01 0.000000e+00 -9.802030e-02
    outer loop
      vertex 7.999129e-02 2.300101e-02 -2.223447e-02
      vertex 7.975110e-02 2.300101e-02 -2.467310e-02
      vertex 7.975110e-02 6.300101e-02 -2.467310e-02
    endloop
  endfacet
  facet normal 9.569413e-01 1.391841e-08 -2.902817e-01
    outer loop
      vertex 7.975110e-02 2.300101e-02 -2.467310e-02
      vertex 7.903978e-02 2.300101e-02 -2.701801e-02
      vertex 7.903978e-02 6.300101e-02 -2.701801e-02
    endloop
  endfacet
  facet normal 8.819215e-01 2.087761e-08 -4.713964e-01
    outer loop
      vertex 7.903978e-02 2.300101e-02 -2.701801e-02
      vertex 7.788466e-02 2.300101e-02 -2.917910e-02
      vertex 7.788466e-02 6.300101e-02 -2.917910e-02
    endloop
  endfacet
  facet normal 7.730106e-01 6.031313e-08 -6.343931e-01
    outer loop
      vertex 7.788466e-02 2.300101e-02 -2.917910e-02
      vertex 7.633013e-02 2.300101e-02 -3.107331e-02
      vertex 7.633013e-02 6.300101e-02 -3.107330e-02
    endloop
  endfacet
  facet normal 6.343925e-01 1.438231e-07 -7.730111e-01
    outer loop
      vertex 7.633013e-02 2.300101e-02 -3.107331e-02
      vertex 7.443591e-02 2.300101e-02 -3.262784e-02
      vertex 7.443591e-02 6.300101e-02 -3.262784e-02
    endloop
  endfacet
  facet normal 4.713976e-01 8.119090e-08 -8.819208e-01
    outer loop
      vertex 7.443591e-02 2.300101e-02 -3.262784e-02
      vertex 7.227483e-02 2.300101e-02 -3.378297e-02
      vertex 7.227483e-02 6.300101e-02 -3.378296e-02
    endloop
  endfacet
  facet normal 2.902824e-01 0.000000e+00 -9.569410e-01
    outer loop
      vertex 7.227483e-02 2.300101e-02 -3.378297e-02
      vertex 6.992991e-02 2.300101e-02 -3.449428e-02
      vertex 6.992991e-02 6.300101e-02 -3.449428e-02
    endloop
  endfacet
  facet normal 9.801888e-02 0.000000e+00 -9.951845e-01
    outer loop
      vertex 6.992991e-02 2.300101e-02 -3.449428e-02
      vertex 6.749129e-02 2.300101e-02 -3.473447e-02
      vertex 6.749129e-02 6.300101e-02 -3.473447e-02
    endloop
  endfacet
  facet normal -9.801888e-02 0.000000e+00 -9.951845e-01
    outer loop
      vertex 6.749129e-02 2.300101e-02 -3.473447e-02
      vertex 6.505266e-02 2.300101e-02 -3.449428e-02
      vertex 6.505266e-02 6.300101e-02 -3.449428e-02
    endloop
  endfacet
  facet normal -2.902833e-01 8.930979e-08 -9.569407e-01
    outer loop
      vertex 6.505266e-02 2.300101e-02 -3.449428e-02
      vertex 6.270774e-02 2.300101e-02 -3.378297e-02
      vertex 6.270774e-02 6.300101e-02 -3.378296e-02
    endloop
  endfacet
  facet normal -4.713957e-01 1.647009e-07 -8.819218e-01
    outer loop
      vertex 6.270774e-02 2.300101e-02 -3.378297e-02
      vertex 6.054666e-02 2.300101e-02 -3.262784e-02
      vertex 6.054666e-02 6.300101e-02 -3.262784e-02
    endloop
  endfacet
  facet normal -6.343940e-01 7.191174e-08 -7.730098e-01
    outer loop
      vertex 6.054666e-02 2.300101e-02 -3.262784e-02
      vertex 5.865245e-02 2.300101e-02 -3.107331e-02
      vertex 5.865245e-02 6.300101e-02 -3.107330e-02
    endloop
  endfacet
  facet normal -7.730106e-01 5.908246e-08 -6.343931e-01
    outer loop
      vertex 5.865245e-02 6.300101e-02 -3.107330e-02
      vertex 5.865245e-02 2.300101e-02 -3.107331e-02
      vertex 5.709792e-02 2.300101e-02 -2.917910e-02
    endloop
  endfacet
  facet normal -8.819215e-01 2.319734e-08 -4.713964e-01
    outer loop
      vertex 5.709792e-02 2.300101e-02 -2.917910e-02
      vertex 5.594279e-02 2.300101e-02 -2.701801e-02
      vertex 5.594279e-02 6.300101e-02 -2.701801e-02
    endloop
  endfacet
  facet normal -9.569405e-01 0.000000e+00 -2.902845e-01
    outer loop
      vertex 5.594279e-02 2.300101e-02 -2.701801e-02
      vertex 5.523147e-02 2.300101e-02 -2.467310e-02
      vertex 5.523147e-02 6.300101e-02 -2.467310e-02
    endloop
  endfacet
  facet normal -9.951847e-01 0.000000e+00 -9.801729e-02
    outer loop
      vertex 5.523147e-02 2.300101e-02 -2.467310e-02
      vertex 5.499129e-02 2.300101e-02 -2.223447e-02
      vertex 5.499129e-02 6.300101e-02 -2.223447e-02
    endloop
  endfacet
  facet normal -9.951848e-01 0.000000e+00 9.801722e-02
    outer loop
      vertex 5.499129e-02 2.300101e-02 -2.223447e-02
      vertex 5.523147e-02 2.300101e-02 -1.979584e-02
      vertex 5.523147e-02 6.300101e-02 -1.979584e-02
    endloop
  endfacet
  facet normal -9.569404e-01 0.000000e+00 2.902847e-01
    outer loop
      vertex 5.523147e-02 2.300101e-02 -1.979584e-02
      vertex 5.594279e-02 2.300101e-02 -1.745092e-02
      vertex 5.594279e-02 6.300101e-02 -1.745092e-02
    endloop
  endfacet
  facet normal -8.819211e-01 -4.407500e-08 4.713970e-01
    outer loop
      vertex 5.594279e-02 2.300101e-02 -1.745092e-02
      vertex 5.709792e-02 2.300101e-02 -1.528984e-02
      vertex 5.709792e-02 6.300101e-02 -1.528984e-02
    endloop
  endfacet
  facet normal -7.730106e-01 -5.799339e-08 6.343931e-01
    outer loop
      vertex 5.709792e-02 2.300101e-02 -1.528984e-02
      vertex 5.865245e-02 2.300101e-02 -1.339564e-02
      vertex 5.865245e-02 6.300101e-02 -1.339563e-02
    endloop
  endfacet
  facet normal -6.343940e-01 -7.191174e-08 7.730098e-01
    outer loop
      vertex 5.865245e-02 2.300101e-02 -1.339564e-02
      vertex 6.054666e-02 2.300101e-02 -1.184110e-02
      vertex 6.054666e-02 6.300101e-02 -1.184110e-02
    endloop
  endfacet
  facet normal -4.713957e-01 0.000000e+00 8.819218e-01
    outer loop
      vertex 6.054666e-02 2.300101e-02 -1.184110e-02
      vertex 6.270774e-02 2.300101e-02 -1.068598e-02
      vertex 6.270774e-02 6.300101e-02 -1.068598e-02
    endloop
  endfacet
  facet normal 0.000000e+00 -1.000000e+00 0.000000e+00
    outer loop
      vertex 7.227483e-02 2.300101e-02 -1.068598e-02
      vertex 6.992991e-02 2.300101e-02 -9.974655e-03
      vertex 6.270774e-02 2.300101e-02 -1.068598e-02
    endloop
  endfacet
  facet normal -0.000000e+00 -1.000000e+00 0.000000e+00
    outer loop
      vertex 6.992991e-02 2.300101e-02 -9.974655e-03
      vertex 6.749129e-02 2.300101e-02 -9.734470e-03
      vertex 6.270774e-02 2.300101e-02 -1.068598e-02
    endloop
  endfacet
  facet normal 0.000000e+00 -1.000000e+00 0.000000e+00
    outer loop
      vertex 6.749129e-02 2.300101e-02 -9.734470e-03
      vertex 6.505266e-02 2.300101e-02 -9.974655e-03
      vertex 6.270774e-02 2.300101e-02 -1.068598e-02
    endloop
  endfacet
  facet normal 0.000000e+00 -1.000000e+00 0.000000e+00
    outer loop
      vertex 6.270774e-02 2.300101e-02 -1.068598e-02
      vertex 6.054666e-02 2.300101e-02 -1.184110e-02
      vertex 5.594279e-02 2.300101e-02 -1.745092e-02
    endloop
  endfacet
  facet normal 0.000000e+00 -1.000000e+00 0.000000e+00
    outer loop
      vertex 6.054666e-02 2.300101e-02 -1.184110e-02
      vertex 5.865245e-02 2.300101e-02 -1.339564e-02
      vertex 5.594279e-02 2.300101e-02 -1.745092e-02
    endloop
  endfacet
  facet normal 0.000000e+00 -1.000000e+00 0.000000e+00
    outer loop
      vertex 5.865245e-02 2.300101e-02 -1.339564e-02
      vertex 5.709792e-02 2.300101e-02 -1.528984e-02
      vertex 5.594279e-02 2.300101e-02 -1.745092e-02
    endloop
  endfacet
  facet normal 0.000000e+00 -1.000000e+00 0.000000e+00
    outer loop
      vertex 5.594279e-02 2.300101e-02 -1.745092e-02
      vertex 5.523147e-02 2.300101e-02 -1.979584e-02
      vertex 5.499129e-02 2.300101e-02 -2.223447e-02
    endloop
  endfacet
  facet normal 0.000000e+00 -1.000000e+00 0.000000e+00
    outer loop
      vertex 5.499129e-02 2.300101e-02 -2.223447e-02
      vertex 5.523147e-02 2.300101e-02 -2.467310e-02
      vertex 5.594279e-02 2.300101e-02 -1.745092e-02
    endloop
  endfacet
  facet normal 0.000000e+00 -1.000000e+00 0.000000e+00
    outer loop
      vertex 5.523147e-02 2.300101e-02 -2.467310e-02
      vertex 5.594279e-02 2.300101e-02 -2.701801e-02
      vertex 5.594279e-02 2.300101e-02 -1.745092e-02
    endloop
  endfacet
  facet normal 0.000000e+00 -1.000000e+00 0.000000e+00
    outer loop
      vertex 5.594279e-02 2.300101e-02 -2.701801e-02
      vertex 5.709792e-02 2.300101e-02 -2.917910e-02
      vertex 5.865245e-02 2.300101e-02 -3.107331e-02
    endloop
  endfacet
  facet normal 0.000000e+00 -1.000000e+00 0.000000e+00
    outer loop
      vertex 5.865245e-02 2.300101e-02 -3.107331e-02
      vertex 6.054666e-02 2.300101e-02 -3.262784e-02
      vertex 6.270774e-02 2.300101e-02 -3.378297e-02
    endloop
  endfacet
  facet normal 0.000000e+00 -1.000000e+00 0.000000e+00
    outer loop
      vertex 6.270774e-02 2.300101e-02 -3.378297e-02
      vertex 6.505266e-02 2.300101e-02 -3.449428e-02
      vertex 6.749129e-02 2.300101e-02 -3.473447e-02
    endloop
  endfacet
  facet normal 0.000000e+00 -1.000000e+00 0.000000e+00
    outer loop
      vertex 6.749129e-02 2.300101e-02 -3.473447e-02
      vertex 6.992991e-02 2.300101e-02 -3.449428e-02
      vertex 6.270774e-02 2.300101e-02 -3.378297e-02
    endloop
  endfacet
  facet normal 0.000000e+00 -1.000000e+00 0.000000e+00
    outer loop
      vertex 6.992991e-02 2.300101e-02 -3.449428e-02
      vertex 7.227483e-02 2.300101e-02 -3.378297e-02
      vertex 6.270774e-02 2.300101e-02 -3.378297e-02
    endloop
  endfacet
  facet normal 0.000000e+00 -1.000000e+00 0.000000e+00
    outer loop
      vertex 7.227483e-02 2.300101e-02 -3.378297e-02
      vertex 7.443591e-02 2.300101e-02 -3.262784e-02
      vertex 7.903978e-02 2.300101e-02 -2.701801e-02
    endloop
  endfacet
  facet normal 0.000000e+00 -1.000000e+00 0.000000e+00
    outer loop
      vertex 7.443591e-02 2.300101e-02 -3.262784e-02
      vertex 7.633013e-02 2.300101e-02 -3.107331e-02
      vertex 7.903978e-02 2.300101e-02 -2.701801e-02
    endloop
  endfacet
  facet normal 0.000000e+00 -1.000000e+00 0.000000e+00
    outer loop
      vertex 7.633013e-02 2.300101e-02 -3.107331e-02
      vertex 7.788466e-02 2.300101e-02 -2.917910e-02
      vertex 7.903978e-02 2.300101e-02 -2.701801e-02
    endloop
  endfacet
  facet normal 0.000000e+00 -1.000000e+00 0.000000e+00
    outer loop
      vertex 7.903978e-02 2.300101e-02 -2.701801e-02
      vertex 7.975110e-02 2.300101e-02 -2.467310e-02
      vertex 7.903978e-02 2.300101e-02 -1.745092e-02
    endloop
  endfacet
  facet normal 0.000000e+00 -1.000000e+00 0.000000e+00
    outer loop
      vertex 7.975110e-02 2.300101e-02 -2.467310e-02
      vertex 7.999129e-02 2.300101e-02 -2.223447e-02
      vertex 7.975110e-02 2.300101e-02 -1.979584e-02
    endloop
  endfacet
  facet normal 0.000000e+00 -1.000000e+00 0.000000e+00
    outer loop
      vertex 7.903978e-02 2.300101e-02 -1.745092e-02
      vertex 7.975110e-02 2.300101e-02 -2.467310e-02
      vertex 7.975110e-02 2.300101e-02 -1.979584e-02
    endloop
  endfacet
  facet normal 0.000000e+00 -1.000000e+00 0.000000e+00
    outer loop
      vertex 7.903978e-02 2.300101e-02 -1.745092e-02
      vertex 7.788466e-02 2.300101e-02 -1.528984e-02
      vertex 7.633013e-02 2.300101e-02 -1.339564e-02
    endloop
  endfacet
  facet normal -0.000000e+00 -1.000000e+00 -0.000000e+00
    outer loop
      vertex 7.633013e-02 2.300101e-02 -1.339564e-02
      vertex 7.443591e-02 2.300101e-02 -1.184110e-02
      vertex 7.903978e-02 2.300101e-02 -1.745092e-02
    endloop
  endfacet
  facet normal -0.000000e+00 -1.000000e+00 -0.000000e+00
    outer loop
      vertex 7.443591e-02 2.300101e-02 -1.184110e-02
      vertex 7.227483e-02 2.300101e-02 -1.068598e-02
      vertex 7.903978e-02 2.300101e-02 -1.745092e-02
    endloop
  endfacet
  facet normal 0.000000e+00 -1.000000e+00 0.000000e+00
    outer loop
      vertex 5.594279e-02 2.300101e-02 -2.701801e-02
      vertex 5.865245e-02 2.300101e-02 -3.107331e-02
      vertex 6.270774e-02 2.300101e-02 -3.378297e-02
    endloop
  endfacet
  facet normal -0.000000e+00 -1.000000e+00 0.000000e+00
    outer loop
      vertex 7.227483e-02 2.300101e-02 -1.068598e-02
      vertex 6.270774e-02 2.300101e-02 -1.068598e-02
      vertex 5.594279e-02 2.300101e-02 -1.745092e-02
    endloop
  endfacet
  facet normal 0.000000e+00 -1.000000e+00 0.000000e+00
    outer loop
      vertex 5.594279e-02 2.300101e-02 -1.745092e-02
      vertex 5.594279e-02 2.300101e-02 -2.701801e-02
      vertex 6.270774e-02 2.300101e-02 -3.378297e-02
    endloop
  endfacet
  facet normal 0.000000e+00 -1.000000e+00 0.000000e+00
    outer loop
      vertex 6.270774e-02 2.300101e-02 -3.378297e-02
      vertex 7.227483e-02 2.300101e-02 -3.378297e-02
      vertex 7.903978e-02 2.300101e-02 -2.701801e-02
    endloop
  endfacet
  facet normal -0.000000e+00 -1.000000e+00 0.000000e+00
    outer loop
      vertex 7.903978e-02 2.300101e-02 -2.701801e-02
      vertex 7.903978e-02 2.300101e-02 -1.745092e-02
      vertex 6.270774e-02 2.300101e-02 -3.378297e-02
    endloop
  endfacet
  facet normal -0.000000e+00 -1.000000e+00 0.000000e+00
    outer loop
      vertex 7.903978e-02 2.300101e-02 -1.745092e-02
      vertex 7.227483e-02 2.300101e-02 -1.068598e-02
      vertex 6.270774e-02 2.300101e-02 -3.378297e-02
    endloop
  endfacet
  facet normal -2.902847e-01 0.000000e+00 9.569404e-01
    outer loop
      vertex 6.270774e-02 2.300101e-02 -1.068598e-02
      vertex 6.505266e-02 2.300101e-02 -9.974655e-03
      vertex 6.505266e-02 6.300101e-02 -9.974655e-03
    endloop
  endfacet
  facet normal -9.801736e-02 0.000000e+00 9.951847e-01
    outer loop
      vertex 6.505266e-02 2.300101e-02 -9.974655e-03
      vertex 6.749129e-02 2.300101e-02 -9.734470e-03
      vertex 6.749129e-02 6.300101e-02 -9.734470e-03
    endloop
  endfacet
  facet normal 0.000000e+00 1.000000e+00 0.000000e+00
    outer loop
      vertex 6.505266e-02 6.300101e-02 -9.974655e-03
      vertex 6.749129e-02 6.300101e-02 -9.734470e-03
      vertex 6.992991e-02 6.300101e-02 -9.974655e-03
    endloop
  endfacet
  facet normal 0.000000e+00 1.000000e+00 0.000000e+00
    outer loop
      vertex 6.992991e-02 6.300101e-02 -9.974655e-03
      vertex 7.227483e-02 6.300101e-02 -1.068598e-02
      vertex 7.443591e-02 6.300101e-02 -1.184110e-02
    endloop
  endfacet
  facet normal 0.000000e+00 1.000000e+00 0.000000e+00
    outer loop
      vertex 7.443591e-02 6.300101e-02 -1.184110e-02
      vertex 7.633013e-02 6.300101e-02 -1.339563e-02
      vertex 7.788466e-02 6.300101e-02 -1.528984e-02
    endloop
  endfacet
  facet normal 0.000000e+00 9.999999e-01 0.000000e+00
    outer loop
      vertex 7.788466e-02 6.300101e-02 -1.528984e-02
      vertex 7.903978e-02 6.300101e-02 -1.745092e-02
      vertex 7.443591e-02 6.300101e-02 -1.184110e-02
    endloop
  endfacet
  facet normal 0.000000e+00 9.999999e-01 0.000000e+00
    outer loop
      vertex 7.903978e-02 6.300101e-02 -1.745092e-02
      vertex 7.975110e-02 6.300101e-02 -1.979584e-02
      vertex 7.443591e-02 6.300101e-02 -1.184110e-02
    endloop
  endfacet
  facet normal 0.000000e+00 1.000000e+00 0.000000e+00
    outer loop
      vertex 7.975110e-02 6.300101e-02 -1.979584e-02
      vertex 7.999129e-02 6.300101e-02 -2.223447e-02
      vertex 7.975110e-02 6.300101e-02 -2.467310e-02
    endloop
  endfacet
  facet normal 0.000000e+00 1.000000e+00 0.000000e+00
    outer loop
      vertex 7.975110e-02 6.300101e-02 -2.467310e-02
      vertex 7.903978e-02 6.300101e-02 -2.701801e-02
      vertex 7.788466e-02 6.300101e-02 -2.917910e-02
    endloop
  endfacet
  facet normal 0.000000e+00 1.000000e+00 0.000000e+00
    outer loop
      vertex 7.788466e-02 6.300101e-02 -2.917910e-02
      vertex 7.633013e-02 6.300101e-02 -3.107330e-02
      vertex 7.443591e-02 6.300101e-02 -3.262784e-02
    endloop
  endfacet
  facet normal 0.000000e+00 1.000000e+00 0.000000e+00
    outer loop
      vertex 7.443591e-02 6.300101e-02 -3.262784e-02
      vertex 7.227483e-02 6.300101e-02 -3.378296e-02
      vertex 6.992991e-02 6.300101e-02 -3.449428e-02
    endloop
  endfacet
  facet normal 0.000000e+00 1.000000e+00 0.000000e+00
    outer loop
      vertex 6.992991e-02 6.300101e-02 -3.449428e-02
      vertex 6.749129e-02 6.300101e-02 -3.473447e-02
      vertex 6.505266e-02 6.300101e-02 -3.449428e-02
    endloop
  endfacet
  facet normal 0.000000e+00 1.000000e+00 -0.000000e+00
    outer loop
      vertex 6.505266e-02 6.300101e-02 -3.449428e-02
      vertex 6.270774e-02 6.300101e-02 -3.378296e-02
      vertex 6.992991e-02 6.300101e-02 -3.449428e-02
    endloop
  endfacet
  facet normal -0.000000e+00 1.000000e+00 -0.000000e+00
    outer loop
      vertex 6.270774e-02 6.300101e-02 -3.378296e-02
      vertex 6.054666e-02 6.300101e-02 -3.262784e-02
      vertex 6.992991e-02 6.300101e-02 -3.449428e-02
    endloop
  endfacet
  facet normal 0.000000e+00 1.000000e+00 0.000000e+00
    outer loop
      vertex 6.054666e-02 6.300101e-02 -3.262784e-02
      vertex 5.865245e-02 6.300101e-02 -3.107330e-02
      vertex 5.709792e-02 6.300101e-02 -2.917910e-02
    endloop
  endfacet
  facet normal -0.000000e+00 1.000000e+00 -0.000000e+00
    outer loop
      vertex 5.709792e-02 6.300101e-02 -2.917910e-02
      vertex 5.594279e-02 6.300101e-02 -2.701801e-02
      vertex 6.054666e-02 6.300101e-02 -3.262784e-02
    endloop
  endfacet
  facet normal -0.000000e+00 9.999999e-01 -0.000000e+00
    outer loop
      vertex 5.594279e-02 6.300101e-02 -2.701801e-02
      vertex 5.523147e-02 6.300101e-02 -2.467310e-02
      vertex 6.054666e-02 6.300101e-02 -3.262784e-02
    endloop
  endfacet
  facet normal 0.000000e+00 1.000000e+00 -0.000000e+00
    outer loop
      vertex 5.523147e-02 6.300101e-02 -2.467310e-02
      vertex 5.499129e-02 6.300101e-02 -2.223447e-02
      vertex 5.523147e-02 6.300101e-02 -1.979584e-02
    endloop
  endfacet
  facet normal -0.000000e+00 1.000000e+00 0.000000e+00
    outer loop
      vertex 5.523147e-02 6.300101e-02 -1.979584e-02
      vertex 5.594279e-02 6.300101e-02 -1.745092e-02
      vertex 5.523147e-02 6.300101e-02 -2.467310e-02
    endloop
  endfacet
  facet normal -0.000000e+00 9.999999e-01 0.000000e+00
    outer loop
      vertex 5.594279e-02 6.300101e-02 -1.745092e-02
      vertex 5.709792e-02 6.300101e-02 -1.528984e-02
      vertex 5.523147e-02 6.300101e-02 -2.467310e-02
    endloop
  endfacet
  facet normal 0.000000e+00 1.000000e+00 0.000000e+00
    outer loop
      vertex 5.709792e-02 6.300101e-02 -1.528984e-02
      vertex 5.865245e-02 6.300101e-02 -1.339563e-02
      vertex 6.054666e-02 6.300101e-02 -1.184110e-02
    endloop
  endfacet
  facet normal -0.000000e+00 1.000000e+00 0.000000e+00
    outer loop
      vertex 6.054666e-02 6.300101e-02 -1.184110e-02
      vertex 6.270774e-02 6.300101e-02 -1.068598e-02
      vertex 5.709792e-02 6.300101e-02 -1.528984e-02
    endloop
  endfacet
  facet normal -0.000000e+00 1.000000e+00 0.000000e+00
    outer loop
      vertex 6.270774e-02 6.300101e-02 -1.068598e-02
      vertex 6.505266e-02 6.300101e-02 -9.974655e-03
      vertex 5.709792e-02 6.300101e-02 -1.528984e-02
    endloop
  endfacet
  facet normal -0.000000e+00 9.999999e-01 0.000000e+00
    outer loop
      vertex 6.505266e-02 6.300101e-02 -9.974655e-03
      vertex 6.992991e-02 6.300101e-02 -9.974655e-03
      vertex 7.975110e-02 6.300101e-02 -1.979584e-02
    endloop
  endfacet
  facet normal 0.000000e+00 1.000000e+00 0.000000e+00
    outer loop
      vertex 6.992991e-02 6.300101e-02 -9.974655e-03
      vertex 7.443591e-02 6.300101e-02 -1.184110e-02
      vertex 7.975110e-02 6.300101e-02 -1.979584e-02
    endloop
  endfacet
  facet normal 0.000000e+00 1.000000e+00 0.000000e+00
    outer loop
      vertex 7.975110e-02 6.300101e-02 -1.979584e-02
      vertex 7.975110e-02 6.300101e-02 -2.467310e-02
      vertex 7.788466e-02 6.300101e-02 -2.917910e-02
    endloop
  endfacet
  facet normal 0.000000e+00 1.000000e+00 -0.000000e+00
    outer loop
      vertex 7.788466e-02 6.300101e-02 -2.917910e-02
      vertex 7.443591e-02 6.300101e-02 -3.262784e-02
      vertex 7.975110e-02 6.300101e-02 -1.979584e-02
    endloop
  endfacet
  facet normal 0.000000e+00 9.999999e-01 -0.000000e+00
    outer loop
      vertex 7.443591e-02 6.300101e-02 -3.262784e-02
      vertex 6.992991e-02 6.300101e-02 -3.449428e-02
      vertex 7.975110e-02 6.300101e-02 -1.979584e-02
    endloop
  endfacet
  facet normal 0.000000e+00 1.000000e+00 0.000000e+00
    outer loop
      vertex 6.992991e-02 6.300101e-02 -3.449428e-02
      vertex 6.054666e-02 6.300101e-02 -3.262784e-02
      vertex 5.523147e-02 6.300101e-02 -2.467310e-02
    endloop
  endfacet
  facet normal 0.000000e+00 9.999999e-01 0.000000e+00
    outer loop
      vertex 5.523147e-02 6.300101e-02 -2.467310e-02
      vertex 5.709792e-02 6.300101e-02 -1.528984e-02
      vertex 6.505266e-02 6.300101e-02 -9.974655e-03
    endloop
  endfacet
  facet normal 0.000000e+00 9.999999e-01 0.000000e+00
    outer loop
      vertex 6.505266e-02 6.300101e-02 -9.974655e-03
      vertex 7.975110e-02 6.300101e-02 -1.979584e-02
      vertex 5.523147e-02 6.300101e-02 -2.467310e-02
    endloop
  endfacet
  facet normal 9.801736e-02 -0.000000e+00 9.951847e-01
    outer loop
      vertex 6.749129e-02 -6.299900e-02 -9.734470e-03
      vertex 6.992991e-02 -2.299899e-02 -9.974655e-03
      vertex 6.749129e-02 -2.299899e-02 -9.734470e-03
    endloop
  endfacet
  facet normal 2.902838e-01 -0.000000e+00 9.569406e-01
    outer loop
      vertex 6.992991e-02 -6.299900e-02 -9.974655e-03
      vertex 7.227483e-02 -2.299899e-02 -1.068598e-02
      vertex 6.992991e-02 -2.299899e-02 -9.974655e-03
    endloop
  endfacet
  facet normal 4.713964e-01 -0.000000e+00 8.819214e-01
    outer loop
      vertex 7.227483e-02 -6.299900e-02 -1.068598e-02
      vertex 7.443591e-02 -2.299899e-02 -1.184110e-02
      vertex 7.227483e-02 -2.299899e-02 -1.068598e-02
    endloop
  endfacet
  facet normal 6.343925e-01 -7.199227e-08 7.730111e-01
    outer loop
      vertex 7.443591e-02 -6.299900e-02 -1.184110e-02
      vertex 7.633013e-02 -2.299899e-02 -1.339563e-02
      vertex 7.443591e-02 -2.299899e-02 -1.184110e-02
    endloop
  endfacet
  facet normal 7.730106e-01 -5.908246e-08 6.343931e-01
    outer loop
      vertex 7.633013e-02 -6.299900e-02 -1.339564e-02
      vertex 7.788466e-02 -2.299899e-02 -1.528984e-02
      vertex 7.633013e-02 -2.299899e-02 -1.339563e-02
    endloop
  endfacet
  facet normal 8.819215e-01 -4.390221e-08 4.713964e-01
    outer loop
      vertex 7.788466e-02 -6.299900e-02 -1.528984e-02
      vertex 7.903978e-02 -2.299899e-02 -1.745092e-02
      vertex 7.788466e-02 -2.299899e-02 -1.528984e-02
    endloop
  endfacet
  facet normal 9.569412e-01 -0.000000e+00 2.902819e-01
    outer loop
      vertex 7.903978e-02 -6.299900e-02 -1.745092e-02
      vertex 7.975110e-02 -2.299899e-02 -1.979584e-02
      vertex 7.903978e-02 -2.299899e-02 -1.745092e-02
    endloop
  endfacet
  facet normal 9.951844e-01 -0.000000e+00 9.802023e-02
    outer loop
      vertex 7.975110e-02 -6.299900e-02 -1.979584e-02
      vertex 7.999129e-02 -2.299899e-02 -2.223447e-02
      vertex 7.975110e-02 -2.299899e-02 -1.979584e-02
    endloop
  endfacet
  facet normal 9.951844e-01 0.000000e+00 -9.802030e-02
    outer loop
      vertex 7.999129e-02 -6.299900e-02 -2.223447e-02
      vertex 7.975110e-02 -2.299899e-02 -2.467310e-02
      vertex 7.999129e-02 -2.299899e-02 -2.223447e-02
    endloop
  endfacet
  facet normal 9.569412e-01 0.000000e+00 -2.902819e-01
    outer loop
      vertex 7.975110e-02 -6.299900e-02 -2.467310e-02
      vertex 7.903978e-02 -2.299899e-02 -2.701801e-02
      vertex 7.975110e-02 -2.299899e-02 -2.467310e-02
    endloop
  endfacet
  facet normal 8.819215e-01 2.195111e-08 -4.713964e-01
    outer loop
      vertex 7.903978e-02 -6.299900e-02 -2.701801e-02
      vertex 7.788466e-02 -2.299899e-02 -2.917910e-02
      vertex 7.903978e-02 -2.299899e-02 -2.701801e-02
    endloop
  endfacet
  facet normal 7.730103e-01 2.954125e-08 -6.343935e-01
    outer loop
      vertex 7.788466e-02 -6.299900e-02 -2.917910e-02
      vertex 7.633013e-02 -2.299899e-02 -3.107330e-02
      vertex 7.788466e-02 -2.299899e-02 -2.917910e-02
    endloop
  endfacet
  facet normal 6.343915e-01 7.199234e-08 -7.730118e-01
    outer loop
      vertex 7.633013e-02 -6.299900e-02 -3.107331e-02
      vertex 7.443591e-02 -2.299899e-02 -3.262784e-02
      vertex 7.633013e-02 -2.299899e-02 -3.107330e-02
    endloop
  endfacet
  facet normal 4.713988e-01 1.642704e-07 -8.819202e-01
    outer loop
      vertex 7.443591e-02 -6.299900e-02 -3.262784e-02
      vertex 7.227483e-02 -2.299899e-02 -3.378296e-02
      vertex 7.443591e-02 -2.299899e-02 -3.262784e-02
    endloop
  endfacet
  facet normal 2.902838e-01 8.912203e-08 -9.569406e-01
    outer loop
      vertex 7.227483e-02 -6.299900e-02 -3.378297e-02
      vertex 6.992991e-02 -2.299899e-02 -3.449428e-02
      vertex 7.227483e-02 -2.299899e-02 -3.378296e-02
    endloop
  endfacet
  facet normal 9.801888e-02 0.000000e+00 -9.951845e-01
    outer loop
      vertex 6.992991e-02 -6.299900e-02 -3.449428e-02
      vertex 6.749129e-02 -2.299899e-02 -3.473447e-02
      vertex 6.992991e-02 -2.299899e-02 -3.449428e-02
    endloop
  endfacet
  facet normal -9.801888e-02 0.000000e+00 -9.951845e-01
    outer loop
      vertex 6.749129e-02 -6.299900e-02 -3.473447e-02
      vertex 6.505266e-02 -2.299899e-02 -3.449428e-02
      vertex 6.749129e-02 -2.299899e-02 -3.473447e-02
    endloop
  endfacet
  facet normal -2.902847e-01 0.000000e+00 -9.569404e-01
    outer loop
      vertex 6.505266e-02 -6.299900e-02 -3.449428e-02
      vertex 6.270774e-02 -2.299899e-02 -3.378296e-02
      vertex 6.505266e-02 -2.299899e-02 -3.449428e-02
    endloop
  endfacet
  facet normal -4.713969e-01 8.213532e-08 -8.819212e-01
    outer loop
      vertex 6.270774e-02 -6.299900e-02 -3.378297e-02
      vertex 6.054666e-02 -2.299899e-02 -3.262784e-02
      vertex 6.270774e-02 -2.299899e-02 -3.378296e-02
    endloop
  endfacet
  facet normal -6.343931e-01 1.439844e-07 -7.730106e-01
    outer loop
      vertex 6.054666e-02 -6.299900e-02 -3.262784e-02
      vertex 5.865245e-02 -2.299899e-02 -3.107330e-02
      vertex 6.054666e-02 -2.299899e-02 -3.262784e-02
    endloop
  endfacet
  facet normal -7.730103e-01 3.015658e-08 -6.343935e-01
    outer loop
      vertex 5.865245e-02 -2.299899e-02 -3.107330e-02
      vertex 5.709792e-02 -6.299900e-02 -2.917910e-02
      vertex 5.709792e-02 -2.299899e-02 -2.917910e-02
    endloop
  endfacet
  facet normal -8.819215e-01 2.195110e-08 -4.713964e-01
    outer loop
      vertex 5.709792e-02 -6.299900e-02 -2.917910e-02
      vertex 5.594279e-02 -2.299899e-02 -2.701801e-02
      vertex 5.709792e-02 -2.299899e-02 -2.917910e-02
    endloop
  endfacet
  facet normal -9.569404e-01 1.351743e-08 -2.902847e-01
    outer loop
      vertex 5.594279e-02 -6.299900e-02 -2.701801e-02
      vertex 5.523147e-02 -2.299899e-02 -2.467310e-02
      vertex 5.594279e-02 -2.299899e-02 -2.701801e-02
    endloop
  endfacet
  facet normal -9.951847e-01 0.000000e+00 -9.801729e-02
    outer loop
      vertex 5.523147e-02 -6.299900e-02 -2.467310e-02
      vertex 5.499129e-02 -2.299899e-02 -2.223447e-02
      vertex 5.523147e-02 -2.299899e-02 -2.467310e-02
    endloop
  endfacet
  facet normal -9.951848e-01 0.000000e+00 9.801722e-02
    outer loop
      vertex 5.499129e-02 -6.299900e-02 -2.223447e-02
      vertex 5.523147e-02 -2.299899e-02 -1.979584e-02
      vertex 5.499129e-02 -2.299899e-02 -2.223447e-02
    endloop
  endfacet
  facet normal -9.569404e-01 0.000000e+00 2.902847e-01
    outer loop
      vertex 5.523147e-02 -6.299900e-02 -1.979584e-02
      vertex 5.594279e-02 -2.299899e-02 -1.745092e-02
      vertex 5.523147e-02 -2.299899e-02 -1.979584e-02
    endloop
  endfacet
  facet normal -8.819215e-01 0.000000e+00 4.713964e-01
    outer loop
      vertex 5.594279e-02 -6.299900e-02 -1.745092e-02
      vertex 5.709792e-02 -2.299899e-02 -1.528984e-02
      vertex 5.594279e-02 -2.299899e-02 -1.745092e-02
    endloop
  endfacet
  facet normal -7.730106e-01 -5.908246e-08 6.343930e-01
    outer loop
      vertex 5.709792e-02 -6.299900e-02 -1.528984e-02
      vertex 5.865245e-02 -2.299899e-02 -1.339563e-02
      vertex 5.709792e-02 -2.299899e-02 -1.528984e-02
    endloop
  endfacet
  facet normal -6.343940e-01 -7.199215e-08 7.730098e-01
    outer loop
      vertex 5.865245e-02 -6.299900e-02 -1.339564e-02
      vertex 6.054666e-02 -2.299899e-02 -1.184110e-02
      vertex 5.865245e-02 -2.299899e-02 -1.339563e-02
    endloop
  endfacet
  facet normal -4.713946e-01 -8.213543e-08 8.819225e-01
    outer loop
      vertex 6.054666e-02 -6.299900e-02 -1.184110e-02
      vertex 6.270774e-02 -2.299899e-02 -1.068598e-02
      vertex 6.054666e-02 -2.299899e-02 -1.184110e-02
    endloop
  endfacet
  facet normal 0.000000e+00 -1.000000e+00 0.000000e+00
    outer loop
      vertex 7.227483e-02 -6.299900e-02 -1.068598e-02
      vertex 5.594279e-02 -6.299900e-02 -1.745092e-02
      vertex 6.270774e-02 -6.299900e-02 -3.378297e-02
    endloop
  endfacet
  facet normal -2.902847e-01 0.000000e+00 9.569404e-01
    outer loop
      vertex 6.270774e-02 -6.299900e-02 -1.068598e-02
      vertex 6.505266e-02 -2.299899e-02 -9.974655e-03
      vertex 6.270774e-02 -2.299899e-02 -1.068598e-02
    endloop
  endfacet
  facet normal -9.801736e-02 0.000000e+00 9.951847e-01
    outer loop
      vertex 6.505266e-02 -6.299900e-02 -9.974655e-03
      vertex 6.749129e-02 -2.299899e-02 -9.734470e-03
      vertex 6.505266e-02 -2.299899e-02 -9.974655e-03
    endloop
  endfacet
  facet normal 0.000000e+00 1.000000e+00 0.000000e+00
    outer loop
      vertex 6.992991e-02 -2.299899e-02 -3.449428e-02
      vertex 5.523147e-02 -2.299899e-02 -2.467310e-02
      vertex 6.505266e-02 -2.299899e-02 -9.974655e-03
    endloop
  endfacet
  facet normal 9.801736e-02 0.000000e+00 9.951847e-01
    outer loop
      vertex 6.749129e-02 -6.299900e-02 -9.734470e-03
      vertex 6.992991e-02 -6.299900e-02 -9.974655e-03
      vertex 6.992991e-02 -2.299899e-02 -9.974655e-03
    endloop
  endfacet
  facet normal 2.902838e-01 0.000000e+00 9.569406e-01
    outer loop
      vertex 6.992991e-02 -6.299900e-02 -9.974655e-03
      vertex 7.227483e-02 -6.299900e-02 -1.068598e-02
      vertex 7.227483e-02 -2.299899e-02 -1.068598e-02
    endloop
  endfacet
  facet normal 4.713976e-01 -8.119090e-08 8.819208e-01
    outer loop
      vertex 7.227483e-02 -6.299900e-02 -1.068598e-02
      vertex 7.443591e-02 -6.299900e-02 -1.184110e-02
      vertex 7.443591e-02 -2.299899e-02 -1.184110e-02
    endloop
  endfacet
  facet normal 6.343925e-01 -7.191156e-08 7.730111e-01
    outer loop
      vertex 7.443591e-02 -6.299900e-02 -1.184110e-02
      vertex 7.633013e-02 -6.299900e-02 -1.339564e-02
      vertex 7.633013e-02 -2.299899e-02 -1.339563e-02
    endloop
  endfacet
  facet normal 7.730106e-01 -6.031313e-08 6.343931e-01
    outer loop
      vertex 7.633013e-02 -6.299900e-02 -1.339564e-02
      vertex 7.788466e-02 -6.299900e-02 -1.528984e-02
      vertex 7.788466e-02 -2.299899e-02 -1.528984e-02
    endloop
  endfacet
  facet normal 8.819211e-01 0.000000e+00 4.713970e-01
    outer loop
      vertex 7.788466e-02 -6.299900e-02 -1.528984e-02
      vertex 7.903978e-02 -6.299900e-02 -1.745092e-02
      vertex 7.903978e-02 -2.299899e-02 -1.745092e-02
    endloop
  endfacet
  facet normal 9.569412e-01 0.000000e+00 2.902819e-01
    outer loop
      vertex 7.903978e-02 -6.299900e-02 -1.745092e-02
      vertex 7.975110e-02 -6.299900e-02 -1.979584e-02
      vertex 7.975110e-02 -2.299899e-02 -1.979584e-02
    endloop
  endfacet
  facet normal 9.951844e-01 0.000000e+00 9.802023e-02
    outer loop
      vertex 7.975110e-02 -6.299900e-02 -1.979584e-02
      vertex 7.999129e-02 -6.299900e-02 -2.223447e-02
      vertex 7.999129e-02 -2.299899e-02 -2.223447e-02
    endloop
  endfacet
  facet normal 9.951844e-01 0.000000e+00 -9.802030e-02
    outer loop
      vertex 7.999129e-02 -6.299900e-02 -2.223447e-02
      vertex 7.975110e-02 -6.299900e-02 -2.467310e-02
      vertex 7.975110e-02 -2.299899e-02 -2.467310e-02
    endloop
  endfacet
  facet normal 9.569413e-01 1.391841e-08 -2.902817e-01
    outer loop
      vertex 7.975110e-02 -6.299900e-02 -2.467310e-02
      vertex 7.903978e-02 -6.299900e-02 -2.701801e-02
      vertex 7.903978e-02 -2.299899e-02 -2.701801e-02
    endloop
  endfacet
  facet normal 8.819215e-01 2.087761e-08 -4.713964e-01
    outer loop
      vertex 7.903978e-02 -6.299900e-02 -2.701801e-02
      vertex 7.788466e-02 -6.299900e-02 -2.917910e-02
      vertex 7.788466e-02 -2.299899e-02 -2.917910e-02
    endloop
  endfacet
  facet normal 7.730106e-01 6.031313e-08 -6.343931e-01
    outer loop
      vertex 7.788466e-02 -6.299900e-02 -2.917910e-02
      vertex 7.633013e-02 -6.299900e-02 -3.107331e-02
      vertex 7.633013e-02 -2.299899e-02 -3.107330e-02
    endloop
  endfacet
  facet normal 6.343925e-01 1.438231e-07 -7.730111e-01
    outer loop
      vertex 7.633013e-02 -6.299900e-02 -3.107331e-02
      vertex 7.443591e-02 -6.299900e-02 -3.262784e-02
      vertex 7.443591e-02 -2.299899e-02 -3.262784e-02
    endloop
  endfacet
  facet normal 4.713976e-01 8.119090e-08 -8.819208e-01
    outer loop
      vertex 7.443591e-02 -6.299900e-02 -3.262784e-02
      vertex 7.227483e-02 -6.299900e-02 -3.378297e-02
      vertex 7.227483e-02 -2.299899e-02 -3.378296e-02
    endloop
  endfacet
  facet normal 2.902824e-01 0.000000e+00 -9.569410e-01
    outer loop
      vertex 7.227483e-02 -6.299900e-02 -3.378297e-02
      vertex 6.992991e-02 -6.299900e-02 -3.449428e-02
      vertex 6.992991e-02 -2.299899e-02 -3.449428e-02
    endloop
  endfacet
  facet normal 9.801888e-02 0.000000e+00 -9.951845e-01
    outer loop
      vertex 6.992991e-02 -6.299900e-02 -3.449428e-02
      vertex 6.749129e-02 -6.299900e-02 -3.473447e-02
      vertex 6.749129e-02 -2.299899e-02 -3.473447e-02
    endloop
  endfacet
  facet normal -9.801888e-02 0.000000e+00 -9.951845e-01
    outer loop
      vertex 6.749129e-02 -6.299900e-02 -3.473447e-02
      vertex 6.505266e-02 -6.299900e-02 -3.449428e-02
      vertex 6.505266e-02 -2.299899e-02 -3.449428e-02
    endloop
  endfacet
  facet normal -2.902833e-01 8.930979e-08 -9.569407e-01
    outer loop
      vertex 6.505266e-02 -6.299900e-02 -3.449428e-02
      vertex 6.270774e-02 -6.299900e-02 -3.378297e-02
      vertex 6.270774e-02 -2.299899e-02 -3.378296e-02
    endloop
  endfacet
  facet normal -4.713957e-01 1.647009e-07 -8.819218e-01
    outer loop
      vertex 6.270774e-02 -6.299900e-02 -3.378297e-02
      vertex 6.054666e-02 -6.299900e-02 -3.262784e-02
      vertex 6.054666e-02 -2.299899e-02 -3.262784e-02
    endloop
  endfacet
  facet normal -6.343940e-01 7.191174e-08 -7.730098e-01
    outer loop
      vertex 6.054666e-02 -6.299900e-02 -3.262784e-02
      vertex 5.865245e-02 -6.299900e-02 -3.107331e-02
      vertex 5.865245e-02 -2.299899e-02 -3.107330e-02
    endloop
  endfacet
  facet normal -7.730106e-01 5.908246e-08 -6.343931e-01
    outer loop
      vertex 5.865245e-02 -2.299899e-02 -3.107330e-02
      vertex 5.865245e-02 -6.299900e-02 -3.107331e-02
      vertex 5.709792e-02 -6.299900e-02 -2.917910e-02
    endloop
  endfacet
  facet normal -8.819215e-01 2.319734e-08 -4.713964e-01
    outer loop
      vertex 5.709792e-02 -6.299900e-02 -2.917910e-02
      vertex 5.594279e-02 -6.299900e-02 -2.701801e-02
      vertex 5.594279e-02 -2.299899e-02 -2.701801e-02
    endloop
  endfacet
  facet normal -9.569405e-01 0.000000e+00 -2.902845e-01
    outer loop
      vertex 5.594279e-02 -6.299900e-02 -2.701801e-02
      vertex 5.523147e-02 -6.299900e-02 -2.467310e-02
      vertex 5.523147e-02 -2.299899e-02 -2.467310e-02
    endloop
  endfacet
  facet normal -9.951847e-01 0.000000e+00 -9.801729e-02
    outer loop
      vertex 5.523147e-02 -6.299900e-02 -2.467310e-02
      vertex 5.499129e-02 -6.299900e-02 -2.223447e-02
      vertex 5.499129e-02 -2.299899e-02 -2.223447e-02
    endloop
  endfacet
  facet normal -9.951848e-01 0.000000e+00 9.801722e-02
    outer loop
      vertex 5.499129e-02 -6.299900e-02 -2.223447e-02
      vertex 5.523147e-02 -6.299900e-02 -1.979584e-02
      vertex 5.523147e-02 -2.299899e-02 -1.979584e-02
    endloop
  endfacet
  facet normal -9.569404e-01 0.000000e+00 2.902847e-01
    outer loop
      vertex 5.523147e-02 -6.299900e-02 -1.979584e-02
      vertex 5.594279e-02 -6.299900e-02 -1.745092e-02
      vertex 5.594279e-02 -2.299899e-02 -1.745092e-02
    endloop
  endfacet
  facet normal -8.819211e-01 -4.407500e-08 4.713970e-01
    outer loop
      vertex 5.594279e-02 -6.299900e-02 -1.745092e-02
      vertex 5.709792e-02 -6.299900e-02 -1.528984e-02
      vertex 5.709792e-02 -2.299899e-02 -1.528984e-02
    endloop
  endfacet
  facet normal -7.730106e-01 -5.799339e-08 6.343931e-01
    outer loop
      vertex 5.709792e-02 -6.299900e-02 -1.528984e-02
      vertex 5.865245e-02 -6.299900e-02 -1.339564e-02
      vertex 5.865245e-02 -2.299899e-02 -1.339563e-02
    endloop
  endfacet
  facet normal -6.343940e-01 -7.191174e-08 7.730098e-01
    outer loop
      vertex 5.865245e-02 -6.299900e-02 -1.339564e-02
      vertex 6.054666e-02 -6.299900e-02 -1.184110e-02
      vertex 6.054666e-02 -2.299899e-02 -1.184110e-02
    endloop
  endfacet
  facet normal -4.713957e-01 0.000000e+00 8.819218e-01
    outer loop
      vertex 6.054666e-02 -6.299900e-02 -1.184110e-02
      vertex 6.270774e-02 -6.299900e-02 -1.068598e-02
      vertex 6.270774e-02 -2.299899e-02 -1.068598e-02
    endloop
  endfacet
  facet normal 0.000000e+00 -1.000000e+00 0.000000e+00
    outer loop
      vertex 7.227483e-02 -6.299900e-02 -1.068598e-02
      vertex 6.992991e-02 -6.299900e-02 -9.974655e-03
      vertex 6.270774e-02 -6.299900e-02 -1.068598e-02
    endloop
  endfacet
  facet normal -0.000000e+00 -1.000000e+00 0.000000e+00
    outer loop
      vertex 6.992991e-02 -6.299900e-02 -9.974655e-03
      vertex 6.749129e-02 -6.299900e-02 -9.734470e-03
      vertex 6.270774e-02 -6.299900e-02 -1.068598e-02
    endloop
  endfacet
  facet normal 0.000000e+00 -1.000000e+00 0.000000e+00
    outer loop
      vertex 6.749129e-02 -6.299900e-02 -9.734470e-03
      vertex 6.505266e-02 -6.299900e-02 -9.974655e-03
      vertex 6.270774e-02 -6.299900e-02 -1.068598e-02
    endloop
  endfacet
  facet normal 0.000000e+00 -1.000000e+00 0.000000e+00
    outer loop
      vertex 6.270774e-02 -6.299900e-02 -1.068598e-02
      vertex 6.054666e-02 -6.299900e-02 -1.184110e-02
      vertex 5.594279e-02 -6.299900e-02 -1.745092e-02
    endloop
  endfacet
  facet normal 0.000000e+00 -1.000000e+00 0.000000e+00
    outer loop
      vertex 6.054666e-02 -6.299900e-02 -1.184110e-02
      vertex 5.865245e-02 -6.299900e-02 -1.339564e-02
      vertex 5.594279e-02 -6.299900e-02 -1.745092e-02
    endloop
  endfacet
  facet normal 0.000000e+00 -1.000000e+00 0.000000e+00
    outer loop
      vertex 5.865245e-02 -6.299900e-02 -1.339564e-02
      vertex 5.709792e-02 -6.299900e-02 -1.528984e-02
      vertex 5.594279e-02 -6.299900e-02 -1.745092e-02
    endloop
  endfacet
  facet normal 0.000000e+00 -1.000000e+00 0.000000e+00
    outer loop
      vertex 5.594279e-02 -6.299900e-02 -1.745092e-02
      vertex 5.523147e-02 -6.299900e-02 -1.979584e-02
      vertex 5.499129e-02 -6.299900e-02 -2.223447e-02
    endloop
  endfacet
  facet normal 0.000000e+00 -1.000000e+00 0.000000e+00
    outer loop
      vertex 5.499129e-02 -6.299900e-02 -2.223447e-02
      vertex 5.523147e-02 -6.299900e-02 -2.467310e-02
      vertex 5.594279e-02 -6.299900e-02 -1.745092e-02
    endloop
  endfacet
  facet normal 0.000000e+00 -1.000000e+00 0.000000e+00
    outer loop
      vertex 5.523147e-02 -6.299900e-02 -2.467310e-02
      vertex 5.594279e-02 -6.299900e-02 -2.701801e-02
      vertex 5.594279e-02 -6.299900e-02 -1.745092e-02
    endloop
  endfacet
  facet normal 0.000000e+00 -1.000000e+00 0.000000e+00
    outer loop
      vertex 5.594279e-02 -6.299900e-02 -2.701801e-02
      vertex 5.709792e-02 -6.299900e-02 -2.917910e-02
      vertex 5.865245e-02 -6.299900e-02 -3.107331e-02
    endloop
  endfacet
  facet normal 0.000000e+00 -1.000000e+00 0.000000e+00
    outer loop
      vertex 5.865245e-02 -6.299900e-02 -3.107331e-02
      vertex 6.054666e-02 -6.299900e-02 -3.262784e-02
      vertex 6.270774e-02 -6.299900e-02 -3.378297e-02
    endloop
  endfacet
  facet normal 0.000000e+00 -1.000000e+00 0.000000e+00
    outer loop
      vertex 6.270774e-02 -6.299900e-02 -3.378297e-02
      vertex 6.505266e-02 -6.299900e-02 -3.449428e-02
      vertex 6.749129e-02 -6.299900e-02 -3.473447e-02
    endloop
  endfacet
  facet normal 0.000000e+00 -1.000000e+00 0.000000e+00
    outer loop
      vertex 6.749129e-02 -6.299900e-02 -3.473447e-02
      vertex 6.992991e-02 -6.299900e-02 -3.449428e-02
      vertex 6.270774e-02 -6.299900e-02 -3.378297e-02
    endloop
  endfacet
  facet normal 0.000000e+00 -1.000000e+00 0.000000e+00
    outer loop
      vertex 6.992991e-02 -6.299900e-02 -3.449428e-02
      vertex 7.227483e-02 -6.299900e-02 -3.378297e-02
      vertex 6.270774e-02 -6.299900e-02 -3.378297e-02
    endloop
  endfacet
  facet normal 0.000000e+00 -1.000000e+00 0.000000e+00
    outer loop
      vertex 7.227483e-02 -6.299900e-02 -3.378297e-02
      vertex 7.443591e-02 -6.299900e-02 -3.262784e-02
      vertex 7.903978e-02 -6.299900e-02 -2.701801e-02
    endloop
  endfacet
  facet normal 0.000000e+00 -1.000000e+00 0.000000e+00
    outer loop
      vertex 7.443591e-02 -6.299900e-02 -3.262784e-02
      vertex 7.633013e-02 -6.299900e-02 -3.107331e-02
      vertex 7.903978e-02 -6.299900e-02 -2.701801e-02
    endloop
  endfacet
  facet normal 0.000000e+00 -1.000000e+00 0.000000e+00
    outer loop
      vertex 7.633013e-02 -6.299900e-02 -3.107331e-02
      vertex 7.788466e-02 -6.299900e-02 -2.917910e-02
      vertex 7.903978e-02 -6.299900e-02 -2.701801e-02
    endloop
  endfacet
  facet normal 0.000000e+00 -1.000000e+00 0.000000e+00
    outer loop
      vertex 7.903978e-02 -6.299900e-02 -2.701801e-02
      vertex 7.975110e-02 -6.299900e-02 -2.467310e-02
      vertex 7.903978e-02 -6.299900e-02 -1.745092e-02
    endloop
  endfacet
  facet normal 0.000000e+00 -1.000000e+00 0.000000e+00
    outer loop
      vertex 7.975110e-02 -6.299900e-02 -2.467310e-02
      vertex 7.999129e-02 -6.299900e-02 -2.223447e-02
      vertex 7.975110e-02 -6.299900e-02 -1.979584e-02
    endloop
  endfacet
  facet normal 0.000000e+00 -1.000000e+00 0.000000e+00
    outer loop
      vertex 7.903978e-02 -6.299900e-02 -1.745092e-02
      vertex 7.975110e-02 -6.299900e-02 -2.467310e-02
      vertex 7.975110e-02 -6.299900e-02 -1.979584e-02
    endloop
  endfacet
  facet normal 0.000000e+00 -1.000000e+00 0.000000e+00
    outer loop
      vertex 7.903978e-02 -6.299900e-02 -1.745092e-02
      vertex 7.788466e-02 -6.299900e-02 -1.528984e-02
      vertex 7.633013e-02 -6.299900e-02 -1.339564e-02
    endloop
  endfacet
  facet normal -0.000000e+00 -1.000000e+00 -0.000000e+00
    outer loop
      vertex 7.633013e-02 -6.299900e-02 -1.339564e-02
      vertex 7.443591e-02 -6.299900e-02 -1.184110e-02
      vertex 7.903978e-02 -6.299900e-02 -1.745092e-02
    endloop
  endfacet
  facet normal -0.000000e+00 -1.000000e+00 -0.000000e+00
    outer loop
      vertex 7.443591e-02 -6.299900e-02 -1.184110e-02
      vertex 7.227483e-02 -6.299900e-02 -1.068598e-02
      vertex 7.903978e-02 -6.299900e-02 -1.745092e-02
    endloop
  endfacet
  facet normal 0.000000e+00 -1.000000e+00 0.000000e+00
    outer loop
      vertex 5.594279e-02 -6.299900e-02 -2.701801e-02
      vertex 5.865245e-02 -6.299900e-02 -3.107331e-02
      vertex 6.270774e-02 -6.299900e-02 -3.378297e-02
    endloop
  endfacet
  facet normal -0.000000e+00 -1.000000e+00 0.000000e+00
    outer loop
      vertex 7.227483e-02 -6.299900e-02 -1.068598e-02
      vertex 6.270774e-02 -6.299900e-02 -1.068598e-02
      vertex 5.594279e-02 -6.299900e-02 -1.745092e-02
    endloop
  endfacet
  facet normal 0.000000e+00 -1.000000e+00 0.000000e+00
    outer loop
      vertex 5.594279e-02 -6.299900e-02 -1.745092e-02
      vertex 5.594279e-02 -6.299900e-02 -2.701801e-02
      vertex 6.270774e-02 -6.299900e-02 -3.378297e-02
    endloop
  endfacet
  facet normal 0.000000e+00 -1.000000e+00 0.000000e+00
    outer loop
      vertex 6.270774e-02 -6.299900e-02 -3.378297e-02
      vertex 7.227483e-02 -6.299900e-02 -3.378297e-02
      vertex 7.903978e-02 -6.299900e-02 -2.701801e-02
    endloop
  endfacet
  facet normal -0.000000e+00 -1.000000e+00 0.000000e+00
    outer loop
      vertex 7.903978e-02 -6.299900e-02 -2.701801e-02
      vertex 7.903978e-02 -6.299900e-02 -1.745092e-02
      vertex 6.270774e-02 -6.299900e-02 -3.378297e-02
    endloop
  endfacet
  facet normal -0.000000e+00 -1.000000e+00 0.000000e+00
    outer loop
      vertex 7.903978e-02 -6.299900e-02 -1.745092e-02
      vertex 7.227483e-02 -6.299900e-02 -1.068598e-02
      vertex 6.270774e-02 -6.299900e-02 -3.378297e-02
    endloop
  endfacet
  facet normal -2.902847e-01 0.000000e+00 9.569404e-01
    outer loop
      vertex 6.270774e-02 -6.299900e-02 -1.068598e-02
      vertex 6.505266e-02 -6.299900e-02 -9.974655e-03
      vertex 6.505266e-02 -2.299899e-02 -9.974655e-03
    endloop
  endfacet
  facet normal -9.801736e-02 0.000000e+00 9.951847e-01
    outer loop
      vertex 6.505266e-02 -6.299900e-02 -9.974655e-03
      vertex 6.749129e-02 -6.299900e-02 -9.734470e-03
      vertex 6.749129e-02 -2.299899e-02 -9.734470e-03
    endloop
  endfacet
  facet normal 0.000000e+00 1.000000e+00 0.000000e+00
    outer loop
      vertex 6.505266e-02 -2.299899e-02 -9.974655e-03
      vertex 6.749129e-02 -2.299899e-02 -9.734470e-03
      vertex 6.992991e-02 -2.299899e-02 -9.974655e-03
    endloop
  endfacet
  facet normal 0.000000e+00 1.000000e+00 0.000000e+00
    outer loop
      vertex 6.992991e-02 -2.299899e-02 -9.974655e-03
      vertex 7.227483e-02 -2.299899e-02 -1.068598e-02
      vertex 7.443591e-02 -2.299899e-02 -1.184110e-02
    endloop
  endfacet
  facet normal 0.000000e+00 1.000000e+00 0.000000e+00
    outer loop
      vertex 7.443591e-02 -2.299899e-02 -1.184110e-02
      vertex 7.633013e-02 -2.299899e-02 -1.339563e-02
      vertex 7.788466e-02 -2.299899e-02 -1.528984e-02
    endloop
  endfacet
  facet normal 0.000000e+00 9.999999e-01 0.000000e+00
    outer loop
      vertex 7.788466e-02 -2.299899e-02 -1.528984e-02
      vertex 7.903978e-02 -2.299899e-02 -1.745092e-02
      vertex 7.443591e-02 -2.299899e-02 -1.184110e-02
    endloop
  endfacet
  facet normal 0.000000e+00 9.999999e-01 0.000000e+00
    outer loop
      vertex 7.903978e-02 -2.299899e-02 -1.745092e-02
      vertex 7.975110e-02 -2.299899e-02 -1.979584e-02
      vertex 7.443591e-02 -2.299899e-02 -1.184110e-02
    endloop
  endfacet
  facet normal 0.000000e+00 1.000000e+00 0.000000e+00
    outer loop
      vertex 7.975110e-02 -2.299899e-02 -1.979584e-02
      vertex 7.999129e-02 -2.299899e-02 -2.223447e-02
      vertex 7.975110e-02 -2.299899e-02 -2.467310e-02
    endloop
  endfacet
  facet normal 0.000000e+00 1.000000e+00 0.000000e+00
    outer loop
      vertex 7.975110e-02 -2.299899e-02 -2.467310e-02
      vertex 7.903978e-02 -2.299899e-02 -2.701801e-02
      vertex 7.788466e-02 -2.299899e-02 -2.917910e-02
    endloop
  endfacet
  facet normal 0.000000e+00 1.000000e+00 0.000000e+00
    outer loop
      vertex 7.788466e-02 -2.299899e-02 -2.917910e-02
      vertex 7.633013e-02 -2.299899e-02 -3.107330e-02
      vertex 7.443591e-02 -2.299899e-02 -3.262784e-02
    endloop
  endfacet
  facet normal 0.000000e+00 1.000000e+00 0.000000e+00
    outer loop
      vertex 7.443591e-02 -2.299899e-02 -3.262784e-02
      vertex 7.227483e-02 -2.299899e-02 -3.378296e-02
      vertex 6.992991e-02 -2.299899e-02 -3.449428e-02
    endloop
  endfacet
  facet normal 0.000000e+00 1.000000e+00 0.000000e+00
    outer loop
      vertex 6.992991e-02 -2.299899e-02 -3.449428e-02
      vertex 6.749129e-02 -2.299899e-02 -3.473447e-02
      vertex 6.505266e-02 -2.299899e-02 -3.449428e-02
    endloop
  endfacet
  facet normal 0.000000e+00 1.000000e+00 -0.000000e+00
    outer loop
      vertex 6.505266e-02 -2.299899e-02 -3.449428e-02
      vertex 6.270774e-02 -2.299899e-02 -3.378296e-02
      vertex 6.992991e-02 -2.299899e-02 -3.449428e-02
    endloop
  endfacet
  facet normal -0.000000e+00 1.000000e+00 -0.000000e+00
    outer loop
      vertex 6.270774e-02 -2.299899e-02 -3.378296e-02
      vertex 6.054666e-02 -2.299899e-02 -3.262784e-02
      vertex 6.992991e-02 -2.299899e-02 -3.449428e-02
    endloop
  endfacet
  facet normal 0.000000e+00 1.000000e+00 0.000000e+00
    outer loop
      vertex 6.054666e-02 -2.299899e-02 -3.262784e-02
      vertex 5.865245e-02 -2.299899e-02 -3.107330e-02
      vertex 5.709792e-02 -2.299899e-02 -2.917910e-02
    endloop
  endfacet
  facet normal -0.000000e+00 1.000000e+00 -0.000000e+00
    outer loop
      vertex 5.709792e-02 -2.299899e-02 -2.917910e-02
      vertex 5.594279e-02 -2.299899e-02 -2.701801e-02
      vertex 6.054666e-02 -2.299899e-02 -3.262784e-02
    endloop
  endfacet
  facet normal -0.000000e+00 9.999999e-01 -0.000000e+00
    outer loop
      vertex 5.594279e-02 -2.299899e-02 -2.701801e-02
      vertex 5.523147e-02 -2.299899e-02 -2.467310e-02
      vertex 6.054666e-02 -2.299899e-02 -3.262784e-02
    endloop
  endfacet
  facet normal 0.000000e+00 1.000000e+00 -0.000000e+00
    outer loop
      vertex 5.523147e-02 -2.299899e-02 -2.467310e-02
      vertex 5.499129e-02 -2.299899e-02 -2.223447e-02
      vertex 5.523147e-02 -2.299899e-02 -1.979584e-02
    endloop
  endfacet
  facet normal 0.000000e+00 1.000000e+00 0.000000e+00
    outer loop
      vertex 5.523147e-02 -2.299899e-02 -1.979584e-02
      vertex 5.594279e-02 -2.299899e-02 -1.745092e-02
      vertex 5.709792e-02 -2.299899e-02 -1.528984e-02
    endloop
  endfacet
  facet normal 0.000000e+00 1.000000e+00 0.000000e+00
    outer loop
      vertex 5.709792e-02 -2.299899e-02 -1.528984e-02
      vertex 5.865245e-02 -2.299899e-02 -1.339563e-02
      vertex 6.054666e-02 -2.299899e-02 -1.184110e-02
    endloop
  endfacet
  facet normal -0.000000e+00 1.000000e+00 0.000000e+00
    outer loop
      vertex 6.054666e-02 -2.299899e-02 -1.184110e-02
      vertex 6.270774e-02 -2.299899e-02 -1.068598e-02
      vertex 5.709792e-02 -2.299899e-02 -1.528984e-02
    endloop
  endfacet
  facet normal -0.000000e+00 1.000000e+00 0.000000e+00
    outer loop
      vertex 6.270774e-02 -2.299899e-02 -1.068598e-02
      vertex 6.505266e-02 -2.299899e-02 -9.974655e-03
      vertex 5.709792e-02 -2.299899e-02 -1.528984e-02
    endloop
  endfacet
  facet normal -0.000000e+00 9.999999e-01 0.000000e+00
    outer loop
      vertex 6.505266e-02 -2.299899e-02 -9.974655e-03
      vertex 6.992991e-02 -2.299899e-02 -9.974655e-03
      vertex 7.975110e-02 -2.299899e-02 -1.979584e-02
    endloop
  endfacet
  facet normal 0.000000e+00 1.000000e+00 0.000000e+00
    outer loop
      vertex 6.992991e-02 -2.299899e-02 -9.974655e-03
      vertex 7.443591e-02 -2.299899e-02 -1.184110e-02
      vertex 7.975110e-02 -2.299899e-02 -1.979584e-02
    endloop
  endfacet
  facet normal 0.000000e+00 1.000000e+00 0.000000e+00
    outer loop
      vertex 7.975110e-02 -2.299899e-02 -1.979584e-02
      vertex 7.975110e-02 -2.299899e-02 -2.467310e-02
      vertex 6.992991e-02 -2.299899e-02 -3.449428e-02
    endloop
  endfacet
  facet normal 0.000000e+00 1.000000e+00 0.000000e+00
    outer loop
      vertex 7.975110e-02 -2.299899e-02 -2.467310e-02
      vertex 7.788466e-02 -2.299899e-02 -2.917910e-02
      vertex 6.992991e-02 -2.299899e-02 -3.449428e-02
    endloop
  endfacet
  facet normal 0.000000e+00 9.999999e-01 0.000000e+00
    outer loop
      vertex 7.788466e-02 -2.299899e-02 -2.917910e-02
      vertex 7.443591e-02 -2.299899e-02 -3.262784e-02
      vertex 6.992991e-02 -2.299899e-02 -3.449428e-02
    endloop
  endfacet
  facet normal 0.000000e+00 1.000000e+00 0.000000e+00
    outer loop
      vertex 5.523147e-02 -2.299899e-02 -2.467310e-02
      vertex 5.523147e-02 -2.299899e-02 -1.979584e-02
      vertex 6.505266e-02 -2.299899e-02 -9.974655e-03
    endloop
  endfacet
  facet normal 0.000000e+00 1.000000e+00 0.000000e+00
    outer loop
      vertex 5.523147e-02 -2.299899e-02 -1.979584e-02
      vertex 5.709792e-02 -2.299899e-02 -1.528984e-02
      vertex 6.505266e-02 -2.299899e-02 -9.974655e-03
    endloop
  endfacet
  facet normal 0.000000e+00 1.000000e+00 0.000000e+00
    outer loop
      vertex 6.992991e-02 -2.299899e-02 -3.449428e-02
      vertex 6.054666e-02 -2.299899e-02 -3.262784e-02
      vertex 5.523147e-02 -2.299899e-02 -2.467310e-02
    endloop
  endfacet
  facet normal 0.000000e+00 9.999999e-01 0.000000e+00
    outer loop
      vertex 6.505266e-02 -2.299899e-02 -9.974655e-03
      vertex 7.975110e-02 -2.299899e-02 -1.979584e-02
      vertex 6.992991e-02 -2.299899e-02 -3.449428e-02
    endloop
  endfacet
  facet normal 9.801736e-02 -0.000000e+00 9.951847e-01
    outer loop
      vertex -6.750872e-02 2.300101e-02 -9.734470e-03
      vertex -6.507009e-02 6.300101e-02 -9.974655e-03
      vertex -6.750872e-02 6.300101e-02 -9.734470e-03
    endloop
  endfacet
  facet normal 2.902847e-01 -0.000000e+00 9.569404e-01
    outer loop
      vertex -6.507009e-02 2.300101e-02 -9.974655e-03
      vertex -6.272518e-02 6.300101e-02 -1.068598e-02
      vertex -6.507009e-02 6.300101e-02 -9.974655e-03
    endloop
  endfacet
  facet normal 4.713946e-01 -0.000000e+00 8.819225e-01
    outer loop
      vertex -6.272518e-02 2.300101e-02 -1.068598e-02
      vertex -6.056409e-02 6.300101e-02 -1.184110e-02
      vertex -6.272518e-02 6.300101e-02 -1.068598e-02
    endloop
  endfacet
  facet normal 6.343940e-01 -7.199215e-08 7.730098e-01
    outer loop
      vertex -6.056409e-02 2.300101e-02 -1.184110e-02
      vertex -5.866988e-02 6.300101e-02 -1.339563e-02
      vertex -6.056409e-02 6.300101e-02 -1.184110e-02
    endloop
  endfacet
  facet normal 7.730106e-01 -5.908246e-08 6.343931e-01
    outer loop
      vertex -5.866988e-02 2.300101e-02 -1.339564e-02
      vertex -5.711535e-02 6.300101e-02 -1.528984e-02
      vertex -5.866988e-02 6.300101e-02 -1.339563e-02
    endloop
  endfacet
  facet normal 8.819215e-01 -4.390221e-08 4.713964e-01
    outer loop
      vertex -5.711535e-02 2.300101e-02 -1.528984e-02
      vertex -5.596023e-02 6.300101e-02 -1.745092e-02
      vertex -5.711535e-02 6.300101e-02 -1.528984e-02
    endloop
  endfacet
  facet normal 9.569404e-01 -0.000000e+00 2.902847e-01
    outer loop
      vertex -5.596023e-02 2.300101e-02 -1.745092e-02
      vertex -5.524890e-02 6.300101e-02 -1.979584e-02
      vertex -5.596023e-02 6.300101e-02 -1.745092e-02
    endloop
  endfacet
  facet normal 9.951848e-01 -0.000000e+00 9.801722e-02
    outer loop
      vertex -5.524890e-02 2.300101e-02 -1.979584e-02
      vertex -5.500872e-02 6.300101e-02 -2.223447e-02
      vertex -5.524890e-02 6.300101e-02 -1.979584e-02
    endloop
  endfacet
  facet normal 9.951847e-01 0.000000e+00 -9.801729e-02
    outer loop
      vertex -5.500872e-02 2.300101e-02 -2.223447e-02
      vertex -5.524890e-02 6.300101e-02 -2.467310e-02
      vertex -5.500872e-02 6.300101e-02 -2.223447e-02
    endloop
  endfacet
  facet normal 9.569404e-01 0.000000e+00 -2.902847e-01
    outer loop
      vertex -5.524890e-02 2.300101e-02 -2.467310e-02
      vertex -5.596023e-02 6.300101e-02 -2.701801e-02
      vertex -5.524890e-02 6.300101e-02 -2.467310e-02
    endloop
  endfacet
  facet normal 8.819215e-01 2.195111e-08 -4.713964e-01
    outer loop
      vertex -5.596023e-02 2.300101e-02 -2.701801e-02
      vertex -5.711535e-02 6.300101e-02 -2.917910e-02
      vertex -5.596023e-02 6.300101e-02 -2.701801e-02
    endloop
  endfacet
  facet normal 7.730103e-01 2.954125e-08 -6.343935e-01
    outer loop
      vertex -5.711535e-02 2.300101e-02 -2.917910e-02
      vertex -5.866988e-02 6.300101e-02 -3.107330e-02
      vertex -5.711535e-02 6.300101e-02 -2.917910e-02
    endloop
  endfacet
  facet normal 6.343931e-01 7.199223e-08 -7.730106e-01
    outer loop
      vertex -5.866988e-02 2.300101e-02 -3.107331e-02
      vertex -6.056409e-02 6.300101e-02 -3.262784e-02
      vertex -5.866988e-02 6.300101e-02 -3.107330e-02
    endloop
  endfacet
  facet normal 4.713969e-01 1.642706e-07 -8.819212e-01
    outer loop
      vertex -6.056409e-02 2.300101e-02 -3.262784e-02
      vertex -6.272518e-02 6.300101e-02 -3.378296e-02
      vertex -6.056409e-02 6.300101e-02 -3.262784e-02
    endloop
  endfacet
  facet normal 2.902847e-01 8.912202e-08 -9.569404e-01
    outer loop
      vertex -6.272518e-02 2.300101e-02 -3.378297e-02
      vertex -6.507009e-02 6.300101e-02 -3.449428e-02
      vertex -6.272518e-02 6.300101e-02 -3.378296e-02
    endloop
  endfacet
  facet normal 9.801888e-02 0.000000e+00 -9.951845e-01
    outer loop
      vertex -6.507009e-02 2.300101e-02 -3.449428e-02
      vertex -6.750872e-02 6.300101e-02 -3.473447e-02
      vertex -6.507009e-02 6.300101e-02 -3.449428e-02
    endloop
  endfacet
  facet normal -9.801888e-02 0.000000e+00 -9.951845e-01
    outer loop
      vertex -6.750872e-02 2.300101e-02 -3.473447e-02
      vertex -6.994735e-02 6.300101e-02 -3.449428e-02
      vertex -6.750872e-02 6.300101e-02 -3.473447e-02
    endloop
  endfacet
  facet normal -2.902838e-01 0.000000e+00 -9.569406e-01
    outer loop
      vertex -6.994735e-02 2.300101e-02 -3.449428e-02
      vertex -7.229227e-02 6.300101e-02 -3.378296e-02
      vertex -6.994735e-02 6.300101e-02 -3.449428e-02
    endloop
  endfacet
  facet normal -4.713988e-01 1.647014e-07 -8.819202e-01
    outer loop
      vertex -7.229227e-02 6.300101e-02 -3.378296e-02
      vertex -7.445335e-02 2.300101e-02 -3.262784e-02
      vertex -7.445335e-02 6.300101e-02 -3.262784e-02
    endloop
  endfacet
  facet normal -6.343916e-01 1.439847e-07 -7.730117e-01
    outer loop
      vertex -7.445335e-02 2.300101e-02 -3.262784e-02
      vertex -7.634756e-02 6.300101e-02 -3.107330e-02
      vertex -7.445335e-02 6.300101e-02 -3.262784e-02
    endloop
  endfacet
  facet normal -7.730103e-01 5.908250e-08 -6.343935e-01
    outer loop
      vertex -7.634756e-02 2.300101e-02 -3.107331e-02
      vertex -7.790209e-02 6.300101e-02 -2.917910e-02
      vertex -7.634756e-02 6.300101e-02 -3.107330e-02
    endloop
  endfacet
  facet normal -8.819215e-01 2.195110e-08 -4.713964e-01
    outer loop
      vertex -7.790209e-02 2.300101e-02 -2.917910e-02
      vertex -7.905722e-02 6.300101e-02 -2.701801e-02
      vertex -7.790209e-02 6.300101e-02 -2.917910e-02
    endloop
  endfacet
  facet normal -9.569412e-01 1.351730e-08 -2.902819e-01
    outer loop
      vertex -7.905722e-02 2.300101e-02 -2.701801e-02
      vertex -7.976853e-02 6.300101e-02 -2.467310e-02
      vertex -7.905722e-02 6.300101e-02 -2.701801e-02
    endloop
  endfacet
  facet normal -9.951844e-01 0.000000e+00 -9.802030e-02
    outer loop
      vertex -7.976853e-02 2.300101e-02 -2.467310e-02
      vertex -8.000872e-02 6.300101e-02 -2.223447e-02
      vertex -7.976853e-02 6.300101e-02 -2.467310e-02
    endloop
  endfacet
  facet normal -9.951844e-01 0.000000e+00 9.802023e-02
    outer loop
      vertex -8.000872e-02 2.300101e-02 -2.223447e-02
      vertex -7.976853e-02 6.300101e-02 -1.979584e-02
      vertex -8.000872e-02 6.300101e-02 -2.223447e-02
    endloop
  endfacet
  facet normal -9.569412e-01 0.000000e+00 2.902819e-01
    outer loop
      vertex -7.976853e-02 2.300101e-02 -1.979584e-02
      vertex -7.905722e-02 6.300101e-02 -1.745092e-02
      vertex -7.976853e-02 6.300101e-02 -1.979584e-02
    endloop
  endfacet
  facet normal -8.819215e-01 0.000000e+00 4.713964e-01
    outer loop
      vertex -7.905722e-02 2.300101e-02 -1.745092e-02
      vertex -7.790209e-02 6.300101e-02 -1.528984e-02
      vertex -7.905722e-02 6.300101e-02 -1.745092e-02
    endloop
  endfacet
  facet normal -7.730106e-01 -5.908246e-08 6.343930e-01
    outer loop
      vertex -7.790209e-02 2.300101e-02 -1.528984e-02
      vertex -7.634756e-02 6.300101e-02 -1.339563e-02
      vertex -7.790209e-02 6.300101e-02 -1.528984e-02
    endloop
  endfacet
  facet normal -6.343926e-01 -7.199226e-08 7.730110e-01
    outer loop
      vertex -7.634756e-02 2.300101e-02 -1.339564e-02
      vertex -7.445335e-02 6.300101e-02 -1.184110e-02
      vertex -7.634756e-02 6.300101e-02 -1.339563e-02
    endloop
  endfacet
  facet normal -4.713964e-01 0.000000e+00 8.819214e-01
    outer loop
      vertex -7.445335e-02 6.300101e-02 -1.184110e-02
      vertex -7.229227e-02 2.300101e-02 -1.068598e-02
      vertex -7.229227e-02 6.300101e-02 -1.068598e-02
    endloop
  endfacet
  facet normal 0.000000e+00 -1.000000e+00 0.000000e+00
    outer loop
      vertex -7.905722e-02 2.300101e-02 -1.745092e-02
      vertex -7.229227e-02 2.300101e-02 -3.378297e-02
      vertex -5.596023e-02 2.300101e-02 -2.701801e-02
    endloop
  endfacet
  facet normal -2.902838e-01 0.000000e+00 9.569406e-01
    outer loop
      vertex -7.229227e-02 2.300101e-02 -1.068598e-02
      vertex -6.994735e-02 6.300101e-02 -9.974655e-03
      vertex -7.229227e-02 6.300101e-02 -1.068598e-02
    endloop
  endfacet
  facet normal -9.801736e-02 0.000000e+00 9.951847e-01
    outer loop
      vertex -6.994735e-02 2.300101e-02 -9.974655e-03
      vertex -6.750872e-02 6.300101e-02 -9.734470e-03
      vertex -6.994735e-02 6.300101e-02 -9.974655e-03
    endloop
  endfacet
  facet normal 0.000000e+00 9.999999e-01 0.000000e+00
    outer loop
      vertex -6.507009e-02 6.300101e-02 -3.449428e-02
      vertex -7.976853e-02 6.300101e-02 -2.467310e-02
      vertex -6.994735e-02 6.300101e-02 -9.974655e-03
    endloop
  endfacet
  facet normal 9.801736e-02 0.000000e+00 9.951847e-01
    outer loop
      vertex -6.750872e-02 2.300101e-02 -9.734470e-03
      vertex -6.507009e-02 2.300101e-02 -9.974655e-03
      vertex -6.507009e-02 6.300101e-02 -9.974655e-03
    endloop
  endfacet
  facet normal 2.902847e-01 0.000000e+00 9.569404e-01
    outer loop
      vertex -6.507009e-02 2.300101e-02 -9.974655e-03
      vertex -6.272518e-02 2.300101e-02 -1.068598e-02
      vertex -6.272518e-02 6.300101e-02 -1.068598e-02
    endloop
  endfacet
  facet normal 4.713957e-01 -8.119057e-08 8.819218e-01
    outer loop
      vertex -6.272518e-02 2.300101e-02 -1.068598e-02
      vertex -6.056409e-02 2.300101e-02 -1.184110e-02
      vertex -6.056409e-02 6.300101e-02 -1.184110e-02
    endloop
  endfacet
  facet normal 6.343940e-01 -7.191174e-08 7.730098e-01
    outer loop
      vertex -6.056409e-02 2.300101e-02 -1.184110e-02
      vertex -5.866988e-02 2.300101e-02 -1.339564e-02
      vertex -5.866988e-02 6.300101e-02 -1.339563e-02
    endloop
  endfacet
  facet normal 7.730106e-01 -6.031313e-08 6.343931e-01
    outer loop
      vertex -5.866988e-02 2.300101e-02 -1.339564e-02
      vertex -5.711535e-02 2.300101e-02 -1.528984e-02
      vertex -5.711535e-02 6.300101e-02 -1.528984e-02
    endloop
  endfacet
  facet normal 8.819211e-01 0.000000e+00 4.713970e-01
    outer loop
      vertex -5.711535e-02 2.300101e-02 -1.528984e-02
      vertex -5.596023e-02 2.300101e-02 -1.745092e-02
      vertex -5.596023e-02 6.300101e-02 -1.745092e-02
    endloop
  endfacet
  facet normal 9.569404e-01 0.000000e+00 2.902847e-01
    outer loop
      vertex -5.596023e-02 2.300101e-02 -1.745092e-02
      vertex -5.524890e-02 2.300101e-02 -1.979584e-02
      vertex -5.524890e-02 6.300101e-02 -1.979584e-02
    endloop
  endfacet
  facet normal 9.951848e-01 0.000000e+00 9.801722e-02
    outer loop
      vertex -5.524890e-02 2.300101e-02 -1.979584e-02
      vertex -5.500872e-02 2.300101e-02 -2.223447e-02
      vertex -5.500872e-02 6.300101e-02 -2.223447e-02
    endloop
  endfacet
  facet normal 9.951847e-01 0.000000e+00 -9.801729e-02
    outer loop
      vertex -5.500872e-02 2.300101e-02 -2.223447e-02
      vertex -5.524890e-02 2.300101e-02 -2.467310e-02
      vertex -5.524890e-02 6.300101e-02 -2.467310e-02
    endloop
  endfacet
  facet normal 9.569405e-01 1.275853e-08 -2.902845e-01
    outer loop
      vertex -5.524890e-02 2.300101e-02 -2.467310e-02
      vertex -5.596023e-02 2.300101e-02 -2.701801e-02
      vertex -5.596023e-02 6.300101e-02 -2.701801e-02
    endloop
  endfacet
  facet normal 8.819215e-01 2.087761e-08 -4.713964e-01
    outer loop
      vertex -5.596023e-02 2.300101e-02 -2.701801e-02
      vertex -5.711535e-02 2.300101e-02 -2.917910e-02
      vertex -5.711535e-02 6.300101e-02 -2.917910e-02
    endloop
  endfacet
  facet normal 7.730106e-01 6.031313e-08 -6.343931e-01
    outer loop
      vertex -5.711535e-02 2.300101e-02 -2.917910e-02
      vertex -5.866988e-02 2.300101e-02 -3.107331e-02
      vertex -5.866988e-02 6.300101e-02 -3.107330e-02
    endloop
  endfacet
  facet normal 6.343940e-01 1.438235e-07 -7.730098e-01
    outer loop
      vertex -5.866988e-02 2.300101e-02 -3.107331e-02
      vertex -6.056409e-02 2.300101e-02 -3.262784e-02
      vertex -6.056409e-02 6.300101e-02 -3.262784e-02
    endloop
  endfacet
  facet normal 4.713957e-01 8.119057e-08 -8.819218e-01
    outer loop
      vertex -6.056409e-02 2.300101e-02 -3.262784e-02
      vertex -6.272518e-02 2.300101e-02 -3.378297e-02
      vertex -6.272518e-02 6.300101e-02 -3.378296e-02
    endloop
  endfacet
  facet normal 2.902833e-01 0.000000e+00 -9.569407e-01
    outer loop
      vertex -6.272518e-02 2.300101e-02 -3.378297e-02
      vertex -6.507009e-02 2.300101e-02 -3.449428e-02
      vertex -6.507009e-02 6.300101e-02 -3.449428e-02
    endloop
  endfacet
  facet normal 9.801888e-02 0.000000e+00 -9.951845e-01
    outer loop
      vertex -6.507009e-02 2.300101e-02 -3.449428e-02
      vertex -6.750872e-02 2.300101e-02 -3.473447e-02
      vertex -6.750872e-02 6.300101e-02 -3.473447e-02
    endloop
  endfacet
  facet normal -9.801888e-02 0.000000e+00 -9.951845e-01
    outer loop
      vertex -6.750872e-02 2.300101e-02 -3.473447e-02
      vertex -6.994735e-02 2.300101e-02 -3.449428e-02
      vertex -6.994735e-02 6.300101e-02 -3.449428e-02
    endloop
  endfacet
  facet normal -2.902824e-01 8.814967e-08 -9.569410e-01
    outer loop
      vertex -6.994735e-02 2.300101e-02 -3.449428e-02
      vertex -7.229227e-02 2.300101e-02 -3.378297e-02
      vertex -7.229227e-02 6.300101e-02 -3.378296e-02
    endloop
  endfacet
  facet normal -4.713976e-01 8.213527e-08 -8.819208e-01
    outer loop
      vertex -7.229227e-02 6.300101e-02 -3.378296e-02
      vertex -7.229227e-02 2.300101e-02 -3.378297e-02
      vertex -7.445335e-02 2.300101e-02 -3.262784e-02
    endloop
  endfacet
  facet normal -6.343925e-01 7.191156e-08 -7.730111e-01
    outer loop
      vertex -7.445335e-02 2.300101e-02 -3.262784e-02
      vertex -7.634756e-02 2.300101e-02 -3.107331e-02
      vertex -7.634756e-02 6.300101e-02 -3.107330e-02
    endloop
  endfacet
  facet normal -7.730106e-01 2.783683e-08 -6.343931e-01
    outer loop
      vertex -7.634756e-02 2.300101e-02 -3.107331e-02
      vertex -7.790209e-02 2.300101e-02 -2.917910e-02
      vertex -7.790209e-02 6.300101e-02 -2.917910e-02
    endloop
  endfacet
  facet normal -8.819215e-01 2.319734e-08 -4.713964e-01
    outer loop
      vertex -7.790209e-02 2.300101e-02 -2.917910e-02
      vertex -7.905722e-02 2.300101e-02 -2.701801e-02
      vertex -7.905722e-02 6.300101e-02 -2.701801e-02
    endloop
  endfacet
  facet normal -9.569413e-01 0.000000e+00 -2.902817e-01
    outer loop
      vertex -7.905722e-02 2.300101e-02 -2.701801e-02
      vertex -7.976853e-02 2.300101e-02 -2.467310e-02
      vertex -7.976853e-02 6.300101e-02 -2.467310e-02
    endloop
  endfacet
  facet normal -9.951844e-01 0.000000e+00 -9.802030e-02
    outer loop
      vertex -7.976853e-02 2.300101e-02 -2.467310e-02
      vertex -8.000872e-02 2.300101e-02 -2.223447e-02
      vertex -8.000872e-02 6.300101e-02 -2.223447e-02
    endloop
  endfacet
  facet normal -9.951844e-01 0.000000e+00 9.802023e-02
    outer loop
      vertex -8.000872e-02 2.300101e-02 -2.223447e-02
      vertex -7.976853e-02 2.300101e-02 -1.979584e-02
      vertex -7.976853e-02 6.300101e-02 -1.979584e-02
    endloop
  endfacet
  facet normal -9.569412e-01 0.000000e+00 2.902819e-01
    outer loop
      vertex -7.976853e-02 2.300101e-02 -1.979584e-02
      vertex -7.905722e-02 2.300101e-02 -1.745092e-02
      vertex -7.905722e-02 6.300101e-02 -1.745092e-02
    endloop
  endfacet
  facet normal -8.819211e-01 -4.407500e-08 4.713970e-01
    outer loop
      vertex -7.905722e-02 2.300101e-02 -1.745092e-02
      vertex -7.790209e-02 2.300101e-02 -1.528984e-02
      vertex -7.790209e-02 6.300101e-02 -1.528984e-02
    endloop
  endfacet
  facet normal -7.730106e-01 -5.799339e-08 6.343931e-01
    outer loop
      vertex -7.790209e-02 2.300101e-02 -1.528984e-02
      vertex -7.634756e-02 2.300101e-02 -1.339564e-02
      vertex -7.634756e-02 6.300101e-02 -1.339563e-02
    endloop
  endfacet
  facet normal -6.343925e-01 -7.191156e-08 7.730111e-01
    outer loop
      vertex -7.634756e-02 2.300101e-02 -1.339564e-02
      vertex -7.445335e-02 2.300101e-02 -1.184110e-02
      vertex -7.445335e-02 6.300101e-02 -1.184110e-02
    endloop
  endfacet
  facet normal -4.713976e-01 -8.213527e-08 8.819208e-01
    outer loop
      vertex -7.445335e-02 6.300101e-02 -1.184110e-02
      vertex -7.445335e-02 2.300101e-02 -1.184110e-02
      vertex -7.229227e-02 2.300101e-02 -1.068598e-02
    endloop
  endfacet
  facet normal 0.000000e+00 -1.000000e+00 0.000000e+00
    outer loop
      vertex -6.272518e-02 2.300101e-02 -1.068598e-02
      vertex -6.507009e-02 2.300101e-02 -9.974655e-03
      vertex -6.750872e-02 2.300101e-02 -9.734470e-03
    endloop
  endfacet
  facet normal 0.000000e+00 -1.000000e+00 -0.000000e+00
    outer loop
      vertex -6.750872e-02 2.300101e-02 -9.734470e-03
      vertex -6.994735e-02 2.300101e-02 -9.974655e-03
      vertex -6.272518e-02 2.300101e-02 -1.068598e-02
    endloop
  endfacet
  facet normal 0.000000e+00 -1.000000e+00 -0.000000e+00
    outer loop
      vertex -6.994735e-02 2.300101e-02 -9.974655e-03
      vertex -7.229227e-02 2.300101e-02 -1.068598e-02
      vertex -6.272518e-02 2.300101e-02 -1.068598e-02
    endloop
  endfacet
  facet normal 0.000000e+00 -1.000000e+00 0.000000e+00
    outer loop
      vertex -7.229227e-02 2.300101e-02 -1.068598e-02
      vertex -7.445335e-02 2.300101e-02 -1.184110e-02
      vertex -7.905722e-02 2.300101e-02 -1.745092e-02
    endloop
  endfacet
  facet normal 0.000000e+00 -1.000000e+00 0.000000e+00
    outer loop
      vertex -7.445335e-02 2.300101e-02 -1.184110e-02
      vertex -7.634756e-02 2.300101e-02 -1.339564e-02
      vertex -7.905722e-02 2.300101e-02 -1.745092e-02
    endloop
  endfacet
  facet normal 0.000000e+00 -1.000000e+00 0.000000e+00
    outer loop
      vertex -7.634756e-02 2.300101e-02 -1.339564e-02
      vertex -7.790209e-02 2.300101e-02 -1.528984e-02
      vertex -7.905722e-02 2.300101e-02 -1.745092e-02
    endloop
  endfacet
  facet normal 0.000000e+00 -1.000000e+00 0.000000e+00
    outer loop
      vertex -7.905722e-02 2.300101e-02 -1.745092e-02
      vertex -7.976853e-02 2.300101e-02 -1.979584e-02
      vertex -7.976853e-02 2.300101e-02 -2.467310e-02
    endloop
  endfacet
  facet normal 0.000000e+00 -1.000000e+00 -0.000000e+00
    outer loop
      vertex -7.976853e-02 2.300101e-02 -1.979584e-02
      vertex -8.000872e-02 2.300101e-02 -2.223447e-02
      vertex -7.976853e-02 2.300101e-02 -2.467310e-02
    endloop
  endfacet
  facet normal 0.000000e+00 -1.000000e+00 0.000000e+00
    outer loop
      vertex -7.976853e-02 2.300101e-02 -2.467310e-02
      vertex -7.905722e-02 2.300101e-02 -2.701801e-02
      vertex -7.905722e-02 2.300101e-02 -1.745092e-02
    endloop
  endfacet
  facet normal 0.000000e+00 -1.000000e+00 0.000000e+00
    outer loop
      vertex -7.905722e-02 2.300101e-02 -2.701801e-02
      vertex -7.790209e-02 2.300101e-02 -2.917910e-02
      vertex -7.634756e-02 2.300101e-02 -3.107331e-02
    endloop
  endfacet
  facet normal 0.000000e+00 -9.999999e-01 0.000000e+00
    outer loop
      vertex -7.634756e-02 2.300101e-02 -3.107331e-02
      vertex -7.445335e-02 2.300101e-02 -3.262784e-02
      vertex -7.905722e-02 2.300101e-02 -2.701801e-02
    endloop
  endfacet
  facet normal 0.000000e+00 -1.000000e+00 0.000000e+00
    outer loop
      vertex -7.445335e-02 2.300101e-02 -3.262784e-02
      vertex -7.229227e-02 2.300101e-02 -3.378297e-02
      vertex -7.905722e-02 2.300101e-02 -2.701801e-02
    endloop
  endfacet
  facet normal 0.000000e+00 -1.000000e+00 0.000000e+00
    outer loop
      vertex -7.229227e-02 2.300101e-02 -3.378297e-02
      vertex -6.994735e-02 2.300101e-02 -3.449428e-02
      vertex -6.272518e-02 2.300101e-02 -3.378297e-02
    endloop
  endfacet
  facet normal 0.000000e+00 -1.000000e+00 0.000000e+00
    outer loop
      vertex -6.994735e-02 2.300101e-02 -3.449428e-02
      vertex -6.750872e-02 2.300101e-02 -3.473447e-02
      vertex -6.272518e-02 2.300101e-02 -3.378297e-02
    endloop
  endfacet
  facet normal 0.000000e+00 -1.000000e+00 0.000000e+00
    outer loop
      vertex -6.750872e-02 2.300101e-02 -3.473447e-02
      vertex -6.507009e-02 2.300101e-02 -3.449428e-02
      vertex -6.272518e-02 2.300101e-02 -3.378297e-02
    endloop
  endfacet
  facet normal 0.000000e+00 -1.000000e+00 0.000000e+00
    outer loop
      vertex -6.272518e-02 2.300101e-02 -3.378297e-02
      vertex -6.056409e-02 2.300101e-02 -3.262784e-02
      vertex -5.866988e-02 2.300101e-02 -3.107331e-02
    endloop
  endfacet
  facet normal 0.000000e+00 -1.000000e+00 0.000000e+00
    outer loop
      vertex -5.866988e-02 2.300101e-02 -3.107331e-02
      vertex -5.711535e-02 2.300101e-02 -2.917910e-02
      vertex -5.596023e-02 2.300101e-02 -2.701801e-02
    endloop
  endfacet
  facet normal 0.000000e+00 -1.000000e+00 0.000000e+00
    outer loop
      vertex -5.596023e-02 2.300101e-02 -2.701801e-02
      vertex -5.524890e-02 2.300101e-02 -2.467310e-02
      vertex -5.596023e-02 2.300101e-02 -1.745092e-02
    endloop
  endfacet
  facet normal 0.000000e+00 -1.000000e+00 0.000000e+00
    outer loop
      vertex -5.524890e-02 2.300101e-02 -2.467310e-02
      vertex -5.500872e-02 2.300101e-02 -2.223447e-02
      vertex -5.596023e-02 2.300101e-02 -1.745092e-02
    endloop
  endfacet
  facet normal 0.000000e+00 -1.000000e+00 0.000000e+00
    outer loop
      vertex -5.500872e-02 2.300101e-02 -2.223447e-02
      vertex -5.524890e-02 2.300101e-02 -1.979584e-02
      vertex -5.596023e-02 2.300101e-02 -1.745092e-02
    endloop
  endfacet
  facet normal 0.000000e+00 -1.000000e+00 0.000000e+00
    outer loop
      vertex -5.596023e-02 2.300101e-02 -1.745092e-02
      vertex -5.711535e-02 2.300101e-02 -1.528984e-02
      vertex -5.866988e-02 2.300101e-02 -1.339564e-02
    endloop
  endfacet
  facet normal -0.000000e+00 -9.999999e-01 -0.000000e+00
    outer loop
      vertex -5.866988e-02 2.300101e-02 -1.339564e-02
      vertex -6.056409e-02 2.300101e-02 -1.184110e-02
      vertex -5.596023e-02 2.300101e-02 -1.745092e-02
    endloop
  endfacet
  facet normal -0.000000e+00 -1.000000e+00 -0.000000e+00
    outer loop
      vertex -6.056409e-02 2.300101e-02 -1.184110e-02
      vertex -6.272518e-02 2.300101e-02 -1.068598e-02
      vertex -5.596023e-02 2.300101e-02 -1.745092e-02
    endloop
  endfacet
  facet normal 0.000000e+00 -1.000000e+00 0.000000e+00
    outer loop
      vertex -6.272518e-02 2.300101e-02 -3.378297e-02
      vertex -5.866988e-02 2.300101e-02 -3.107331e-02
      vertex -5.596023e-02 2.300101e-02 -2.701801e-02
    endloop
  endfacet
  facet normal -0.000000e+00 -1.000000e+00 0.000000e+00
    outer loop
      vertex -6.272518e-02 2.300101e-02 -1.068598e-02
      vertex -7.229227e-02 2.300101e-02 -1.068598e-02
      vertex -7.905722e-02 2.300101e-02 -1.745092e-02
    endloop
  endfacet
  facet normal 0.000000e+00 -1.000000e+00 0.000000e+00
    outer loop
      vertex -7.905722e-02 2.300101e-02 -1.745092e-02
      vertex -7.905722e-02 2.300101e-02 -2.701801e-02
      vertex -7.229227e-02 2.300101e-02 -3.378297e-02
    endloop
  endfacet
  facet normal 0.000000e+00 -1.000000e+00 0.000000e+00
    outer loop
      vertex -7.229227e-02 2.300101e-02 -3.378297e-02
      vertex -6.272518e-02 2.300101e-02 -3.378297e-02
      vertex -5.596023e-02 2.300101e-02 -2.701801e-02
    endloop
  endfacet
  facet normal 0.000000e+00 -1.000000e+00 0.000000e+00
    outer loop
      vertex -5.596023e-02 2.300101e-02 -2.701801e-02
      vertex -5.596023e-02 2.300101e-02 -1.745092e-02
      vertex -6.272518e-02 2.300101e-02 -1.068598e-02
    endloop
  endfacet
  facet normal 0.000000e+00 -1.000000e+00 -0.000000e+00
    outer loop
      vertex -6.272518e-02 2.300101e-02 -1.068598e-02
      vertex -7.905722e-02 2.300101e-02 -1.745092e-02
      vertex -5.596023e-02 2.300101e-02 -2.701801e-02
    endloop
  endfacet
  facet normal -2.902838e-01 0.000000e+00 9.569406e-01
    outer loop
      vertex -7.229227e-02 2.300101e-02 -1.068598e-02
      vertex -6.994735e-02 2.300101e-02 -9.974655e-03
      vertex -6.994735e-02 6.300101e-02 -9.974655e-03
    endloop
  endfacet
  facet normal -9.801736e-02 0.000000e+00 9.951847e-01
    outer loop
      vertex -6.994735e-02 2.300101e-02 -9.974655e-03
      vertex -6.750872e-02 2.300101e-02 -9.734470e-03
      vertex -6.750872e-02 6.300101e-02 -9.734470e-03
    endloop
  endfacet
  facet normal 0.000000e+00 1.000000e+00 0.000000e+00
    outer loop
      vertex -6.994735e-02 6.300101e-02 -9.974655e-03
      vertex -6.750872e-02 6.300101e-02 -9.734470e-03
      vertex -6.507009e-02 6.300101e-02 -9.974655e-03
    endloop
  endfacet
  facet normal 0.000000e+00 1.000000e+00 0.000000e+00
    outer loop
      vertex -6.507009e-02 6.300101e-02 -9.974655e-03
      vertex -6.272518e-02 6.300101e-02 -1.068598e-02
      vertex -6.994735e-02 6.300101e-02 -9.974655e-03
    endloop
  endfacet
  facet normal 0.000000e+00 1.000000e+00 0.000000e+00
    outer loop
      vertex -6.272518e-02 6.300101e-02 -1.068598e-02
      vertex -6.056409e-02 6.300101e-02 -1.184110e-02
      vertex -6.994735e-02 6.300101e-02 -9.974655e-03
    endloop
  endfacet
  facet normal 0.000000e+00 1.000000e+00 0.000000e+00
    outer loop
      vertex -6.056409e-02 6.300101e-02 -1.184110e-02
      vertex -5.866988e-02 6.300101e-02 -1.339563e-02
      vertex -5.711535e-02 6.300101e-02 -1.528984e-02
    endloop
  endfacet
  facet normal 0.000000e+00 1.000000e+00 0.000000e+00
    outer loop
      vertex -5.711535e-02 6.300101e-02 -1.528984e-02
      vertex -5.596023e-02 6.300101e-02 -1.745092e-02
      vertex -6.056409e-02 6.300101e-02 -1.184110e-02
    endloop
  endfacet
  facet normal 0.000000e+00 1.000000e+00 0.000000e+00
    outer loop
      vertex -5.596023e-02 6.300101e-02 -1.745092e-02
      vertex -5.524890e-02 6.300101e-02 -1.979584e-02
      vertex -6.056409e-02 6.300101e-02 -1.184110e-02
    endloop
  endfacet
  facet normal 0.000000e+00 1.000000e+00 0.000000e+00
    outer loop
      vertex -5.524890e-02 6.300101e-02 -1.979584e-02
      vertex -5.500872e-02 6.300101e-02 -2.223447e-02
      vertex -5.524890e-02 6.300101e-02 -2.467310e-02
    endloop
  endfacet
  facet normal 0.000000e+00 1.000000e+00 -0.000000e+00
    outer loop
      vertex -5.524890e-02 6.300101e-02 -2.467310e-02
      vertex -5.596023e-02 6.300101e-02 -2.701801e-02
      vertex -5.524890e-02 6.300101e-02 -1.979584e-02
    endloop
  endfacet
  facet normal 0.000000e+00 9.999999e-01 -0.000000e+00
    outer loop
      vertex -5.596023e-02 6.300101e-02 -2.701801e-02
      vertex -5.711535e-02 6.300101e-02 -2.917910e-02
      vertex -5.524890e-02 6.300101e-02 -1.979584e-02
    endloop
  endfacet
  facet normal 0.000000e+00 1.000000e+00 0.000000e+00
    outer loop
      vertex -5.711535e-02 6.300101e-02 -2.917910e-02
      vertex -5.866988e-02 6.300101e-02 -3.107330e-02
      vertex -6.056409e-02 6.300101e-02 -3.262784e-02
    endloop
  endfacet
  facet normal 0.000000e+00 9.999999e-01 0.000000e+00
    outer loop
      vertex -6.056409e-02 6.300101e-02 -3.262784e-02
      vertex -6.272518e-02 6.300101e-02 -3.378296e-02
      vertex -6.507009e-02 6.300101e-02 -3.449428e-02
    endloop
  endfacet
  facet normal 0.000000e+00 1.000000e+00 0.000000e+00
    outer loop
      vertex -6.507009e-02 6.300101e-02 -3.449428e-02
      vertex -6.750872e-02 6.300101e-02 -3.473447e-02
      vertex -6.994735e-02 6.300101e-02 -3.449428e-02
    endloop
  endfacet
  facet normal 0.000000e+00 1.000000e+00 0.000000e+00
    outer loop
      vertex -6.994735e-02 6.300101e-02 -3.449428e-02
      vertex -7.229227e-02 6.300101e-02 -3.378296e-02
      vertex -7.445335e-02 6.300101e-02 -3.262784e-02
    endloop
  endfacet
  facet normal 0.000000e+00 1.000000e+00 0.000000e+00
    outer loop
      vertex -7.445335e-02 6.300101e-02 -3.262784e-02
      vertex -7.634756e-02 6.300101e-02 -3.107330e-02
      vertex -7.790209e-02 6.300101e-02 -2.917910e-02
    endloop
  endfacet
  facet normal -0.000000e+00 1.000000e+00 -0.000000e+00
    outer loop
      vertex -7.790209e-02 6.300101e-02 -2.917910e-02
      vertex -7.905722e-02 6.300101e-02 -2.701801e-02
      vertex -7.445335e-02 6.300101e-02 -3.262784e-02
    endloop
  endfacet
  facet normal -0.000000e+00 1.000000e+00 -0.000000e+00
    outer loop
      vertex -7.905722e-02 6.300101e-02 -2.701801e-02
      vertex -7.976853e-02 6.300101e-02 -2.467310e-02
      vertex -7.445335e-02 6.300101e-02 -3.262784e-02
    endloop
  endfacet
  facet normal 0.000000e+00 1.000000e+00 -0.000000e+00
    outer loop
      vertex -7.976853e-02 6.300101e-02 -2.467310e-02
      vertex -8.000872e-02 6.300101e-02 -2.223447e-02
      vertex -7.976853e-02 6.300101e-02 -1.979584e-02
    endloop
  endfacet
  facet normal 0.000000e+00 1.000000e+00 0.000000e+00
    outer loop
      vertex -7.976853e-02 6.300101e-02 -1.979584e-02
      vertex -7.905722e-02 6.300101e-02 -1.745092e-02
      vertex -7.790209e-02 6.300101e-02 -1.528984e-02
    endloop
  endfacet
  facet normal 0.000000e+00 1.000000e+00 0.000000e+00
    outer loop
      vertex -7.790209e-02 6.300101e-02 -1.528984e-02
      vertex -7.634756e-02 6.300101e-02 -1.339563e-02
      vertex -7.445335e-02 6.300101e-02 -1.184110e-02
    endloop
  endfacet
  facet normal 0.000000e+00 1.000000e+00 0.000000e+00
    outer loop
      vertex -7.445335e-02 6.300101e-02 -1.184110e-02
      vertex -7.229227e-02 6.300101e-02 -1.068598e-02
      vertex -6.994735e-02 6.300101e-02 -9.974655e-03
    endloop
  endfacet
  facet normal 0.000000e+00 1.000000e+00 -0.000000e+00
    outer loop
      vertex -5.711535e-02 6.300101e-02 -2.917910e-02
      vertex -6.056409e-02 6.300101e-02 -3.262784e-02
      vertex -5.524890e-02 6.300101e-02 -1.979584e-02
    endloop
  endfacet
  facet normal 0.000000e+00 1.000000e+00 -0.000000e+00
    outer loop
      vertex -6.056409e-02 6.300101e-02 -3.262784e-02
      vertex -6.507009e-02 6.300101e-02 -3.449428e-02
      vertex -5.524890e-02 6.300101e-02 -1.979584e-02
    endloop
  endfacet
  facet normal 0.000000e+00 1.000000e+00 0.000000e+00
    outer loop
      vertex -6.507009e-02 6.300101e-02 -3.449428e-02
      vertex -6.994735e-02 6.300101e-02 -3.449428e-02
      vertex -7.445335e-02 6.300101e-02 -3.262784e-02
    endloop
  endfacet
  facet normal 0.000000e+00 1.000000e+00 0.000000e+00
    outer loop
      vertex -7.976853e-02 6.300101e-02 -2.467310e-02
      vertex -7.976853e-02 6.300101e-02 -1.979584e-02
      vertex -6.994735e-02 6.300101e-02 -9.974655e-03
    endloop
  endfacet
  facet normal 0.000000e+00 1.000000e+00 0.000000e+00
    outer loop
      vertex -7.976853e-02 6.300101e-02 -1.979584e-02
      vertex -7.790209e-02 6.300101e-02 -1.528984e-02
      vertex -6.994735e-02 6.300101e-02 -9.974655e-03
    endloop
  endfacet
  facet normal 0.000000e+00 1.000000e+00 0.000000e+00
    outer loop
      vertex -7.790209e-02 6.300101e-02 -1.528984e-02
      vertex -7.445335e-02 6.300101e-02 -1.184110e-02
      vertex -6.994735e-02 6.300101e-02 -9.974655e-03
    endloop
  endfacet
  facet normal 0.000000e+00 9.999999e-01 0.000000e+00
    outer loop
      vertex -6.994735e-02 6.300101e-02 -9.974655e-03
      vertex -6.056409e-02 6.300101e-02 -1.184110e-02
      vertex -5.524890e-02 6.300101e-02 -1.979584e-02
    endloop
  endfacet
  facet normal 0.000000e+00 1.000000e+00 0.000000e+00
    outer loop
      vertex -6.507009e-02 6.300101e-02 -3.449428e-02
      vertex -7.445335e-02 6.300101e-02 -3.262784e-02
      vertex -7.976853e-02 6.300101e-02 -2.467310e-02
    endloop
  endfacet
  facet normal 0.000000e+00 1.000000e+00 0.000000e+00
    outer loop
      vertex -6.994735e-02 6.300101e-02 -9.974655e-03
      vertex -5.524890e-02 6.300101e-02 -1.979584e-02
      vertex -6.507009e-02 6.300101e-02 -3.449428e-02
    endloop
  endfacet
  facet normal 9.801736e-02 -0.000000e+00 9.951847e-01
    outer loop
      vertex -6.750872e-02 -6.299900e-02 -9.734470e-03
      vertex -6.507009e-02 -2.299899e-02 -9.974655e-03
      vertex -6.750872e-02 -2.299899e-02 -9.734470e-03
    endloop
  endfacet
  facet normal 2.902847e-01 -0.000000e+00 9.569404e-01
    outer loop
      vertex -6.507009e-02 -6.299900e-02 -9.974655e-03
      vertex -6.272518e-02 -2.299899e-02 -1.068598e-02
      vertex -6.507009e-02 -2.299899e-02 -9.974655e-03
    endloop
  endfacet
  facet normal 4.713946e-01 -0.000000e+00 8.819225e-01
    outer loop
      vertex -6.272518e-02 -6.299900e-02 -1.068598e-02
      vertex -6.056409e-02 -2.299899e-02 -1.184110e-02
      vertex -6.272518e-02 -2.299899e-02 -1.068598e-02
    endloop
  endfacet
  facet normal 6.343940e-01 -7.199215e-08 7.730098e-01
    outer loop
      vertex -6.056409e-02 -6.299900e-02 -1.184110e-02
      vertex -5.866988e-02 -2.299899e-02 -1.339563e-02
      vertex -6.056409e-02 -2.299899e-02 -1.184110e-02
    endloop
  endfacet
  facet normal 7.730106e-01 -5.908246e-08 6.343931e-01
    outer loop
      vertex -5.866988e-02 -6.299900e-02 -1.339564e-02
      vertex -5.711535e-02 -2.299899e-02 -1.528984e-02
      vertex -5.866988e-02 -2.299899e-02 -1.339563e-02
    endloop
  endfacet
  facet normal 8.819215e-01 -4.390221e-08 4.713964e-01
    outer loop
      vertex -5.711535e-02 -6.299900e-02 -1.528984e-02
      vertex -5.596023e-02 -2.299899e-02 -1.745092e-02
      vertex -5.711535e-02 -2.299899e-02 -1.528984e-02
    endloop
  endfacet
  facet normal 9.569404e-01 -0.000000e+00 2.902847e-01
    outer loop
      vertex -5.596023e-02 -6.299900e-02 -1.745092e-02
      vertex -5.524890e-02 -2.299899e-02 -1.979584e-02
      vertex -5.596023e-02 -2.299899e-02 -1.745092e-02
    endloop
  endfacet
  facet normal 9.951848e-01 -0.000000e+00 9.801722e-02
    outer loop
      vertex -5.524890e-02 -6.299900e-02 -1.979584e-02
      vertex -5.500872e-02 -2.299899e-02 -2.223447e-02
      vertex -5.524890e-02 -2.299899e-02 -1.979584e-02
    endloop
  endfacet
  facet normal 9.951847e-01 0.000000e+00 -9.801729e-02
    outer loop
      vertex -5.500872e-02 -6.299900e-02 -2.223447e-02
      vertex -5.524890e-02 -2.299899e-02 -2.467310e-02
      vertex -5.500872e-02 -2.299899e-02 -2.223447e-02
    endloop
  endfacet
  facet normal 9.569404e-01 0.000000e+00 -2.902847e-01
    outer loop
      vertex -5.524890e-02 -6.299900e-02 -2.467310e-02
      vertex -5.596023e-02 -2.299899e-02 -2.701801e-02
      vertex -5.524890e-02 -2.299899e-02 -2.467310e-02
    endloop
  endfacet
  facet normal 8.819215e-01 2.195111e-08 -4.713964e-01
    outer loop
      vertex -5.596023e-02 -6.299900e-02 -2.701801e-02
      vertex -5.711535e-02 -2.299899e-02 -2.917910e-02
      vertex -5.596023e-02 -2.299899e-02 -2.701801e-02
    endloop
  endfacet
  facet normal 7.730103e-01 2.954125e-08 -6.343935e-01
    outer loop
      vertex -5.711535e-02 -6.299900e-02 -2.917910e-02
      vertex -5.866988e-02 -2.299899e-02 -3.107330e-02
      vertex -5.711535e-02 -2.299899e-02 -2.917910e-02
    endloop
  endfacet
  facet normal 6.343931e-01 7.199223e-08 -7.730106e-01
    outer loop
      vertex -5.866988e-02 -6.299900e-02 -3.107331e-02
      vertex -6.056409e-02 -2.299899e-02 -3.262784e-02
      vertex -5.866988e-02 -2.299899e-02 -3.107330e-02
    endloop
  endfacet
  facet normal 4.713969e-01 1.642706e-07 -8.819212e-01
    outer loop
      vertex -6.056409e-02 -6.299900e-02 -3.262784e-02
      vertex -6.272518e-02 -2.299899e-02 -3.378296e-02
      vertex -6.056409e-02 -2.299899e-02 -3.262784e-02
    endloop
  endfacet
  facet normal 2.902847e-01 8.912202e-08 -9.569404e-01
    outer loop
      vertex -6.272518e-02 -6.299900e-02 -3.378297e-02
      vertex -6.507009e-02 -2.299899e-02 -3.449428e-02
      vertex -6.272518e-02 -2.299899e-02 -3.378296e-02
    endloop
  endfacet
  facet normal 9.801888e-02 0.000000e+00 -9.951845e-01
    outer loop
      vertex -6.507009e-02 -6.299900e-02 -3.449428e-02
      vertex -6.750872e-02 -2.299899e-02 -3.473447e-02
      vertex -6.507009e-02 -2.299899e-02 -3.449428e-02
    endloop
  endfacet
  facet normal -9.801888e-02 0.000000e+00 -9.951845e-01
    outer loop
      vertex -6.750872e-02 -6.299900e-02 -3.473447e-02
      vertex -6.994735e-02 -2.299899e-02 -3.449428e-02
      vertex -6.750872e-02 -2.299899e-02 -3.473447e-02
    endloop
  endfacet
  facet normal -2.902838e-01 0.000000e+00 -9.569406e-01
    outer loop
      vertex -6.994735e-02 -6.299900e-02 -3.449428e-02
      vertex -7.229227e-02 -2.299899e-02 -3.378296e-02
      vertex -6.994735e-02 -2.299899e-02 -3.449428e-02
    endloop
  endfacet
  facet normal -4.713988e-01 1.647014e-07 -8.819202e-01
    outer loop
      vertex -7.229227e-02 -2.299899e-02 -3.378296e-02
      vertex -7.445335e-02 -6.299900e-02 -3.262784e-02
      vertex -7.445335e-02 -2.299899e-02 -3.262784e-02
    endloop
  endfacet
  facet normal -6.343916e-01 1.439847e-07 -7.730117e-01
    outer loop
      vertex -7.445335e-02 -6.299900e-02 -3.262784e-02
      vertex -7.634756e-02 -2.299899e-02 -3.107330e-02
      vertex -7.445335e-02 -2.299899e-02 -3.262784e-02
    endloop
  endfacet
  facet normal -7.730103e-01 5.908250e-08 -6.343935e-01
    outer loop
      vertex -7.634756e-02 -6.299900e-02 -3.107331e-02
      vertex -7.790209e-02 -2.299899e-02 -2.917910e-02
      vertex -7.634756e-02 -2.299899e-02 -3.107330e-02
    endloop
  endfacet
  facet normal -8.819215e-01 2.195110e-08 -4.713964e-01
    outer loop
      vertex -7.790209e-02 -6.299900e-02 -2.917910e-02
      vertex -7.905722e-02 -2.299899e-02 -2.701801e-02
      vertex -7.790209e-02 -2.299899e-02 -2.917910e-02
    endloop
  endfacet
  facet normal -9.569412e-01 1.351730e-08 -2.902819e-01
    outer loop
      vertex -7.905722e-02 -6.299900e-02 -2.701801e-02
      vertex -7.976853e-02 -2.299899e-02 -2.467310e-02
      vertex -7.905722e-02 -2.299899e-02 -2.701801e-02
    endloop
  endfacet
  facet normal -9.951844e-01 0.000000e+00 -9.802030e-02
    outer loop
      vertex -7.976853e-02 -6.299900e-02 -2.467310e-02
      vertex -8.000872e-02 -2.299899e-02 -2.223447e-02
      vertex -7.976853e-02 -2.299899e-02 -2.467310e-02
    endloop
  endfacet
  facet normal -9.951844e-01 0.000000e+00 9.802023e-02
    outer loop
      vertex -8.000872e-02 -6.299900e-02 -2.223447e-02
      vertex -7.976853e-02 -2.299899e-02 -1.979584e-02
      vertex -8.000872e-02 -2.299899e-02 -2.223447e-02
    endloop
  endfacet
  facet normal -9.569412e-01 0.000000e+00 2.902819e-01
    outer loop
      vertex -7.976853e-02 -6.299900e-02 -1.979584e-02
      vertex -7.905722e-02 -2.299899e-02 -1.745092e-02
      vertex -7.976853e-02 -2.299899e-02 -1.979584e-02
    endloop
  endfacet
  facet normal -8.819215e-01 0.000000e+00 4.713964e-01
    outer loop
      vertex -7.905722e-02 -6.299900e-02 -1.745092e-02
      vertex -7.790209e-02 -2.299899e-02 -1.528984e-02
      vertex -7.905722e-02 -2.299899e-02 -1.745092e-02
    endloop
  endfacet
  facet normal -7.730106e-01 -5.908246e-08 6.343930e-01
    outer loop
      vertex -7.790209e-02 -6.299900e-02 -1.528984e-02
      vertex -7.634756e-02 -2.299899e-02 -1.339563e-02
      vertex -7.790209e-02 -2.299899e-02 -1.528984e-02
    endloop
  endfacet
  facet normal -6.343926e-01 -7.199226e-08 7.730110e-01
    outer loop
      vertex -7.634756e-02 -6.299900e-02 -1.339564e-02
      vertex -7.445335e-02 -2.299899e-02 -1.184110e-02
      vertex -7.634756e-02 -2.299899e-02 -1.339563e-02
    endloop
  endfacet
  facet normal -4.713964e-01 0.000000e+00 8.819214e-01
    outer loop
      vertex -7.445335e-02 -2.299899e-02 -1.184110e-02
      vertex -7.229227e-02 -6.299900e-02 -1.068598e-02
      vertex -7.229227e-02 -2.299899e-02 -1.068598e-02
    endloop
  endfacet
  facet normal 0.000000e+00 -9.999999e-01 0.000000e+00
    outer loop
      vertex -7.229227e-02 -6.299900e-02 -3.378297e-02
      vertex -5.596023e-02 -6.299900e-02 -2.701801e-02
      vertex -6.272518e-02 -6.299900e-02 -1.068598e-02
    endloop
  endfacet
  facet normal -2.902838e-01 0.000000e+00 9.569406e-01
    outer loop
      vertex -7.229227e-02 -6.299900e-02 -1.068598e-02
      vertex -6.994735e-02 -2.299899e-02 -9.974655e-03
      vertex -7.229227e-02 -2.299899e-02 -1.068598e-02
    endloop
  endfacet
  facet normal -9.801736e-02 0.000000e+00 9.951847e-01
    outer loop
      vertex -6.994735e-02 -6.299900e-02 -9.974655e-03
      vertex -6.750872e-02 -2.299899e-02 -9.734470e-03
      vertex -6.994735e-02 -2.299899e-02 -9.974655e-03
    endloop
  endfacet
  facet normal 0.000000e+00 9.999999e-01 0.000000e+00
    outer loop
      vertex -6.507009e-02 -2.299899e-02 -3.449428e-02
      vertex -7.976853e-02 -2.299899e-02 -2.467310e-02
      vertex -6.994735e-02 -2.299899e-02 -9.974655e-03
    endloop
  endfacet
  facet normal 9.801736e-02 0.000000e+00 9.951847e-01
    outer loop
      vertex -6.750872e-02 -6.299900e-02 -9.734470e-03
      vertex -6.507009e-02 -6.299900e-02 -9.974655e-03
      vertex -6.507009e-02 -2.299899e-02 -9.974655e-03
    endloop
  endfacet
  facet normal 2.902847e-01 0.000000e+00 9.569404e-01
    outer loop
      vertex -6.507009e-02 -6.299900e-02 -9.974655e-03
      vertex -6.272518e-02 -6.299900e-02 -1.068598e-02
      vertex -6.272518e-02 -2.299899e-02 -1.068598e-02
    endloop
  endfacet
  facet normal 4.713957e-01 -8.119057e-08 8.819218e-01
    outer loop
      vertex -6.272518e-02 -6.299900e-02 -1.068598e-02
      vertex -6.056409e-02 -6.299900e-02 -1.184110e-02
      vertex -6.056409e-02 -2.299899e-02 -1.184110e-02
    endloop
  endfacet
  facet normal 6.343940e-01 -7.191174e-08 7.730098e-01
    outer loop
      vertex -6.056409e-02 -6.299900e-02 -1.184110e-02
      vertex -5.866988e-02 -6.299900e-02 -1.339564e-02
      vertex -5.866988e-02 -2.299899e-02 -1.339563e-02
    endloop
  endfacet
  facet normal 7.730106e-01 -6.031313e-08 6.343931e-01
    outer loop
      vertex -5.866988e-02 -6.299900e-02 -1.339564e-02
      vertex -5.711535e-02 -6.299900e-02 -1.528984e-02
      vertex -5.711535e-02 -2.299899e-02 -1.528984e-02
    endloop
  endfacet
  facet normal 8.819211e-01 0.000000e+00 4.713970e-01
    outer loop
      vertex -5.711535e-02 -6.299900e-02 -1.528984e-02
      vertex -5.596023e-02 -6.299900e-02 -1.745092e-02
      vertex -5.596023e-02 -2.299899e-02 -1.745092e-02
    endloop
  endfacet
  facet normal 9.569404e-01 0.000000e+00 2.902847e-01
    outer loop
      vertex -5.596023e-02 -6.299900e-02 -1.745092e-02
      vertex -5.524890e-02 -6.299900e-02 -1.979584e-02
      vertex -5.524890e-02 -2.299899e-02 -1.979584e-02
    endloop
  endfacet
  facet normal 9.951848e-01 0.000000e+00 9.801722e-02
    outer loop
      vertex -5.524890e-02 -6.299900e-02 -1.979584e-02
      vertex -5.500872e-02 -6.299900e-02 -2.223447e-02
      vertex -5.500872e-02 -2.299899e-02 -2.223447e-02
    endloop
  endfacet
  facet normal 9.951847e-01 0.000000e+00 -9.801729e-02
    outer loop
      vertex -5.500872e-02 -6.299900e-02 -2.223447e-02
      vertex -5.524890e-02 -6.299900e-02 -2.467310e-02
      vertex -5.524890e-02 -2.299899e-02 -2.467310e-02
    endloop
  endfacet
  facet normal 9.569405e-01 1.275853e-08 -2.902845e-01
    outer loop
      vertex -5.524890e-02 -6.299900e-02 -2.467310e-02
      vertex -5.596023e-02 -6.299900e-02 -2.701801e-02
      vertex -5.596023e-02 -2.299899e-02 -2.701801e-02
    endloop
  endfacet
  facet normal 8.819215e-01 2.087761e-08 -4.713964e-01
    outer loop
      vertex -5.596023e-02 -6.299900e-02 -2.701801e-02
      vertex -5.711535e-02 -6.299900e-02 -2.917910e-02
      vertex -5.711535e-02 -2.299899e-02 -2.917910e-02
    endloop
  endfacet
  facet normal 7.730106e-01 6.031313e-08 -6.343931e-01
    outer loop
      vertex -5.711535e-02 -6.299900e-02 -2.917910e-02
      vertex -5.866988e-02 -6.299900e-02 -3.107331e-02
      vertex -5.866988e-02 -2.299899e-02 -3.107330e-02
    endloop
  endfacet
  facet normal 6.343940e-01 1.438235e-07 -7.730098e-01
    outer loop
      vertex -5.866988e-02 -6.299900e-02 -3.107331e-02
      vertex -6.056409e-02 -6.299900e-02 -3.262784e-02
      vertex -6.056409e-02 -2.299899e-02 -3.262784e-02
    endloop
  endfacet
  facet normal 4.713957e-01 8.119057e-08 -8.819218e-01
    outer loop
      vertex -6.056409e-02 -6.299900e-02 -3.262784e-02
      vertex -6.272518e-02 -6.299900e-02 -3.378297e-02
      vertex -6.272518e-02 -2.299899e-02 -3.378296e-02
    endloop
  endfacet
  facet normal 2.902833e-01 0.000000e+00 -9.569407e-01
    outer loop
      vertex -6.272518e-02 -6.299900e-02 -3.378297e-02
      vertex -6.507009e-02 -6.299900e-02 -3.449428e-02
      vertex -6.507009e-02 -2.299899e-02 -3.449428e-02
    endloop
  endfacet
  facet normal 9.801888e-02 0.000000e+00 -9.951845e-01
    outer loop
      vertex -6.507009e-02 -6.299900e-02 -3.449428e-02
      vertex -6.750872e-02 -6.299900e-02 -3.473447e-02
      vertex -6.750872e-02 -2.299899e-02 -3.473447e-02
    endloop
  endfacet
  facet normal -9.801888e-02 0.000000e+00 -9.951845e-01
    outer loop
      vertex -6.750872e-02 -6.299900e-02 -3.473447e-02
      vertex -6.994735e-02 -6.299900e-02 -3.449428e-02
      vertex -6.994735e-02 -2.299899e-02 -3.449428e-02
    endloop
  endfacet
  facet normal -2.902824e-01 8.814967e-08 -9.569410e-01
    outer loop
      vertex -6.994735e-02 -6.299900e-02 -3.449428e-02
      vertex -7.229227e-02 -6.299900e-02 -3.378297e-02
      vertex -7.229227e-02 -2.299899e-02 -3.378296e-02
    endloop
  endfacet
  facet normal -4.713976e-01 8.213527e-08 -8.819208e-01
    outer loop
      vertex -7.229227e-02 -2.299899e-02 -3.378296e-02
      vertex -7.229227e-02 -6.299900e-02 -3.378297e-02
      vertex -7.445335e-02 -6.299900e-02 -3.262784e-02
    endloop
  endfacet
  facet normal -6.343925e-01 7.191156e-08 -7.730111e-01
    outer loop
      vertex -7.445335e-02 -6.299900e-02 -3.262784e-02
      vertex -7.634756e-02 -6.299900e-02 -3.107331e-02
      vertex -7.634756e-02 -2.299899e-02 -3.107330e-02
    endloop
  endfacet
  facet normal -7.730106e-01 2.783683e-08 -6.343931e-01
    outer loop
      vertex -7.634756e-02 -6.299900e-02 -3.107331e-02
      vertex -7.790209e-02 -6.299900e-02 -2.917910e-02
      vertex -7.790209e-02 -2.299899e-02 -2.917910e-02
    endloop
  endfacet
  facet normal -8.819215e-01 2.319734e-08 -4.713964e-01
    outer loop
      vertex -7.790209e-02 -6.299900e-02 -2.917910e-02
      vertex -7.905722e-02 -6.299900e-02 -2.701801e-02
      vertex -7.905722e-02 -2.299899e-02 -2.701801e-02
    endloop
  endfacet
  facet normal -9.569413e-01 0.000000e+00 -2.902817e-01
    outer loop
      vertex -7.905722e-02 -6.299900e-02 -2.701801e-02
      vertex -7.976853e-02 -6.299900e-02 -2.467310e-02
      vertex -7.976853e-02 -2.299899e-02 -2.467310e-02
    endloop
  endfacet
  facet normal -9.951844e-01 0.000000e+00 -9.802030e-02
    outer loop
      vertex -7.976853e-02 -6.299900e-02 -2.467310e-02
      vertex -8.000872e-02 -6.299900e-02 -2.223447e-02
      vertex -8.000872e-02 -2.299899e-02 -2.223447e-02
    endloop
  endfacet
  facet normal -9.951844e-01 0.000000e+00 9.802023e-02
    outer loop
      vertex -8.000872e-02 -6.299900e-02 -2.223447e-02
      vertex -7.976853e-02 -6.299900e-02 -1.979584e-02
      vertex -7.976853e-02 -2.299899e-02 -1.979584e-02
    endloop
  endfacet
  facet normal -9.569412e-01 0.000000e+00 2.902819e-01
    outer loop
      vertex -7.976853e-02 -6.299900e-02 -1.979584e-02
      vertex -7.905722e-02 -6.299900e-02 -1.745092e-02
      vertex -7.905722e-02 -2.299899e-02 -1.745092e-02
    endloop
  endfacet
  facet normal -8.819211e-01 -4.407500e-08 4.713970e-01
    outer loop
      vertex -7.905722e-02 -6.299900e-02 -1.745092e-02
      vertex -7.790209e-02 -6.299900e-02 -1.528984e-02
      vertex -7.790209e-02 -2.299899e-02 -1.528984e-02
    endloop
  endfacet
  facet normal -7.730106e-01 -5.799339e-08 6.343931e-01
    outer loop
      vertex -7.790209e-02 -6.299900e-02 -1.528984e-02
      vertex -7.634756e-02 -6.299900e-02 -1.339564e-02
      vertex -7.634756e-02 -2.299899e-02 -1.339563e-02
    endloop
  endfacet
  facet normal -6.343925e-01 -7.191156e-08 7.730111e-01
    outer loop
      vertex -7.634756e-02 -6.299900e-02 -1.339564e-02
      vertex -7.445335e-02 -6.299900e-02 -1.184110e-02
      vertex -7.445335e-02 -2.299899e-02 -1.184110e-02
    endloop
  endfacet
  facet normal -4.713976e-01 -8.213527e-08 8.819208e-01
    outer loop
      vertex -7.445335e-02 -2.299899e-02 -1.184110e-02
      vertex -7.445335e-02 -6.299900e-02 -1.184110e-02
      vertex -7.229227e-02 -6.299900e-02 -1.068598e-02
    endloop
  endfacet
  facet normal 0.000000e+00 -1.000000e+00 0.000000e+00
    outer loop
      vertex -6.272518e-02 -6.299900e-02 -1.068598e-02
      vertex -6.507009e-02 -6.299900e-02 -9.974655e-03
      vertex -6.750872e-02 -6.299900e-02 -9.734470e-03
    endloop
  endfacet
  facet normal 0.000000e+00 -1.000000e+00 -0.000000e+00
    outer loop
      vertex -6.750872e-02 -6.299900e-02 -9.734470e-03
      vertex -6.994735e-02 -6.299900e-02 -9.974655e-03
      vertex -6.272518e-02 -6.299900e-02 -1.068598e-02
    endloop
  endfacet
  facet normal 0.000000e+00 -1.000000e+00 -0.000000e+00
    outer loop
      vertex -6.994735e-02 -6.299900e-02 -9.974655e-03
      vertex -7.229227e-02 -6.299900e-02 -1.068598e-02
      vertex -6.272518e-02 -6.299900e-02 -1.068598e-02
    endloop
  endfacet
  facet normal 0.000000e+00 -1.000000e+00 0.000000e+00
    outer loop
      vertex -7.229227e-02 -6.299900e-02 -1.068598e-02
      vertex -7.445335e-02 -6.299900e-02 -1.184110e-02
      vertex -7.905722e-02 -6.299900e-02 -1.745092e-02
    endloop
  endfacet
  facet normal 0.000000e+00 -1.000000e+00 0.000000e+00
    outer loop
      vertex -7.445335e-02 -6.299900e-02 -1.184110e-02
      vertex -7.634756e-02 -6.299900e-02 -1.339564e-02
      vertex -7.905722e-02 -6.299900e-02 -1.745092e-02
    endloop
  endfacet
  facet normal 0.000000e+00 -1.000000e+00 0.000000e+00
    outer loop
      vertex -7.634756e-02 -6.299900e-02 -1.339564e-02
      vertex -7.790209e-02 -6.299900e-02 -1.528984e-02
      vertex -7.905722e-02 -6.299900e-02 -1.745092e-02
    endloop
  endfacet
  facet normal 0.000000e+00 -1.000000e+00 0.000000e+00
    outer loop
      vertex -7.905722e-02 -6.299900e-02 -1.745092e-02
      vertex -7.976853e-02 -6.299900e-02 -1.979584e-02
      vertex -7.976853e-02 -6.299900e-02 -2.467310e-02
    endloop
  endfacet
  facet normal 0.000000e+00 -1.000000e+00 -0.000000e+00
    outer loop
      vertex -7.976853e-02 -6.299900e-02 -1.979584e-02
      vertex -8.000872e-02 -6.299900e-02 -2.223447e-02
      vertex -7.976853e-02 -6.299900e-02 -2.467310e-02
    endloop
  endfacet
  facet normal 0.000000e+00 -1.000000e+00 0.000000e+00
    outer loop
      vertex -7.976853e-02 -6.299900e-02 -2.467310e-02
      vertex -7.905722e-02 -6.299900e-02 -2.701801e-02
      vertex -7.905722e-02 -6.299900e-02 -1.745092e-02
    endloop
  endfacet
  facet normal 0.000000e+00 -1.000000e+00 0.000000e+00
    outer loop
      vertex -7.905722e-02 -6.299900e-02 -2.701801e-02
      vertex -7.790209e-02 -6.299900e-02 -2.917910e-02
      vertex -7.634756e-02 -6.299900e-02 -3.107331e-02
    endloop
  endfacet
  facet normal 0.000000e+00 -9.999999e-01 0.000000e+00
    outer loop
      vertex -7.634756e-02 -6.299900e-02 -3.107331e-02
      vertex -7.445335e-02 -6.299900e-02 -3.262784e-02
      vertex -7.905722e-02 -6.299900e-02 -2.701801e-02
    endloop
  endfacet
  facet normal 0.000000e+00 -1.000000e+00 0.000000e+00
    outer loop
      vertex -7.445335e-02 -6.299900e-02 -3.262784e-02
      vertex -7.229227e-02 -6.299900e-02 -3.378297e-02
      vertex -7.905722e-02 -6.299900e-02 -2.701801e-02
    endloop
  endfacet
  facet normal 0.000000e+00 -1.000000e+00 0.000000e+00
    outer loop
      vertex -7.229227e-02 -6.299900e-02 -3.378297e-02
      vertex -6.994735e-02 -6.299900e-02 -3.449428e-02
      vertex -6.272518e-02 -6.299900e-02 -3.378297e-02
    endloop
  endfacet
  facet normal 0.000000e+00 -1.000000e+00 0.000000e+00
    outer loop
      vertex -6.994735e-02 -6.299900e-02 -3.449428e-02
      vertex -6.750872e-02 -6.299900e-02 -3.473447e-02
      vertex -6.272518e-02 -6.299900e-02 -3.378297e-02
    endloop
  endfacet
  facet normal 0.000000e+00 -1.000000e+00 0.000000e+00
    outer loop
      vertex -6.750872e-02 -6.299900e-02 -3.473447e-02
      vertex -6.507009e-02 -6.299900e-02 -3.449428e-02
      vertex -6.272518e-02 -6.299900e-02 -3.378297e-02
    endloop
  endfacet
  facet normal 0.000000e+00 -1.000000e+00 0.000000e+00
    outer loop
      vertex -6.272518e-02 -6.299900e-02 -3.378297e-02
      vertex -6.056409e-02 -6.299900e-02 -3.262784e-02
      vertex -5.866988e-02 -6.299900e-02 -3.107331e-02
    endloop
  endfacet
  facet normal 0.000000e+00 -1.000000e+00 0.000000e+00
    outer loop
      vertex -5.866988e-02 -6.299900e-02 -3.107331e-02
      vertex -5.711535e-02 -6.299900e-02 -2.917910e-02
      vertex -5.596023e-02 -6.299900e-02 -2.701801e-02
    endloop
  endfacet
  facet normal 0.000000e+00 -1.000000e+00 0.000000e+00
    outer loop
      vertex -5.596023e-02 -6.299900e-02 -2.701801e-02
      vertex -5.524890e-02 -6.299900e-02 -2.467310e-02
      vertex -5.596023e-02 -6.299900e-02 -1.745092e-02
    endloop
  endfacet
  facet normal 0.000000e+00 -1.000000e+00 0.000000e+00
    outer loop
      vertex -5.524890e-02 -6.299900e-02 -2.467310e-02
      vertex -5.500872e-02 -6.299900e-02 -2.223447e-02
      vertex -5.596023e-02 -6.299900e-02 -1.745092e-02
    endloop
  endfacet
  facet normal 0.000000e+00 -1.000000e+00 0.000000e+00
    outer loop
      vertex -5.500872e-02 -6.299900e-02 -2.223447e-02
      vertex -5.524890e-02 -6.299900e-02 -1.979584e-02
      vertex -5.596023e-02 -6.299900e-02 -1.745092e-02
    endloop
  endfacet
  facet normal 0.000000e+00 -1.000000e+00 0.000000e+00
    outer loop
      vertex -5.596023e-02 -6.299900e-02 -1.745092e-02
      vertex -5.711535e-02 -6.299900e-02 -1.528984e-02
      vertex -5.866988e-02 -6.299900e-02 -1.339564e-02
    endloop
  endfacet
  facet normal -0.000000e+00 -9.999999e-01 -0.000000e+00
    outer loop
      vertex -5.866988e-02 -6.299900e-02 -1.339564e-02
      vertex -6.056409e-02 -6.299900e-02 -1.184110e-02
      vertex -5.596023e-02 -6.299900e-02 -1.745092e-02
    endloop
  endfacet
  facet normal -0.000000e+00 -1.000000e+00 -0.000000e+00
    outer loop
      vertex -6.056409e-02 -6.299900e-02 -1.184110e-02
      vertex -6.272518e-02 -6.299900e-02 -1.068598e-02
      vertex -5.596023e-02 -6.299900e-02 -1.745092e-02
    endloop
  endfacet
  facet normal 0.000000e+00 -1.000000e+00 0.000000e+00
    outer loop
      vertex -6.272518e-02 -6.299900e-02 -3.378297e-02
      vertex -5.866988e-02 -6.299900e-02 -3.107331e-02
      vertex -5.596023e-02 -6.299900e-02 -2.701801e-02
    endloop
  endfacet
  facet normal -0.000000e+00 -1.000000e+00 0.000000e+00
    outer loop
      vertex -6.272518e-02 -6.299900e-02 -1.068598e-02
      vertex -7.229227e-02 -6.299900e-02 -1.068598e-02
      vertex -7.905722e-02 -6.299900e-02 -1.745092e-02
    endloop
  endfacet
  facet normal 0.000000e+00 -1.000000e+00 0.000000e+00
    outer loop
      vertex -7.905722e-02 -6.299900e-02 -1.745092e-02
      vertex -7.905722e-02 -6.299900e-02 -2.701801e-02
      vertex -6.272518e-02 -6.299900e-02 -1.068598e-02
    endloop
  endfacet
  facet normal 0.000000e+00 -1.000000e+00 0.000000e+00
    outer loop
      vertex -7.905722e-02 -6.299900e-02 -2.701801e-02
      vertex -7.229227e-02 -6.299900e-02 -3.378297e-02
      vertex -6.272518e-02 -6.299900e-02 -1.068598e-02
    endloop
  endfacet
  facet normal 0.000000e+00 -1.000000e+00 0.000000e+00
    outer loop
      vertex -7.229227e-02 -6.299900e-02 -3.378297e-02
      vertex -6.272518e-02 -6.299900e-02 -3.378297e-02
      vertex -5.596023e-02 -6.299900e-02 -2.701801e-02
    endloop
  endfacet
  facet normal 0.000000e+00 -1.000000e+00 0.000000e+00
    outer loop
      vertex -5.596023e-02 -6.299900e-02 -2.701801e-02
      vertex -5.596023e-02 -6.299900e-02 -1.745092e-02
      vertex -6.272518e-02 -6.299900e-02 -1.068598e-02
    endloop
  endfacet
  facet normal -2.902838e-01 0.000000e+00 9.569406e-01
    outer loop
      vertex -7.229227e-02 -6.299900e-02 -1.068598e-02
      vertex -6.994735e-02 -6.299900e-02 -9.974655e-03
      vertex -6.994735e-02 -2.299899e-02 -9.974655e-03
    endloop
  endfacet
  facet normal -9.801736e-02 0.000000e+00 9.951847e-01
    outer loop
      vertex -6.994735e-02 -6.299900e-02 -9.974655e-03
      vertex -6.750872e-02 -6.299900e-02 -9.734470e-03
      vertex -6.750872e-02 -2.299899e-02 -9.734470e-03
    endloop
  endfacet
  facet normal 0.000000e+00 1.000000e+00 0.000000e+00
    outer loop
      vertex -6.994735e-02 -2.299899e-02 -9.974655e-03
      vertex -6.750872e-02 -2.299899e-02 -9.734470e-03
      vertex -6.507009e-02 -2.299899e-02 -9.974655e-03
    endloop
  endfacet
  facet normal 0.000000e+00 1.000000e+00 0.000000e+00
    outer loop
      vertex -6.507009e-02 -2.299899e-02 -9.974655e-03
      vertex -6.272518e-02 -2.299899e-02 -1.068598e-02
      vertex -6.994735e-02 -2.299899e-02 -9.974655e-03
    endloop
  endfacet
  facet normal 0.000000e+00 1.000000e+00 0.000000e+00
    outer loop
      vertex -6.272518e-02 -2.299899e-02 -1.068598e-02
      vertex -6.056409e-02 -2.299899e-02 -1.184110e-02
      vertex -6.994735e-02 -2.299899e-02 -9.974655e-03
    endloop
  endfacet
  facet normal 0.000000e+00 1.000000e+00 0.000000e+00
    outer loop
      vertex -6.056409e-02 -2.299899e-02 -1.184110e-02
      vertex -5.866988e-02 -2.299899e-02 -1.339563e-02
      vertex -5.711535e-02 -2.299899e-02 -1.528984e-02
    endloop
  endfacet
  facet normal 0.000000e+00 1.000000e+00 0.000000e+00
    outer loop
      vertex -5.711535e-02 -2.299899e-02 -1.528984e-02
      vertex -5.596023e-02 -2.299899e-02 -1.745092e-02
      vertex -6.056409e-02 -2.299899e-02 -1.184110e-02
    endloop
  endfacet
  facet normal 0.000000e+00 1.000000e+00 0.000000e+00
    outer loop
      vertex -5.596023e-02 -2.299899e-02 -1.745092e-02
      vertex -5.524890e-02 -2.299899e-02 -1.979584e-02
      vertex -6.056409e-02 -2.299899e-02 -1.184110e-02
    endloop
  endfacet
  facet normal 0.000000e+00 1.000000e+00 0.000000e+00
    outer loop
      vertex -5.524890e-02 -2.299899e-02 -1.979584e-02
      vertex -5.500872e-02 -2.299899e-02 -2.223447e-02
      vertex -5.524890e-02 -2.299899e-02 -2.467310e-02
    endloop
  endfacet
  facet normal 0.000000e+00 1.000000e+00 -0.000000e+00
    outer loop
      vertex -5.524890e-02 -2.299899e-02 -2.467310e-02
      vertex -5.596023e-02 -2.299899e-02 -2.701801e-02
      vertex -5.524890e-02 -2.299899e-02 -1.979584e-02
    endloop
  endfacet
  facet normal 0.000000e+00 9.999999e-01 -0.000000e+00
    outer loop
      vertex -5.596023e-02 -2.299899e-02 -2.701801e-02
      vertex -5.711535e-02 -2.299899e-02 -2.917910e-02
      vertex -5.524890e-02 -2.299899e-02 -1.979584e-02
    endloop
  endfacet
  facet normal 0.000000e+00 1.000000e+00 0.000000e+00
    outer loop
      vertex -5.711535e-02 -2.299899e-02 -2.917910e-02
      vertex -5.866988e-02 -2.299899e-02 -3.107330e-02
      vertex -6.056409e-02 -2.299899e-02 -3.262784e-02
    endloop
  endfacet
  facet normal 0.000000e+00 9.999999e-01 0.000000e+00
    outer loop
      vertex -6.056409e-02 -2.299899e-02 -3.262784e-02
      vertex -6.272518e-02 -2.299899e-02 -3.378296e-02
      vertex -6.507009e-02 -2.299899e-02 -3.449428e-02
    endloop
  endfacet
  facet normal 0.000000e+00 1.000000e+00 0.000000e+00
    outer loop
      vertex -6.507009e-02 -2.299899e-02 -3.449428e-02
      vertex -6.750872e-02 -2.299899e-02 -3.473447e-02
      vertex -6.994735e-02 -2.299899e-02 -3.449428e-02
    endloop
  endfacet
  facet normal 0.000000e+00 1.000000e+00 0.000000e+00
    outer loop
      vertex -6.994735e-02 -2.299899e-02 -3.449428e-02
      vertex -7.229227e-02 -2.299899e-02 -3.378296e-02
      vertex -7.445335e-02 -2.299899e-02 -3.262784e-02
    endloop
  endfacet
  facet normal 0.000000e+00 1.000000e+00 0.000000e+00
    outer loop
      vertex -7.445335e-02 -2.299899e-02 -3.262784e-02
      vertex -7.634756e-02 -2.299899e-02 -3.107330e-02
      vertex -7.790209e-02 -2.299899e-02 -2.917910e-02
    endloop
  endfacet
  facet normal -0.000000e+00 1.000000e+00 -0.000000e+00
    outer loop
      vertex -7.790209e-02 -2.299899e-02 -2.917910e-02
      vertex -7.905722e-02 -2.299899e-02 -2.701801e-02
      vertex -7.445335e-02 -2.299899e-02 -3.262784e-02
    endloop
  endfacet
  facet normal -0.000000e+00 1.000000e+00 -0.000000e+00
    outer loop
      vertex -7.905722e-02 -2.299899e-02 -2.701801e-02
      vertex -7.976853e-02 -2.299899e-02 -2.467310e-02
      vertex -7.445335e-02 -2.299899e-02 -3.262784e-02
    endloop
  endfacet
  facet normal 0.000000e+00 1.000000e+00 -0.000000e+00
    outer loop
      vertex -7.976853e-02 -2.299899e-02 -2.467310e-02
      vertex -8.000872e-02 -2.299899e-02 -2.223447e-02
      vertex -7.976853e-02 -2.299899e-02 -1.979584e-02
    endloop
  endfacet
  facet normal 0.000000e+00 1.000000e+00 0.000000e+00
    outer loop
      vertex -7.976853e-02 -2.299899e-02 -1.979584e-02
      vertex -7.905722e-02 -2.299899e-02 -1.745092e-02
      vertex -7.790209e-02 -2.299899e-02 -1.528984e-02
    endloop
  endfacet
  facet normal 0.000000e+00 1.000000e+00 0.000000e+00
    outer loop
      vertex -7.790209e-02 -2.299899e-02 -1.528984e-02
      vertex -7.634756e-02 -2.299899e-02 -1.339563e-02
      vertex -7.445335e-02 -2.299899e-02 -1.184110e-02
    endloop
  endfacet
  facet normal 0.000000e+00 1.000000e+00 0.000000e+00
    outer loop
      vertex -7.445335e-02 -2.299899e-02 -1.184110e-02
      vertex -7.229227e-02 -2.299899e-02 -1.068598e-02
      vertex -6.994735e-02 -2.299899e-02 -9.974655e-03
    endloop
  endfacet
  facet normal 0.000000e+00 1.000000e+00 -0.000000e+00
    outer loop
      vertex -5.711535e-02 -2.299899e-02 -2.917910e-02
      vertex -6.056409e-02 -2.299899e-02 -3.262784e-02
      vertex -5.524890e-02 -2.299899e-02 -1.979584e-02
    endloop
  endfacet
  facet normal 0.000000e+00 1.000000e+00 -0.000000e+00
    outer loop
      vertex -6.056409e-02 -2.299899e-02 -3.262784e-02
      vertex -6.507009e-02 -2.299899e-02 -3.449428e-02
      vertex -5.524890e-02 -2.299899e-02 -1.979584e-02
    endloop
  endfacet
  facet normal 0.000000e+00 1.000000e+00 0.000000e+00
    outer loop
      vertex -6.507009e-02 -2.299899e-02 -3.449428e-02
      vertex -6.994735e-02 -2.299899e-02 -3.449428e-02
      vertex -7.445335e-02 -2.299899e-02 -3.262784e-02
    endloop
  endfacet
  facet normal 0.000000e+00 1.000000e+00 0.000000e+00
    outer loop
      vertex -7.976853e-02 -2.299899e-02 -2.467310e-02
      vertex -7.976853e-02 -2.299899e-02 -1.979584e-02
      vertex -6.994735e-02 -2.299899e-02 -9.974655e-03
    endloop
  endfacet
  facet normal 0.000000e+00 1.000000e+00 0.000000e+00
    outer loop
      vertex -7.976853e-02 -2.299899e-02 -1.979584e-02
      vertex -7.790209e-02 -2.299899e-02 -1.528984e-02
      vertex -6.994735e-02 -2.299899e-02 -9.974655e-03
    endloop
  endfacet
  facet normal 0.000000e+00 1.000000e+00 0.000000e+00
    outer loop
      vertex -7.790209e-02 -2.299899e-02 -1.528984e-02
      vertex -7.445335e-02 -2.299899e-02 -1.184110e-02
      vertex -6.994735e-02 -2.299899e-02 -9.974655e-03
    endloop
  endfacet
  facet normal 0.000000e+00 9.999999e-01 0.000000e+00
    outer loop
      vertex -6.994735e-02 -2.299899e-02 -9.974655e-03
      vertex -6.056409e-02 -2.299899e-02 -1.184110e-02
      vertex -5.524890e-02 -2.299899e-02 -1.979584e-02
    endloop
  endfacet
  facet normal 0.000000e+00 1.000000e+00 0.000000e+00
    outer loop
      vertex -6.507009e-02 -2.299899e-02 -3.449428e-02
      vertex -7.445335e-02 -2.299899e-02 -3.262784e-02
      vertex -7.976853e-02 -2.299899e-02 -2.467310e-02
    endloop
  endfacet
  facet normal 0.000000e+00 1.000000e+00 0.000000e+00
    outer loop
      vertex -6.994735e-02 -2.299899e-02 -9.974655e-03
      vertex -5.524890e-02 -2.299899e-02 -1.979584e-02
      vertex -6.507009e-02 -2.299899e-02 -3.449428e-02
    endloop
  endfacet
  facet normal -9.999999e-01 0.000000e+00 0.000000e+00
    outer loop
      vertex -4.250872e-02 -2.799899e-02 6.276553e-02
      vertex -4.250872e-02 2.800101e-02 4.776553e-02
      vertex -4.250872e-02 -2.799899e-02 4.776553e-02
    endloop
  endfacet
  facet normal 0.000000e+00 1.000000e+00 0.000000e+00
    outer loop
      vertex -4.250872e-02 2.800101e-02 6.276553e-02
      vertex 4.249128e-02 2.800101e-02 4.776553e-02
      vertex -4.250872e-02 2.800101e-02 4.776553e-02
    endloop
  endfacet
  facet normal 9.999999e-01 0.000000e+00 0.000000e+00
    outer loop
      vertex 4.249128e-02 2.800101e-02 6.276553e-02
      vertex 4.249128e-02 -2.799899e-02 4.776553e-02
      vertex 4.249128e-02 2.800101e-02 4.776553e-02
    endloop
  endfacet
  facet normal 0.000000e+00 -1.000000e+00 -0.000000e+00
    outer loop
      vertex 4.249128e-02 -2.799899e-02 6.276553e-02
      vertex -4.250872e-02 -2.799899e-02 4.776553e-02
      vertex 4.249128e-02 -2.799899e-02 4.776553e-02
    endloop
  endfacet
  facet normal -0.000000e+00 0.000000e+00 -1.000000e+00
    outer loop
      vertex 4.249128e-02 2.800101e-02 4.776553e-02
      vertex -4.250872e-02 -2.799899e-02 4.776553e-02
      vertex -4.250872e-02 2.800101e-02 4.776553e-02
    endloop
  endfacet
  facet normal -0.000000e+00 0.000000e+00 1.000000e+00
    outer loop
      vertex -4.250872e-02 2.800101e-02 6.276553e-02
      vertex 4.249128e-02 -2.799899e-02 6.276553e-02
      vertex 4.249128e-02 2.800101e-02 6.276553e-02
    endloop
  endfacet
  facet normal -9.999999e-01 0.000000e+00 0.000000e+00
    outer loop
      vertex -4.250872e-02 -2.799899e-02 6.276553e-02
      vertex -4.250872e-02 2.800101e-02 6.276553e-02
      vertex -4.250872e-02 2.800101e-02 4.776553e-02
    endloop
  endfacet
  facet normal -0.000000e+00 1.000000e+00 0.000000e+00
    outer loop
      vertex -4.250872e-02 2.800101e-02 6.276553e-02
      vertex 4.249128e-02 2.800101e-02 6.276553e-02
      vertex 4.249128e-02 2.800101e-02 4.776553e-02
    endloop
  endfacet
  facet normal 9.999999e-01 0.000000e+00 0.000000e+00
    outer loop
      vertex 4.249128e-02 2.800101e-02 6.276553e-02
      vertex 4.249128e-02 -2.799899e-02 6.276553e-02
      vertex 4.249128e-02 -2.799899e-02 4.776553e-02
    endloop
  endfacet
  facet normal -0.000000e+00 -1.000000e+00 0.000000e+00
    outer loop
      vertex 4.249128e-02 -2.799899e-02 6.276553e-02
      vertex -4.250872e-02 -2.799899e-02 6.276553e-02
      vertex -4.250872e-02 -2.799899e-02 4.776553e-02
    endloop
  endfacet
  facet normal 0.000000e+00 -0.000000e+00 -1.000000e+00
    outer loop
      vertex 4.249128e-02 2.800101e-02 4.776553e-02
      vertex 4.249128e-02 -2.799899e-02 4.776553e-02
      vertex -4.250872e-02 -2.799899e-02 4.776553e-02
    endloop
  endfacet
  facet normal 0.000000e+00 0.000000e+00 1.000000e+00
    outer loop
      vertex -4.250872e-02 2.800101e-02 6.276553e-02
      vertex -4.250872e-02 -2.799899e-02 6.276553e-02
      vertex 4.249128e-02 -2.799899e-02 6.276553e-02
    endloop
  endfacet
  facet normal 1.950908e-01 -0.000000e+00 9.807853e-01
    outer loop
      vertex 6.749129e-02 6.300101e-02 -1.973447e-02
      vertex 6.844800e-02 6.700101e-02 -1.992477e-02
      vertex 6.749129e-02 6.700101e-02 -1.973447e-02
    endloop
  endfacet
  facet normal 5.555725e-01 -0.000000e+00 8.314682e-01
    outer loop
      vertex 6.844800e-02 6.300101e-02 -1.992477e-02
      vertex 6.925905e-02 6.700101e-02 -2.046670e-02
      vertex 6.844800e-02 6.700101e-02 -1.992477e-02
    endloop
  endfacet
  facet normal 8.314687e-01 -0.000000e+00 5.555715e-01
    outer loop
      vertex 6.925905e-02 6.300101e-02 -2.046670e-02
      vertex 6.980099e-02 6.700101e-02 -2.127776e-02
      vertex 6.925905e-02 6.700101e-02 -2.046670e-02
    endloop
  endfacet
  facet normal 9.807864e-01 -0.000000e+00 1.950845e-01
    outer loop
      vertex 6.980099e-02 6.300101e-02 -2.127776e-02
      vertex 6.999128e-02 6.700101e-02 -2.223447e-02
      vertex 6.980099e-02 6.700101e-02 -2.127776e-02
    endloop
  endfacet
  facet normal 9.807864e-01 0.000000e+00 -1.950845e-01
    outer loop
      vertex 6.999128e-02 6.300101e-02 -2.223447e-02
      vertex 6.980099e-02 6.700101e-02 -2.319118e-02
      vertex 6.999128e-02 6.700101e-02 -2.223447e-02
    endloop
  endfacet
  facet normal 8.314694e-01 0.000000e+00 -5.555707e-01
    outer loop
      vertex 6.980099e-02 6.300101e-02 -2.319118e-02
      vertex 6.925905e-02 6.700101e-02 -2.400224e-02
      vertex 6.980099e-02 6.700101e-02 -2.319118e-02
    endloop
  endfacet
  facet normal 5.555711e-01 0.000000e+00 -8.314691e-01
    outer loop
      vertex 6.925905e-02 6.300101e-02 -2.400224e-02
      vertex 6.844800e-02 6.700101e-02 -2.454417e-02
      vertex 6.925905e-02 6.700101e-02 -2.400224e-02
    endloop
  endfacet
  facet normal 1.950889e-01 0.000000e+00 -9.807855e-01
    outer loop
      vertex 6.844800e-02 6.300101e-02 -2.454417e-02
      vertex 6.749129e-02 6.700101e-02 -2.473447e-02
      vertex 6.844800e-02 6.700101e-02 -2.454417e-02
    endloop
  endfacet
  facet normal -1.950904e-01 0.000000e+00 -9.807853e-01
    outer loop
      vertex 6.749129e-02 6.300101e-02 -2.473447e-02
      vertex 6.653458e-02 6.700101e-02 -2.454417e-02
      vertex 6.749129e-02 6.700101e-02 -2.473447e-02
    endloop
  endfacet
  facet normal -5.555676e-01 0.000000e+00 -8.314714e-01
    outer loop
      vertex 6.653458e-02 6.300101e-02 -2.454417e-02
      vertex 6.572352e-02 6.700101e-02 -2.400224e-02
      vertex 6.653458e-02 6.700101e-02 -2.454417e-02
    endloop
  endfacet
  facet normal -8.314694e-01 0.000000e+00 -5.555707e-01
    outer loop
      vertex 6.572352e-02 6.300101e-02 -2.400224e-02
      vertex 6.518158e-02 6.700101e-02 -2.319118e-02
      vertex 6.572352e-02 6.700101e-02 -2.400224e-02
    endloop
  endfacet
  facet normal -9.807864e-01 0.000000e+00 -1.950845e-01
    outer loop
      vertex 6.518158e-02 6.300101e-02 -2.319118e-02
      vertex 6.499129e-02 6.700101e-02 -2.223447e-02
      vertex 6.518158e-02 6.700101e-02 -2.319118e-02
    endloop
  endfacet
  facet normal -9.807864e-01 0.000000e+00 1.950845e-01
    outer loop
      vertex 6.499129e-02 6.300101e-02 -2.223447e-02
      vertex 6.518158e-02 6.700101e-02 -2.127776e-02
      vertex 6.499129e-02 6.700101e-02 -2.223447e-02
    endloop
  endfacet
  facet normal -8.314687e-01 0.000000e+00 5.555715e-01
    outer loop
      vertex 6.518158e-02 6.300101e-02 -2.127776e-02
      vertex 6.572352e-02 6.700101e-02 -2.046670e-02
      vertex 6.518158e-02 6.700101e-02 -2.127776e-02
    endloop
  endfacet
  facet normal 0.000000e+00 -1.000000e+00 0.000000e+00
    outer loop
      vertex 6.925905e-02 6.300101e-02 -2.400224e-02
      vertex 6.999128e-02 6.300101e-02 -2.223447e-02
      vertex 6.925905e-02 6.300101e-02 -2.046670e-02
    endloop
  endfacet
  facet normal -5.555689e-01 0.000000e+00 8.314705e-01
    outer loop
      vertex 6.572352e-02 6.300101e-02 -2.046670e-02
      vertex 6.653458e-02 6.700101e-02 -1.992477e-02
      vertex 6.572352e-02 6.700101e-02 -2.046670e-02
    endloop
  endfacet
  facet normal -1.950922e-01 0.000000e+00 9.807850e-01
    outer loop
      vertex 6.653458e-02 6.300101e-02 -1.992477e-02
      vertex 6.749129e-02 6.700101e-02 -1.973447e-02
      vertex 6.653458e-02 6.700101e-02 -1.992477e-02
    endloop
  endfacet
  facet normal 0.000000e+00 9.999999e-01 0.000000e+00
    outer loop
      vertex 6.844800e-02 6.700101e-02 -2.454417e-02
      vertex 6.518158e-02 6.700101e-02 -2.319118e-02
      vertex 6.653458e-02 6.700101e-02 -1.992477e-02
    endloop
  endfacet
  facet normal 1.950908e-01 0.000000e+00 9.807853e-01
    outer loop
      vertex 6.749129e-02 6.300101e-02 -1.973447e-02
      vertex 6.844800e-02 6.300101e-02 -1.992477e-02
      vertex 6.844800e-02 6.700101e-02 -1.992477e-02
    endloop
  endfacet
  facet normal 5.555725e-01 0.000000e+00 8.314682e-01
    outer loop
      vertex 6.844800e-02 6.300101e-02 -1.992477e-02
      vertex 6.925905e-02 6.300101e-02 -2.046670e-02
      vertex 6.925905e-02 6.700101e-02 -2.046670e-02
    endloop
  endfacet
  facet normal 8.314687e-01 0.000000e+00 5.555715e-01
    outer loop
      vertex 6.925905e-02 6.300101e-02 -2.046670e-02
      vertex 6.980099e-02 6.300101e-02 -2.127776e-02
      vertex 6.980099e-02 6.700101e-02 -2.127776e-02
    endloop
  endfacet
  facet normal 9.807864e-01 0.000000e+00 1.950845e-01
    outer loop
      vertex 6.980099e-02 6.300101e-02 -2.127776e-02
      vertex 6.999128e-02 6.300101e-02 -2.223447e-02
      vertex 6.999128e-02 6.700101e-02 -2.223447e-02
    endloop
  endfacet
  facet normal 9.807864e-01 0.000000e+00 -1.950845e-01
    outer loop
      vertex 6.999128e-02 6.300101e-02 -2.223447e-02
      vertex 6.980099e-02 6.300101e-02 -2.319118e-02
      vertex 6.980099e-02 6.700101e-02 -2.319118e-02
    endloop
  endfacet
  facet normal 8.314694e-01 0.000000e+00 -5.555707e-01
    outer loop
      vertex 6.980099e-02 6.300101e-02 -2.319118e-02
      vertex 6.925905e-02 6.300101e-02 -2.400224e-02
      vertex 6.925905e-02 6.700101e-02 -2.400224e-02
    endloop
  endfacet
  facet normal 5.555711e-01 0.000000e+00 -8.314691e-01
    outer loop
      vertex 6.925905e-02 6.300101e-02 -2.400224e-02
      vertex 6.844800e-02 6.300101e-02 -2.454417e-02
      vertex 6.844800e-02 6.700101e-02 -2.454417e-02
    endloop
  endfacet
  facet normal 1.950889e-01 0.000000e+00 -9.807855e-01
    outer loop
      vertex 6.844800e-02 6.300101e-02 -2.454417e-02
      vertex 6.749129e-02 6.300101e-02 -2.473447e-02
      vertex 6.749129e-02 6.700101e-02 -2.473447e-02
    endloop
  endfacet
  facet normal -1.950904e-01 0.000000e+00 -9.807853e-01
    outer loop
      vertex 6.749129e-02 6.300101e-02 -2.473447e-02
      vertex 6.653458e-02 6.300101e-02 -2.454417e-02
      vertex 6.653458e-02 6.700101e-02 -2.454417e-02
    endloop
  endfacet
  facet normal -5.555676e-01 0.000000e+00 -8.314714e-01
    outer loop
      vertex 6.653458e-02 6.300101e-02 -2.454417e-02
      vertex 6.572352e-02 6.300101e-02 -2.400224e-02
      vertex 6.572352e-02 6.700101e-02 -2.400224e-02
    endloop
  endfacet
  facet normal -8.314694e-01 0.000000e+00 -5.555707e-01
    outer loop
      vertex 6.572352e-02 6.300101e-02 -2.400224e-02
      vertex 6.518158e-02 6.300101e-02 -2.319118e-02
      vertex 6.518158e-02 6.700101e-02 -2.319118e-02
    endloop
  endfacet
  facet normal -9.807864e-01 0.000000e+00 -1.950845e-01
    outer loop
      vertex 6.518158e-02 6.300101e-02 -2.319118e-02
      vertex 6.499129e-02 6.300101e-02 -2.223447e-02
      vertex 6.499129e-02 6.700101e-02 -2.223447e-02
    endloop
  endfacet
  facet normal -9.807864e-01 0.000000e+00 1.950845e-01
    outer loop
      vertex 6.499129e-02 6.300101e-02 -2.223447e-02
      vertex 6.518158e-02 6.300101e-02 -2.127776e-02
      vertex 6.518158e-02 6.700101e-02 -2.127776e-02
    endloop
  endfacet
  facet normal -8.314687e-01 0.000000e+00 5.555715e-01
    outer loop
      vertex 6.518158e-02 6.300101e-02 -2.127776e-02
      vertex 6.572352e-02 6.300101e-02 -2.046670e-02
      vertex 6.572352e-02 6.700101e-02 -2.046670e-02
    endloop
  endfacet
  facet normal 0.000000e+00 -1.000000e+00 0.000000e+00
    outer loop
      vertex 6.925905e-02 6.300101e-02 -2.046670e-02
      vertex 6.844800e-02 6.300101e-02 -1.992477e-02
      vertex 6.749129e-02 6.300101e-02 -1.973447e-02
    endloop
  endfacet
  facet normal 0.000000e+00 -1.000000e+00 0.000000e+00
    outer loop
      vertex 6.749129e-02 6.300101e-02 -1.973447e-02
      vertex 6.653458e-02 6.300101e-02 -1.992477e-02
      vertex 6.572352e-02 6.300101e-02 -2.046670e-02
    endloop
  endfacet
  facet normal 0.000000e+00 -9.999999e-01 0.000000e+00
    outer loop
      vertex 6.572352e-02 6.300101e-02 -2.046670e-02
      vertex 6.518158e-02 6.300101e-02 -2.127776e-02
      vertex 6.499129e-02 6.300101e-02 -2.223447e-02
    endloop
  endfacet
  facet normal 0.000000e+00 -1.000000e+00 0.000000e+00
    outer loop
      vertex 6.499129e-02 6.300101e-02 -2.223447e-02
      vertex 6.518158e-02 6.300101e-02 -2.319118e-02
      vertex 6.572352e-02 6.300101e-02 -2.400224e-02
    endloop
  endfacet
  facet normal 0.000000e+00 -9.999999e-01 0.000000e+00
    outer loop
      vertex 6.572352e-02 6.300101e-02 -2.400224e-02
      vertex 6.653458e-02 6.300101e-02 -2.454417e-02
      vertex 6.749129e-02 6.300101e-02 -2.473447e-02
    endloop
  endfacet
  facet normal 0.000000e+00 -1.000000e+00 0.000000e+00
    outer loop
      vertex 6.749129e-02 6.300101e-02 -2.473447e-02
      vertex 6.844800e-02 6.300101e-02 -2.454417e-02
      vertex 6.925905e-02 6.300101e-02 -2.400224e-02
    endloop
  endfacet
  facet normal 0.000000e+00 -1.000000e+00 0.000000e+00
    outer loop
      vertex 6.925905e-02 6.300101e-02 -2.400224e-02
      vertex 6.980099e-02 6.300101e-02 -2.319118e-02
      vertex 6.999128e-02 6.300101e-02 -2.223447e-02
    endloop
  endfacet
  facet normal 0.000000e+00 -1.000000e+00 0.000000e+00
    outer loop
      vertex 6.999128e-02 6.300101e-02 -2.223447e-02
      vertex 6.980099e-02 6.300101e-02 -2.127776e-02
      vertex 6.925905e-02 6.300101e-02 -2.046670e-02
    endloop
  endfacet
  facet normal -0.000000e+00 -1.000000e+00 0.000000e+00
    outer loop
      vertex 6.925905e-02 6.300101e-02 -2.046670e-02
      vertex 6.749129e-02 6.300101e-02 -1.973447e-02
      vertex 6.572352e-02 6.300101e-02 -2.400224e-02
    endloop
  endfacet
  facet normal 0.000000e+00 -1.000000e+00 0.000000e+00
    outer loop
      vertex 6.749129e-02 6.300101e-02 -1.973447e-02
      vertex 6.572352e-02 6.300101e-02 -2.046670e-02
      vertex 6.572352e-02 6.300101e-02 -2.400224e-02
    endloop
  endfacet
  facet normal 0.000000e+00 -1.000000e+00 -0.000000e+00
    outer loop
      vertex 6.572352e-02 6.300101e-02 -2.046670e-02
      vertex 6.499129e-02 6.300101e-02 -2.223447e-02
      vertex 6.572352e-02 6.300101e-02 -2.400224e-02
    endloop
  endfacet
  facet normal 0.000000e+00 -1.000000e+00 0.000000e+00
    outer loop
      vertex 6.572352e-02 6.300101e-02 -2.400224e-02
      vertex 6.749129e-02 6.300101e-02 -2.473447e-02
      vertex 6.925905e-02 6.300101e-02 -2.046670e-02
    endloop
  endfacet
  facet normal 0.000000e+00 -1.000000e+00 0.000000e+00
    outer loop
      vertex 6.749129e-02 6.300101e-02 -2.473447e-02
      vertex 6.925905e-02 6.300101e-02 -2.400224e-02
      vertex 6.925905e-02 6.300101e-02 -2.046670e-02
    endloop
  endfacet
  facet normal -5.555689e-01 0.000000e+00 8.314705e-01
    outer loop
      vertex 6.572352e-02 6.300101e-02 -2.046670e-02
      vertex 6.653458e-02 6.300101e-02 -1.992477e-02
      vertex 6.653458e-02 6.700101e-02 -1.992477e-02
    endloop
  endfacet
  facet normal -1.950922e-01 0.000000e+00 9.807850e-01
    outer loop
      vertex 6.653458e-02 6.300101e-02 -1.992477e-02
      vertex 6.749129e-02 6.300101e-02 -1.973447e-02
      vertex 6.749129e-02 6.700101e-02 -1.973447e-02
    endloop
  endfacet
  facet normal -0.000000e+00 1.000000e+00 0.000000e+00
    outer loop
      vertex 6.653458e-02 6.700101e-02 -1.992477e-02
      vertex 6.749129e-02 6.700101e-02 -1.973447e-02
      vertex 6.980099e-02 6.700101e-02 -2.127776e-02
    endloop
  endfacet
  facet normal 0.000000e+00 1.000000e+00 0.000000e+00
    outer loop
      vertex 6.749129e-02 6.700101e-02 -1.973447e-02
      vertex 6.844800e-02 6.700101e-02 -1.992477e-02
      vertex 6.980099e-02 6.700101e-02 -2.127776e-02
    endloop
  endfacet
  facet normal 0.000000e+00 1.000000e+00 0.000000e+00
    outer loop
      vertex 6.844800e-02 6.700101e-02 -1.992477e-02
      vertex 6.925905e-02 6.700101e-02 -2.046670e-02
      vertex 6.980099e-02 6.700101e-02 -2.127776e-02
    endloop
  endfacet
  facet normal 0.000000e+00 1.000000e+00 0.000000e+00
    outer loop
      vertex 6.980099e-02 6.700101e-02 -2.127776e-02
      vertex 6.999128e-02 6.700101e-02 -2.223447e-02
      vertex 6.844800e-02 6.700101e-02 -2.454417e-02
    endloop
  endfacet
  facet normal 0.000000e+00 1.000000e+00 0.000000e+00
    outer loop
      vertex 6.999128e-02 6.700101e-02 -2.223447e-02
      vertex 6.980099e-02 6.700101e-02 -2.319118e-02
      vertex 6.844800e-02 6.700101e-02 -2.454417e-02
    endloop
  endfacet
  facet normal 0.000000e+00 1.000000e+00 0.000000e+00
    outer loop
      vertex 6.980099e-02 6.700101e-02 -2.319118e-02
      vertex 6.925905e-02 6.700101e-02 -2.400224e-02
      vertex 6.844800e-02 6.700101e-02 -2.454417e-02
    endloop
  endfacet
  facet normal 0.000000e+00 1.000000e+00 0.000000e+00
    outer loop
      vertex 6.844800e-02 6.700101e-02 -2.454417e-02
      vertex 6.749129e-02 6.700101e-02 -2.473447e-02
      vertex 6.518158e-02 6.700101e-02 -2.319118e-02
    endloop
  endfacet
  facet normal 0.000000e+00 1.000000e+00 0.000000e+00
    outer loop
      vertex 6.749129e-02 6.700101e-02 -2.473447e-02
      vertex 6.653458e-02 6.700101e-02 -2.454417e-02
      vertex 6.518158e-02 6.700101e-02 -2.319118e-02
    endloop
  endfacet
  facet normal 0.000000e+00 1.000000e+00 0.000000e+00
    outer loop
      vertex 6.653458e-02 6.700101e-02 -2.454417e-02
      vertex 6.572352e-02 6.700101e-02 -2.400224e-02
      vertex 6.518158e-02 6.700101e-02 -2.319118e-02
    endloop
  endfacet
  facet normal 0.000000e+00 1.000000e+00 -0.000000e+00
    outer loop
      vertex 6.518158e-02 6.700101e-02 -2.319118e-02
      vertex 6.499129e-02 6.700101e-02 -2.223447e-02
      vertex 6.653458e-02 6.700101e-02 -1.992477e-02
    endloop
  endfacet
  facet normal 0.000000e+00 1.000000e+00 0.000000e+00
    outer loop
      vertex 6.499129e-02 6.700101e-02 -2.223447e-02
      vertex 6.518158e-02 6.700101e-02 -2.127776e-02
      vertex 6.653458e-02 6.700101e-02 -1.992477e-02
    endloop
  endfacet
  facet normal 0.000000e+00 9.999999e-01 0.000000e+00
    outer loop
      vertex 6.518158e-02 6.700101e-02 -2.127776e-02
      vertex 6.572352e-02 6.700101e-02 -2.046670e-02
      vertex 6.653458e-02 6.700101e-02 -1.992477e-02
    endloop
  endfacet
  facet normal 0.000000e+00 1.000000e+00 0.000000e+00
    outer loop
      vertex 6.653458e-02 6.700101e-02 -1.992477e-02
      vertex 6.980099e-02 6.700101e-02 -2.127776e-02
      vertex 6.844800e-02 6.700101e-02 -2.454417e-02
    endloop
  endfacet
  facet normal 1.950908e-01 -0.000000e+00 9.807853e-01
    outer loop
      vertex 6.749129e-02 -6.699900e-02 -1.973447e-02
      vertex 6.844800e-02 -6.299900e-02 -1.992477e-02
      vertex 6.749129e-02 -6.299900e-02 -1.973447e-02
    endloop
  endfacet
  facet normal 5.555725e-01 -0.000000e+00 8.314682e-01
    outer loop
      vertex 6.844800e-02 -6.699900e-02 -1.992477e-02
      vertex 6.925905e-02 -6.299900e-02 -2.046670e-02
      vertex 6.844800e-02 -6.299900e-02 -1.992477e-02
    endloop
  endfacet
  facet normal 8.314687e-01 -0.000000e+00 5.555715e-01
    outer loop
      vertex 6.925905e-02 -6.699900e-02 -2.046670e-02
      vertex 6.980099e-02 -6.299900e-02 -2.127776e-02
      vertex 6.925905e-02 -6.299900e-02 -2.046670e-02
    endloop
  endfacet
  facet normal 9.807864e-01 -0.000000e+00 1.950845e-01
    outer loop
      vertex 6.980099e-02 -6.699900e-02 -2.127776e-02
      vertex 6.999128e-02 -6.299900e-02 -2.223447e-02
      vertex 6.980099e-02 -6.299900e-02 -2.127776e-02
    endloop
  endfacet
  facet normal 9.807864e-01 0.000000e+00 -1.950845e-01
    outer loop
      vertex 6.999128e-02 -6.699900e-02 -2.223447e-02
      vertex 6.980099e-02 -6.299900e-02 -2.319118e-02
      vertex 6.999128e-02 -6.299900e-02 -2.223447e-02
    endloop
  endfacet
  facet normal 8.314694e-01 0.000000e+00 -5.555707e-01
    outer loop
      vertex 6.980099e-02 -6.699900e-02 -2.319118e-02
      vertex 6.925905e-02 -6.299900e-02 -2.400224e-02
      vertex 6.980099e-02 -6.299900e-02 -2.319118e-02
    endloop
  endfacet
  facet normal 5.555711e-01 0.000000e+00 -8.314691e-01
    outer loop
      vertex 6.925905e-02 -6.699900e-02 -2.400224e-02
      vertex 6.844800e-02 -6.299900e-02 -2.454417e-02
      vertex 6.925905e-02 -6.299900e-02 -2.400224e-02
    endloop
  endfacet
  facet normal 1.950889e-01 0.000000e+00 -9.807855e-01
    outer loop
      vertex 6.844800e-02 -6.699900e-02 -2.454417e-02
      vertex 6.749129e-02 -6.299900e-02 -2.473447e-02
      vertex 6.844800e-02 -6.299900e-02 -2.454417e-02
    endloop
  endfacet
  facet normal -1.950904e-01 0.000000e+00 -9.807853e-01
    outer loop
      vertex 6.749129e-02 -6.699900e-02 -2.473447e-02
      vertex 6.653458e-02 -6.299900e-02 -2.454417e-02
      vertex 6.749129e-02 -6.299900e-02 -2.473447e-02
    endloop
  endfacet
  facet normal -5.555676e-01 0.000000e+00 -8.314714e-01
    outer loop
      vertex 6.653458e-02 -6.699900e-02 -2.454417e-02
      vertex 6.572352e-02 -6.299900e-02 -2.400224e-02
      vertex 6.653458e-02 -6.299900e-02 -2.454417e-02
    endloop
  endfacet
  facet normal -8.314694e-01 0.000000e+00 -5.555707e-01
    outer loop
      vertex 6.572352e-02 -6.699900e-02 -2.400224e-02
      vertex 6.518158e-02 -6.299900e-02 -2.319118e-02
      vertex 6.572352e-02 -6.299900e-02 -2.400224e-02
    endloop
  endfacet
  facet normal -9.807864e-01 0.000000e+00 -1.950845e-01
    outer loop
      vertex 6.518158e-02 -6.699900e-02 -2.319118e-02
      vertex 6.499129e-02 -6.299900e-02 -2.223447e-02
      vertex 6.518158e-02 -6.299900e-02 -2.319118e-02
    endloop
  endfacet
  facet normal -9.807864e-01 0.000000e+00 1.950845e-01
    outer loop
      vertex 6.499129e-02 -6.699900e-02 -2.223447e-02
      vertex 6.518158e-02 -6.299900e-02 -2.127776e-02
      vertex 6.499129e-02 -6.299900e-02 -2.223447e-02
    endloop
  endfacet
  facet normal -8.314687e-01 0.000000e+00 5.555715e-01
    outer loop
      vertex 6.518158e-02 -6.699900e-02 -2.127776e-02
      vertex 6.572352e-02 -6.299900e-02 -2.046670e-02
      vertex 6.518158e-02 -6.299900e-02 -2.127776e-02
    endloop
  endfacet
  facet normal 0.000000e+00 -1.000000e+00 0.000000e+00
    outer loop
      vertex 6.925905e-02 -6.699900e-02 -2.400224e-02
      vertex 6.999128e-02 -6.699900e-02 -2.223447e-02
      vertex 6.925905e-02 -6.699900e-02 -2.046670e-02
    endloop
  endfacet
  facet normal -5.555689e-01 0.000000e+00 8.314705e-01
    outer loop
      vertex 6.572352e-02 -6.699900e-02 -2.046670e-02
      vertex 6.653458e-02 -6.299900e-02 -1.992477e-02
      vertex 6.572352e-02 -6.299900e-02 -2.046670e-02
    endloop
  endfacet
  facet normal -1.950922e-01 0.000000e+00 9.807850e-01
    outer loop
      vertex 6.653458e-02 -6.699900e-02 -1.992477e-02
      vertex 6.749129e-02 -6.299900e-02 -1.973447e-02
      vertex 6.653458e-02 -6.299900e-02 -1.992477e-02
    endloop
  endfacet
  facet normal 0.000000e+00 1.000000e+00 0.000000e+00
    outer loop
      vertex 6.653458e-02 -6.299900e-02 -1.992477e-02
      vertex 6.980099e-02 -6.299900e-02 -2.127776e-02
      vertex 6.844800e-02 -6.299900e-02 -2.454417e-02
    endloop
  endfacet
  facet normal 1.950908e-01 0.000000e+00 9.807853e-01
    outer loop
      vertex 6.749129e-02 -6.699900e-02 -1.973447e-02
      vertex 6.844800e-02 -6.699900e-02 -1.992477e-02
      vertex 6.844800e-02 -6.299900e-02 -1.992477e-02
    endloop
  endfacet
  facet normal 5.555725e-01 0.000000e+00 8.314682e-01
    outer loop
      vertex 6.844800e-02 -6.699900e-02 -1.992477e-02
      vertex 6.925905e-02 -6.699900e-02 -2.046670e-02
      vertex 6.925905e-02 -6.299900e-02 -2.046670e-02
    endloop
  endfacet
  facet normal 8.314687e-01 0.000000e+00 5.555715e-01
    outer loop
      vertex 6.925905e-02 -6.699900e-02 -2.046670e-02
      vertex 6.980099e-02 -6.699900e-02 -2.127776e-02
      vertex 6.980099e-02 -6.299900e-02 -2.127776e-02
    endloop
  endfacet
  facet normal 9.807864e-01 0.000000e+00 1.950845e-01
    outer loop
      vertex 6.980099e-02 -6.699900e-02 -2.127776e-02
      vertex 6.999128e-02 -6.699900e-02 -2.223447e-02
      vertex 6.999128e-02 -6.299900e-02 -2.223447e-02
    endloop
  endfacet
  facet normal 9.807864e-01 0.000000e+00 -1.950845e-01
    outer loop
      vertex 6.999128e-02 -6.699900e-02 -2.223447e-02
      vertex 6.980099e-02 -6.699900e-02 -2.319118e-02
      vertex 6.980099e-02 -6.299900e-02 -2.319118e-02
    endloop
  endfacet
  facet normal 8.314694e-01 0.000000e+00 -5.555707e-01
    outer loop
      vertex 6.980099e-02 -6.699900e-02 -2.319118e-02
      vertex 6.925905e-02 -6.699900e-02 -2.400224e-02
      vertex 6.925905e-02 -6.299900e-02 -2.400224e-02
    endloop
  endfacet
  facet normal 5.555711e-01 0.000000e+00 -8.314691e-01
    outer loop
      vertex 6.925905e-02 -6.699900e-02 -2.400224e-02
      vertex 6.844800e-02 -6.699900e-02 -2.454417e-02
      vertex 6.844800e-02 -6.299900e-02 -2.454417e-02
    endloop
  endfacet
  facet normal 1.950889e-01 0.000000e+00 -9.807855e-01
    outer loop
      vertex 6.844800e-02 -6.699900e-02 -2.454417e-02
      vertex 6.749129e-02 -6.699900e-02 -2.473447e-02
      vertex 6.749129e-02 -6.299900e-02 -2.473447e-02
    endloop
  endfacet
  facet normal -1.950904e-01 0.000000e+00 -9.807853e-01
    outer loop
      vertex 6.749129e-02 -6.699900e-02 -2.473447e-02
      vertex 6.653458e-02 -6.699900e-02 -2.454417e-02
      vertex 6.653458e-02 -6.299900e-02 -2.454417e-02
    endloop
  endfacet
  facet normal -5.555676e-01 0.000000e+00 -8.314714e-01
    outer loop
      vertex 6.653458e-02 -6.699900e-02 -2.454417e-02
      vertex 6.572352e-02 -6.699900e-02 -2.400224e-02
      vertex 6.572352e-02 -6.299900e-02 -2.400224e-02
    endloop
  endfacet
  facet normal -8.314694e-01 0.000000e+00 -5.555707e-01
    outer loop
      vertex 6.572352e-02 -6.699900e-02 -2.400224e-02
      vertex 6.518158e-02 -6.699900e-02 -2.319118e-02
      vertex 6.518158e-02 -6.299900e-02 -2.319118e-02
    endloop
  endfacet
  facet normal -9.807864e-01 0.000000e+00 -1.950845e-01
    outer loop
      vertex 6.518158e-02 -6.699900e-02 -2.319118e-02
      vertex 6.499129e-02 -6.699900e-02 -2.223447e-02
      vertex 6.499129e-02 -6.299900e-02 -2.223447e-02
    endloop
  endfacet
  facet normal -9.807864e-01 0.000000e+00 1.950845e-01
    outer loop
      vertex 6.499129e-02 -6.699900e-02 -2.223447e-02
      vertex 6.518158e-02 -6.699900e-02 -2.127776e-02
      vertex 6.518158e-02 -6.299900e-02 -2.127776e-02
    endloop
  endfacet
  facet normal -8.314687e-01 0.000000e+00 5.555715e-01
    outer loop
      vertex 6.518158e-02 -6.699900e-02 -2.127776e-02
      vertex 6.572352e-02 -6.699900e-02 -2.046670e-02
      vertex 6.572352e-02 -6.299900e-02 -2.046670e-02
    endloop
  endfacet
  facet normal 0.000000e+00 -1.000000e+00 0.000000e+00
    outer loop
      vertex 6.925905e-02 -6.699900e-02 -2.046670e-02
      vertex 6.844800e-02 -6.699900e-02 -1.992477e-02
      vertex 6.749129e-02 -6.699900e-02 -1.973447e-02
    endloop
  endfacet
  facet normal 0.000000e+00 -1.000000e+00 0.000000e+00
    outer loop
      vertex 6.749129e-02 -6.699900e-02 -1.973447e-02
      vertex 6.653458e-02 -6.699900e-02 -1.992477e-02
      vertex 6.572352e-02 -6.699900e-02 -2.046670e-02
    endloop
  endfacet
  facet normal 0.000000e+00 -9.999999e-01 0.000000e+00
    outer loop
      vertex 6.572352e-02 -6.699900e-02 -2.046670e-02
      vertex 6.518158e-02 -6.699900e-02 -2.127776e-02
      vertex 6.499129e-02 -6.699900e-02 -2.223447e-02
    endloop
  endfacet
  facet normal 0.000000e+00 -1.000000e+00 0.000000e+00
    outer loop
      vertex 6.499129e-02 -6.699900e-02 -2.223447e-02
      vertex 6.518158e-02 -6.699900e-02 -2.319118e-02
      vertex 6.572352e-02 -6.699900e-02 -2.400224e-02
    endloop
  endfacet
  facet normal 0.000000e+00 -9.999999e-01 0.000000e+00
    outer loop
      vertex 6.572352e-02 -6.699900e-02 -2.400224e-02
      vertex 6.653458e-02 -6.699900e-02 -2.454417e-02
      vertex 6.749129e-02 -6.699900e-02 -2.473447e-02
    endloop
  endfacet
  facet normal 0.000000e+00 -1.000000e+00 0.000000e+00
    outer loop
      vertex 6.749129e-02 -6.699900e-02 -2.473447e-02
      vertex 6.844800e-02 -6.699900e-02 -2.454417e-02
      vertex 6.925905e-02 -6.699900e-02 -2.400224e-02
    endloop
  endfacet
  facet normal 0.000000e+00 -1.000000e+00 0.000000e+00
    outer loop
      vertex 6.925905e-02 -6.699900e-02 -2.400224e-02
      vertex 6.980099e-02 -6.699900e-02 -2.319118e-02
      vertex 6.999128e-02 -6.699900e-02 -2.223447e-02
    endloop
  endfacet
  facet normal 0.000000e+00 -1.000000e+00 0.000000e+00
    outer loop
      vertex 6.999128e-02 -6.699900e-02 -2.223447e-02
      vertex 6.980099e-02 -6.699900e-02 -2.127776e-02
      vertex 6.925905e-02 -6.699900e-02 -2.046670e-02
    endloop
  endfacet
  facet normal -0.000000e+00 -1.000000e+00 0.000000e+00
    outer loop
      vertex 6.925905e-02 -6.699900e-02 -2.046670e-02
      vertex 6.749129e-02 -6.699900e-02 -1.973447e-02
      vertex 6.572352e-02 -6.699900e-02 -2.400224e-02
    endloop
  endfacet
  facet normal 0.000000e+00 -1.000000e+00 0.000000e+00
    outer loop
      vertex 6.749129e-02 -6.699900e-02 -1.973447e-02
      vertex 6.572352e-02 -6.699900e-02 -2.046670e-02
      vertex 6.572352e-02 -6.699900e-02 -2.400224e-02
    endloop
  endfacet
  facet normal 0.000000e+00 -1.000000e+00 -0.000000e+00
    outer loop
      vertex 6.572352e-02 -6.699900e-02 -2.046670e-02
      vertex 6.499129e-02 -6.699900e-02 -2.223447e-02
      vertex 6.572352e-02 -6.699900e-02 -2.400224e-02
    endloop
  endfacet
  facet normal 0.000000e+00 -1.000000e+00 0.000000e+00
    outer loop
      vertex 6.572352e-02 -6.699900e-02 -2.400224e-02
      vertex 6.749129e-02 -6.699900e-02 -2.473447e-02
      vertex 6.925905e-02 -6.699900e-02 -2.046670e-02
    endloop
  endfacet
  facet normal 0.000000e+00 -1.000000e+00 0.000000e+00
    outer loop
      vertex 6.749129e-02 -6.699900e-02 -2.473447e-02
      vertex 6.925905e-02 -6.699900e-02 -2.400224e-02
      vertex 6.925905e-02 -6.699900e-02 -2.046670e-02
    endloop
  endfacet
  facet normal -5.555689e-01 0.000000e+00 8.314705e-01
    outer loop
      vertex 6.572352e-02 -6.699900e-02 -2.046670e-02
      vertex 6.653458e-02 -6.699900e-02 -1.992477e-02
      vertex 6.653458e-02 -6.299900e-02 -1.992477e-02
    endloop
  endfacet
  facet normal -1.950922e-01 0.000000e+00 9.807850e-01
    outer loop
      vertex 6.653458e-02 -6.699900e-02 -1.992477e-02
      vertex 6.749129e-02 -6.699900e-02 -1.973447e-02
      vertex 6.749129e-02 -6.299900e-02 -1.973447e-02
    endloop
  endfacet
  facet normal -0.000000e+00 1.000000e+00 0.000000e+00
    outer loop
      vertex 6.653458e-02 -6.299900e-02 -1.992477e-02
      vertex 6.749129e-02 -6.299900e-02 -1.973447e-02
      vertex 6.980099e-02 -6.299900e-02 -2.127776e-02
    endloop
  endfacet
  facet normal 0.000000e+00 1.000000e+00 0.000000e+00
    outer loop
      vertex 6.749129e-02 -6.299900e-02 -1.973447e-02
      vertex 6.844800e-02 -6.299900e-02 -1.992477e-02
      vertex 6.980099e-02 -6.299900e-02 -2.127776e-02
    endloop
  endfacet
  facet normal 0.000000e+00 1.000000e+00 0.000000e+00
    outer loop
      vertex 6.844800e-02 -6.299900e-02 -1.992477e-02
      vertex 6.925905e-02 -6.299900e-02 -2.046670e-02
      vertex 6.980099e-02 -6.299900e-02 -2.127776e-02
    endloop
  endfacet
  facet normal 0.000000e+00 1.000000e+00 0.000000e+00
    outer loop
      vertex 6.980099e-02 -6.299900e-02 -2.127776e-02
      vertex 6.999128e-02 -6.299900e-02 -2.223447e-02
      vertex 6.844800e-02 -6.299900e-02 -2.454417e-02
    endloop
  endfacet
  facet normal 0.000000e+00 1.000000e+00 0.000000e+00
    outer loop
      vertex 6.999128e-02 -6.299900e-02 -2.223447e-02
      vertex 6.980099e-02 -6.299900e-02 -2.319118e-02
      vertex 6.844800e-02 -6.299900e-02 -2.454417e-02
    endloop
  endfacet
  facet normal 0.000000e+00 1.000000e+00 0.000000e+00
    outer loop
      vertex 6.980099e-02 -6.299900e-02 -2.319118e-02
      vertex 6.925905e-02 -6.299900e-02 -2.400224e-02
      vertex 6.844800e-02 -6.299900e-02 -2.454417e-02
    endloop
  endfacet
  facet normal 0.000000e+00 1.000000e+00 0.000000e+00
    outer loop
      vertex 6.844800e-02 -6.299900e-02 -2.454417e-02
      vertex 6.749129e-02 -6.299900e-02 -2.473447e-02
      vertex 6.653458e-02 -6.299900e-02 -2.454417e-02
    endloop
  endfacet
  facet normal 0.000000e+00 1.000000e+00 0.000000e+00
    outer loop
      vertex 6.653458e-02 -6.299900e-02 -2.454417e-02
      vertex 6.572352e-02 -6.299900e-02 -2.400224e-02
      vertex 6.518158e-02 -6.299900e-02 -2.319118e-02
    endloop
  endfacet
  facet normal 0.000000e+00 1.000000e+00 -0.000000e+00
    outer loop
      vertex 6.518158e-02 -6.299900e-02 -2.319118e-02
      vertex 6.499129e-02 -6.299900e-02 -2.223447e-02
      vertex 6.653458e-02 -6.299900e-02 -1.992477e-02
    endloop
  endfacet
  facet normal 0.000000e+00 1.000000e+00 0.000000e+00
    outer loop
      vertex 6.499129e-02 -6.299900e-02 -2.223447e-02
      vertex 6.518158e-02 -6.299900e-02 -2.127776e-02
      vertex 6.653458e-02 -6.299900e-02 -1.992477e-02
    endloop
  endfacet
  facet normal 0.000000e+00 9.999999e-01 0.000000e+00
    outer loop
      vertex 6.518158e-02 -6.299900e-02 -2.127776e-02
      vertex 6.572352e-02 -6.299900e-02 -2.046670e-02
      vertex 6.653458e-02 -6.299900e-02 -1.992477e-02
    endloop
  endfacet
  facet normal 0.000000e+00 1.000000e+00 0.000000e+00
    outer loop
      vertex 6.844800e-02 -6.299900e-02 -2.454417e-02
      vertex 6.653458e-02 -6.299900e-02 -2.454417e-02
      vertex 6.653458e-02 -6.299900e-02 -1.992477e-02
    endloop
  endfacet
  facet normal 0.000000e+00 1.000000e+00 -0.000000e+00
    outer loop
      vertex 6.653458e-02 -6.299900e-02 -2.454417e-02
      vertex 6.518158e-02 -6.299900e-02 -2.319118e-02
      vertex 6.653458e-02 -6.299900e-02 -1.992477e-02
    endloop
  endfacet
  facet normal 1.950922e-01 -0.000000e+00 9.807850e-01
    outer loop
      vertex -6.750872e-02 6.300101e-02 -1.973447e-02
      vertex -6.655201e-02 6.700101e-02 -1.992477e-02
      vertex -6.750872e-02 6.700101e-02 -1.973447e-02
    endloop
  endfacet
  facet normal 5.555689e-01 -0.000000e+00 8.314705e-01
    outer loop
      vertex -6.655201e-02 6.300101e-02 -1.992477e-02
      vertex -6.574095e-02 6.700101e-02 -2.046670e-02
      vertex -6.655201e-02 6.700101e-02 -1.992477e-02
    endloop
  endfacet
  facet normal 8.314687e-01 -0.000000e+00 5.555715e-01
    outer loop
      vertex -6.574095e-02 6.300101e-02 -2.046670e-02
      vertex -6.519902e-02 6.700101e-02 -2.127776e-02
      vertex -6.574095e-02 6.700101e-02 -2.046670e-02
    endloop
  endfacet
  facet normal 9.807864e-01 -0.000000e+00 1.950845e-01
    outer loop
      vertex -6.519902e-02 6.300101e-02 -2.127776e-02
      vertex -6.500872e-02 6.700101e-02 -2.223447e-02
      vertex -6.519902e-02 6.700101e-02 -2.127776e-02
    endloop
  endfacet
  facet normal 9.807864e-01 0.000000e+00 -1.950845e-01
    outer loop
      vertex -6.500872e-02 6.300101e-02 -2.223447e-02
      vertex -6.519902e-02 6.700101e-02 -2.319118e-02
      vertex -6.500872e-02 6.700101e-02 -2.223447e-02
    endloop
  endfacet
  facet normal 8.314694e-01 0.000000e+00 -5.555707e-01
    outer loop
      vertex -6.519902e-02 6.300101e-02 -2.319118e-02
      vertex -6.574095e-02 6.700101e-02 -2.400224e-02
      vertex -6.519902e-02 6.700101e-02 -2.319118e-02
    endloop
  endfacet
  facet normal 5.555676e-01 0.000000e+00 -8.314714e-01
    outer loop
      vertex -6.574095e-02 6.300101e-02 -2.400224e-02
      vertex -6.655201e-02 6.700101e-02 -2.454417e-02
      vertex -6.574095e-02 6.700101e-02 -2.400224e-02
    endloop
  endfacet
  facet normal 1.950904e-01 0.000000e+00 -9.807853e-01
    outer loop
      vertex -6.655201e-02 6.300101e-02 -2.454417e-02
      vertex -6.750872e-02 6.700101e-02 -2.473447e-02
      vertex -6.655201e-02 6.700101e-02 -2.454417e-02
    endloop
  endfacet
  facet normal -1.950889e-01 0.000000e+00 -9.807855e-01
    outer loop
      vertex -6.750872e-02 6.300101e-02 -2.473447e-02
      vertex -6.846543e-02 6.700101e-02 -2.454417e-02
      vertex -6.750872e-02 6.700101e-02 -2.473447e-02
    endloop
  endfacet
  facet normal -5.555711e-01 0.000000e+00 -8.314691e-01
    outer loop
      vertex -6.846543e-02 6.300101e-02 -2.454417e-02
      vertex -6.927649e-02 6.700101e-02 -2.400224e-02
      vertex -6.846543e-02 6.700101e-02 -2.454417e-02
    endloop
  endfacet
  facet normal -8.314694e-01 0.000000e+00 -5.555707e-01
    outer loop
      vertex -6.927649e-02 6.300101e-02 -2.400224e-02
      vertex -6.981842e-02 6.700101e-02 -2.319118e-02
      vertex -6.927649e-02 6.700101e-02 -2.400224e-02
    endloop
  endfacet
  facet normal -9.807864e-01 0.000000e+00 -1.950845e-01
    outer loop
      vertex -6.981842e-02 6.300101e-02 -2.319118e-02
      vertex -7.000872e-02 6.700101e-02 -2.223447e-02
      vertex -6.981842e-02 6.700101e-02 -2.319118e-02
    endloop
  endfacet
  facet normal -9.807864e-01 0.000000e+00 1.950845e-01
    outer loop
      vertex -7.000872e-02 6.300101e-02 -2.223447e-02
      vertex -6.981842e-02 6.700101e-02 -2.127776e-02
      vertex -7.000872e-02 6.700101e-02 -2.223447e-02
    endloop
  endfacet
  facet normal -8.314687e-01 0.000000e+00 5.555715e-01
    outer loop
      vertex -6.981842e-02 6.300101e-02 -2.127776e-02
      vertex -6.927649e-02 6.700101e-02 -2.046670e-02
      vertex -6.981842e-02 6.700101e-02 -2.127776e-02
    endloop
  endfacet
  facet normal 0.000000e+00 -1.000000e+00 0.000000e+00
    outer loop
      vertex -6.574095e-02 6.300101e-02 -2.400224e-02
      vertex -6.500872e-02 6.300101e-02 -2.223447e-02
      vertex -6.574095e-02 6.300101e-02 -2.046670e-02
    endloop
  endfacet
  facet normal -5.555725e-01 0.000000e+00 8.314682e-01
    outer loop
      vertex -6.927649e-02 6.300101e-02 -2.046670e-02
      vertex -6.846543e-02 6.700101e-02 -1.992477e-02
      vertex -6.927649e-02 6.700101e-02 -2.046670e-02
    endloop
  endfacet
  facet normal -1.950908e-01 0.000000e+00 9.807853e-01
    outer loop
      vertex -6.846543e-02 6.300101e-02 -1.992477e-02
      vertex -6.750872e-02 6.700101e-02 -1.973447e-02
      vertex -6.846543e-02 6.700101e-02 -1.992477e-02
    endloop
  endfacet
  facet normal 0.000000e+00 1.000000e+00 0.000000e+00
    outer loop
      vertex -6.655201e-02 6.700101e-02 -2.454417e-02
      vertex -6.981842e-02 6.700101e-02 -2.319118e-02
      vertex -6.846543e-02 6.700101e-02 -1.992477e-02
    endloop
  endfacet
  facet normal 1.950922e-01 0.000000e+00 9.807850e-01
    outer loop
      vertex -6.750872e-02 6.300101e-02 -1.973447e-02
      vertex -6.655201e-02 6.300101e-02 -1.992477e-02
      vertex -6.655201e-02 6.700101e-02 -1.992477e-02
    endloop
  endfacet
  facet normal 5.555689e-01 0.000000e+00 8.314705e-01
    outer loop
      vertex -6.655201e-02 6.300101e-02 -1.992477e-02
      vertex -6.574095e-02 6.300101e-02 -2.046670e-02
      vertex -6.574095e-02 6.700101e-02 -2.046670e-02
    endloop
  endfacet
  facet normal 8.314687e-01 0.000000e+00 5.555715e-01
    outer loop
      vertex -6.574095e-02 6.300101e-02 -2.046670e-02
      vertex -6.519902e-02 6.300101e-02 -2.127776e-02
      vertex -6.519902e-02 6.700101e-02 -2.127776e-02
    endloop
  endfacet
  facet normal 9.807864e-01 0.000000e+00 1.950845e-01
    outer loop
      vertex -6.519902e-02 6.300101e-02 -2.127776e-02
      vertex -6.500872e-02 6.300101e-02 -2.223447e-02
      vertex -6.500872e-02 6.700101e-02 -2.223447e-02
    endloop
  endfacet
  facet normal 9.807864e-01 0.000000e+00 -1.950845e-01
    outer loop
      vertex -6.500872e-02 6.300101e-02 -2.223447e-02
      vertex -6.519902e-02 6.300101e-02 -2.319118e-02
      vertex -6.519902e-02 6.700101e-02 -2.319118e-02
    endloop
  endfacet
  facet normal 8.314694e-01 0.000000e+00 -5.555707e-01
    outer loop
      vertex -6.519902e-02 6.300101e-02 -2.319118e-02
      vertex -6.574095e-02 6.300101e-02 -2.400224e-02
      vertex -6.574095e-02 6.700101e-02 -2.400224e-02
    endloop
  endfacet
  facet normal 5.555676e-01 0.000000e+00 -8.314714e-01
    outer loop
      vertex -6.574095e-02 6.300101e-02 -2.400224e-02
      vertex -6.655201e-02 6.300101e-02 -2.454417e-02
      vertex -6.655201e-02 6.700101e-02 -2.454417e-02
    endloop
  endfacet
  facet normal 1.950904e-01 0.000000e+00 -9.807853e-01
    outer loop
      vertex -6.655201e-02 6.300101e-02 -2.454417e-02
      vertex -6.750872e-02 6.300101e-02 -2.473447e-02
      vertex -6.750872e-02 6.700101e-02 -2.473447e-02
    endloop
  endfacet
  facet normal -1.950889e-01 0.000000e+00 -9.807855e-01
    outer loop
      vertex -6.750872e-02 6.300101e-02 -2.473447e-02
      vertex -6.846543e-02 6.300101e-02 -2.454417e-02
      vertex -6.846543e-02 6.700101e-02 -2.454417e-02
    endloop
  endfacet
  facet normal -5.555711e-01 0.000000e+00 -8.314691e-01
    outer loop
      vertex -6.846543e-02 6.300101e-02 -2.454417e-02
      vertex -6.927649e-02 6.300101e-02 -2.400224e-02
      vertex -6.927649e-02 6.700101e-02 -2.400224e-02
    endloop
  endfacet
  facet normal -8.314694e-01 0.000000e+00 -5.555707e-01
    outer loop
      vertex -6.927649e-02 6.300101e-02 -2.400224e-02
      vertex -6.981842e-02 6.300101e-02 -2.319118e-02
      vertex -6.981842e-02 6.700101e-02 -2.319118e-02
    endloop
  endfacet
  facet normal -9.807864e-01 0.000000e+00 -1.950845e-01
    outer loop
      vertex -6.981842e-02 6.300101e-02 -2.319118e-02
      vertex -7.000872e-02 6.300101e-02 -2.223447e-02
      vertex -7.000872e-02 6.700101e-02 -2.223447e-02
    endloop
  endfacet
  facet normal -9.807864e-01 0.000000e+00 1.950845e-01
    outer loop
      vertex -7.000872e-02 6.300101e-02 -2.223447e-02
      vertex -6.981842e-02 6.300101e-02 -2.127776e-02
      vertex -6.981842e-02 6.700101e-02 -2.127776e-02
    endloop
  endfacet
  facet normal -8.314687e-01 0.000000e+00 5.555715e-01
    outer loop
      vertex -6.981842e-02 6.300101e-02 -2.127776e-02
      vertex -6.927649e-02 6.300101e-02 -2.046670e-02
      vertex -6.927649e-02 6.700101e-02 -2.046670e-02
    endloop
  endfacet
  facet normal 0.000000e+00 -1.000000e+00 0.000000e+00
    outer loop
      vertex -6.574095e-02 6.300101e-02 -2.046670e-02
      vertex -6.655201e-02 6.300101e-02 -1.992477e-02
      vertex -6.750872e-02 6.300101e-02 -1.973447e-02
    endloop
  endfacet
  facet normal 0.000000e+00 -1.000000e+00 0.000000e+00
    outer loop
      vertex -6.750872e-02 6.300101e-02 -1.973447e-02
      vertex -6.846543e-02 6.300101e-02 -1.992477e-02
      vertex -6.927649e-02 6.300101e-02 -2.046670e-02
    endloop
  endfacet
  facet normal 0.000000e+00 -9.999999e-01 0.000000e+00
    outer loop
      vertex -6.927649e-02 6.300101e-02 -2.046670e-02
      vertex -6.981842e-02 6.300101e-02 -2.127776e-02
      vertex -7.000872e-02 6.300101e-02 -2.223447e-02
    endloop
  endfacet
  facet normal 0.000000e+00 -1.000000e+00 0.000000e+00
    outer loop
      vertex -7.000872e-02 6.300101e-02 -2.223447e-02
      vertex -6.981842e-02 6.300101e-02 -2.319118e-02
      vertex -6.927649e-02 6.300101e-02 -2.400224e-02
    endloop
  endfacet
  facet normal 0.000000e+00 -1.000000e+00 0.000000e+00
    outer loop
      vertex -6.927649e-02 6.300101e-02 -2.400224e-02
      vertex -6.846543e-02 6.300101e-02 -2.454417e-02
      vertex -6.750872e-02 6.300101e-02 -2.473447e-02
    endloop
  endfacet
  facet normal 0.000000e+00 -9.999999e-01 0.000000e+00
    outer loop
      vertex -6.750872e-02 6.300101e-02 -2.473447e-02
      vertex -6.655201e-02 6.300101e-02 -2.454417e-02
      vertex -6.574095e-02 6.300101e-02 -2.400224e-02
    endloop
  endfacet
  facet normal 0.000000e+00 -1.000000e+00 0.000000e+00
    outer loop
      vertex -6.574095e-02 6.300101e-02 -2.400224e-02
      vertex -6.519902e-02 6.300101e-02 -2.319118e-02
      vertex -6.500872e-02 6.300101e-02 -2.223447e-02
    endloop
  endfacet
  facet normal 0.000000e+00 -1.000000e+00 0.000000e+00
    outer loop
      vertex -6.500872e-02 6.300101e-02 -2.223447e-02
      vertex -6.519902e-02 6.300101e-02 -2.127776e-02
      vertex -6.574095e-02 6.300101e-02 -2.046670e-02
    endloop
  endfacet
  facet normal -0.000000e+00 -1.000000e+00 0.000000e+00
    outer loop
      vertex -6.574095e-02 6.300101e-02 -2.046670e-02
      vertex -6.750872e-02 6.300101e-02 -1.973447e-02
      vertex -6.927649e-02 6.300101e-02 -2.400224e-02
    endloop
  endfacet
  facet normal 0.000000e+00 -1.000000e+00 0.000000e+00
    outer loop
      vertex -6.750872e-02 6.300101e-02 -1.973447e-02
      vertex -6.927649e-02 6.300101e-02 -2.046670e-02
      vertex -6.927649e-02 6.300101e-02 -2.400224e-02
    endloop
  endfacet
  facet normal 0.000000e+00 -1.000000e+00 -0.000000e+00
    outer loop
      vertex -6.927649e-02 6.300101e-02 -2.046670e-02
      vertex -7.000872e-02 6.300101e-02 -2.223447e-02
      vertex -6.927649e-02 6.300101e-02 -2.400224e-02
    endloop
  endfacet
  facet normal 0.000000e+00 -1.000000e+00 0.000000e+00
    outer loop
      vertex -6.927649e-02 6.300101e-02 -2.400224e-02
      vertex -6.750872e-02 6.300101e-02 -2.473447e-02
      vertex -6.574095e-02 6.300101e-02 -2.046670e-02
    endloop
  endfacet
  facet normal 0.000000e+00 -1.000000e+00 0.000000e+00
    outer loop
      vertex -6.750872e-02 6.300101e-02 -2.473447e-02
      vertex -6.574095e-02 6.300101e-02 -2.400224e-02
      vertex -6.574095e-02 6.300101e-02 -2.046670e-02
    endloop
  endfacet
  facet normal -5.555725e-01 0.000000e+00 8.314682e-01
    outer loop
      vertex -6.927649e-02 6.300101e-02 -2.046670e-02
      vertex -6.846543e-02 6.300101e-02 -1.992477e-02
      vertex -6.846543e-02 6.700101e-02 -1.992477e-02
    endloop
  endfacet
  facet normal -1.950908e-01 0.000000e+00 9.807853e-01
    outer loop
      vertex -6.846543e-02 6.300101e-02 -1.992477e-02
      vertex -6.750872e-02 6.300101e-02 -1.973447e-02
      vertex -6.750872e-02 6.700101e-02 -1.973447e-02
    endloop
  endfacet
  facet normal -0.000000e+00 1.000000e+00 0.000000e+00
    outer loop
      vertex -6.846543e-02 6.700101e-02 -1.992477e-02
      vertex -6.750872e-02 6.700101e-02 -1.973447e-02
      vertex -6.519902e-02 6.700101e-02 -2.127776e-02
    endloop
  endfacet
  facet normal 0.000000e+00 1.000000e+00 0.000000e+00
    outer loop
      vertex -6.750872e-02 6.700101e-02 -1.973447e-02
      vertex -6.655201e-02 6.700101e-02 -1.992477e-02
      vertex -6.519902e-02 6.700101e-02 -2.127776e-02
    endloop
  endfacet
  facet normal 0.000000e+00 1.000000e+00 0.000000e+00
    outer loop
      vertex -6.655201e-02 6.700101e-02 -1.992477e-02
      vertex -6.574095e-02 6.700101e-02 -2.046670e-02
      vertex -6.519902e-02 6.700101e-02 -2.127776e-02
    endloop
  endfacet
  facet normal 0.000000e+00 1.000000e+00 0.000000e+00
    outer loop
      vertex -6.519902e-02 6.700101e-02 -2.127776e-02
      vertex -6.500872e-02 6.700101e-02 -2.223447e-02
      vertex -6.655201e-02 6.700101e-02 -2.454417e-02
    endloop
  endfacet
  facet normal 0.000000e+00 1.000000e+00 0.000000e+00
    outer loop
      vertex -6.500872e-02 6.700101e-02 -2.223447e-02
      vertex -6.519902e-02 6.700101e-02 -2.319118e-02
      vertex -6.655201e-02 6.700101e-02 -2.454417e-02
    endloop
  endfacet
  facet normal 0.000000e+00 1.000000e+00 0.000000e+00
    outer loop
      vertex -6.519902e-02 6.700101e-02 -2.319118e-02
      vertex -6.574095e-02 6.700101e-02 -2.400224e-02
      vertex -6.655201e-02 6.700101e-02 -2.454417e-02
    endloop
  endfacet
  facet normal 0.000000e+00 1.000000e+00 0.000000e+00
    outer loop
      vertex -6.655201e-02 6.700101e-02 -2.454417e-02
      vertex -6.750872e-02 6.700101e-02 -2.473447e-02
      vertex -6.981842e-02 6.700101e-02 -2.319118e-02
    endloop
  endfacet
  facet normal 0.000000e+00 1.000000e+00 0.000000e+00
    outer loop
      vertex -6.750872e-02 6.700101e-02 -2.473447e-02
      vertex -6.846543e-02 6.700101e-02 -2.454417e-02
      vertex -6.981842e-02 6.700101e-02 -2.319118e-02
    endloop
  endfacet
  facet normal 0.000000e+00 1.000000e+00 0.000000e+00
    outer loop
      vertex -6.846543e-02 6.700101e-02 -2.454417e-02
      vertex -6.927649e-02 6.700101e-02 -2.400224e-02
      vertex -6.981842e-02 6.700101e-02 -2.319118e-02
    endloop
  endfacet
  facet normal 0.000000e+00 1.000000e+00 -0.000000e+00
    outer loop
      vertex -6.981842e-02 6.700101e-02 -2.319118e-02
      vertex -7.000872e-02 6.700101e-02 -2.223447e-02
      vertex -6.846543e-02 6.700101e-02 -1.992477e-02
    endloop
  endfacet
  facet normal 0.000000e+00 1.000000e+00 0.000000e+00
    outer loop
      vertex -7.000872e-02 6.700101e-02 -2.223447e-02
      vertex -6.981842e-02 6.700101e-02 -2.127776e-02
      vertex -6.846543e-02 6.700101e-02 -1.992477e-02
    endloop
  endfacet
  facet normal 0.000000e+00 1.000000e+00 0.000000e+00
    outer loop
      vertex -6.981842e-02 6.700101e-02 -2.127776e-02
      vertex -6.927649e-02 6.700101e-02 -2.046670e-02
      vertex -6.846543e-02 6.700101e-02 -1.992477e-02
    endloop
  endfacet
  facet normal 0.000000e+00 9.999999e-01 0.000000e+00
    outer loop
      vertex -6.846543e-02 6.700101e-02 -1.992477e-02
      vertex -6.519902e-02 6.700101e-02 -2.127776e-02
      vertex -6.655201e-02 6.700101e-02 -2.454417e-02
    endloop
  endfacet
  facet normal 1.950922e-01 -0.000000e+00 9.807850e-01
    outer loop
      vertex -6.750872e-02 -6.699900e-02 -1.973447e-02
      vertex -6.655201e-02 -6.299900e-02 -1.992477e-02
      vertex -6.750872e-02 -6.299900e-02 -1.973447e-02
    endloop
  endfacet
  facet normal 5.555689e-01 -0.000000e+00 8.314705e-01
    outer loop
      vertex -6.655201e-02 -6.699900e-02 -1.992477e-02
      vertex -6.574095e-02 -6.299900e-02 -2.046670e-02
      vertex -6.655201e-02 -6.299900e-02 -1.992477e-02
    endloop
  endfacet
  facet normal 8.314687e-01 -0.000000e+00 5.555715e-01
    outer loop
      vertex -6.574095e-02 -6.699900e-02 -2.046670e-02
      vertex -6.519902e-02 -6.299900e-02 -2.127776e-02
      vertex -6.574095e-02 -6.299900e-02 -2.046670e-02
    endloop
  endfacet
  facet normal 9.807864e-01 -0.000000e+00 1.950845e-01
    outer loop
      vertex -6.519902e-02 -6.699900e-02 -2.127776e-02
      vertex -6.500872e-02 -6.299900e-02 -2.223447e-02
      vertex -6.519902e-02 -6.299900e-02 -2.127776e-02
    endloop
  endfacet
  facet normal 9.807864e-01 0.000000e+00 -1.950845e-01
    outer loop
      vertex -6.500872e-02 -6.699900e-02 -2.223447e-02
      vertex -6.519902e-02 -6.299900e-02 -2.319118e-02
      vertex -6.500872e-02 -6.299900e-02 -2.223447e-02
    endloop
  endfacet
  facet normal 8.314694e-01 0.000000e+00 -5.555707e-01
    outer loop
      vertex -6.519902e-02 -6.699900e-02 -2.319118e-02
      vertex -6.574095e-02 -6.299900e-02 -2.400224e-02
      vertex -6.519902e-02 -6.299900e-02 -2.319118e-02
    endloop
  endfacet
  facet normal 5.555676e-01 0.000000e+00 -8.314714e-01
    outer loop
      vertex -6.574095e-02 -6.699900e-02 -2.400224e-02
      vertex -6.655201e-02 -6.299900e-02 -2.454417e-02
      vertex -6.574095e-02 -6.299900e-02 -2.400224e-02
    endloop
  endfacet
  facet normal 1.950904e-01 0.000000e+00 -9.807853e-01
    outer loop
      vertex -6.655201e-02 -6.699900e-02 -2.454417e-02
      vertex -6.750872e-02 -6.299900e-02 -2.473447e-02
      vertex -6.655201e-02 -6.299900e-02 -2.454417e-02
    endloop
  endfacet
  facet normal -1.950889e-01 0.000000e+00 -9.807855e-01
    outer loop
      vertex -6.750872e-02 -6.699900e-02 -2.473447e-02
      vertex -6.846543e-02 -6.299900e-02 -2.454417e-02
      vertex -6.750872e-02 -6.299900e-02 -2.473447e-02
    endloop
  endfacet
  facet normal -5.555711e-01 0.000000e+00 -8.314691e-01
    outer loop
      vertex -6.846543e-02 -6.699900e-02 -2.454417e-02
      vertex -6.927649e-02 -6.299900e-02 -2.400224e-02
      vertex -6.846543e-02 -6.299900e-02 -2.454417e-02
    endloop
  endfacet
  facet normal -8.314694e-01 0.000000e+00 -5.555707e-01
    outer loop
      vertex -6.927649e-02 -6.699900e-02 -2.400224e-02
      vertex -6.981842e-02 -6.299900e-02 -2.319118e-02
      vertex -6.927649e-02 -6.299900e-02 -2.400224e-02
    endloop
  endfacet
  facet normal -9.807864e-01 0.000000e+00 -1.950845e-01
    outer loop
      vertex -6.981842e-02 -6.699900e-02 -2.319118e-02
      vertex -7.000872e-02 -6.299900e-02 -2.223447e-02
      vertex -6.981842e-02 -6.299900e-02 -2.319118e-02
    endloop
  endfacet
  facet normal -9.807864e-01 0.000000e+00 1.950845e-01
    outer loop
      vertex -7.000872e-02 -6.699900e-02 -2.223447e-02
      vertex -6.981842e-02 -6.299900e-02 -2.127776e-02
      vertex -7.000872e-02 -6.299900e-02 -2.223447e-02
    endloop
  endfacet
  facet normal -8.314687e-01 0.000000e+00 5.555715e-01
    outer loop
      vertex -6.981842e-02 -6.699900e-02 -2.127776e-02
      vertex -6.927649e-02 -6.299900e-02 -2.046670e-02
      vertex -6.981842e-02 -6.299900e-02 -2.127776e-02
    endloop
  endfacet
  facet normal 0.000000e+00 -1.000000e+00 0.000000e+00
    outer loop
      vertex -6.574095e-02 -6.699900e-02 -2.400224e-02
      vertex -6.500872e-02 -6.699900e-02 -2.223447e-02
      vertex -6.574095e-02 -6.699900e-02 -2.046670e-02
    endloop
  endfacet
  facet normal -5.555725e-01 0.000000e+00 8.314682e-01
    outer loop
      vertex -6.927649e-02 -6.699900e-02 -2.046670e-02
      vertex -6.846543e-02 -6.299900e-02 -1.992477e-02
      vertex -6.927649e-02 -6.299900e-02 -2.046670e-02
    endloop
  endfacet
  facet normal -1.950908e-01 0.000000e+00 9.807853e-01
    outer loop
      vertex -6.846543e-02 -6.699900e-02 -1.992477e-02
      vertex -6.750872e-02 -6.299900e-02 -1.973447e-02
      vertex -6.846543e-02 -6.299900e-02 -1.992477e-02
    endloop
  endfacet
  facet normal 0.000000e+00 9.999999e-01 0.000000e+00
    outer loop
      vertex -6.846543e-02 -6.299900e-02 -1.992477e-02
      vertex -6.519902e-02 -6.299900e-02 -2.127776e-02
      vertex -6.655201e-02 -6.299900e-02 -2.454417e-02
    endloop
  endfacet
  facet normal 1.950922e-01 0.000000e+00 9.807850e-01
    outer loop
      vertex -6.750872e-02 -6.699900e-02 -1.973447e-02
      vertex -6.655201e-02 -6.699900e-02 -1.992477e-02
      vertex -6.655201e-02 -6.299900e-02 -1.992477e-02
    endloop
  endfacet
  facet normal 5.555689e-01 0.000000e+00 8.314705e-01
    outer loop
      vertex -6.655201e-02 -6.699900e-02 -1.992477e-02
      vertex -6.574095e-02 -6.699900e-02 -2.046670e-02
      vertex -6.574095e-02 -6.299900e-02 -2.046670e-02
    endloop
  endfacet
  facet normal 8.314687e-01 0.000000e+00 5.555715e-01
    outer loop
      vertex -6.574095e-02 -6.699900e-02 -2.046670e-02
      vertex -6.519902e-02 -6.699900e-02 -2.127776e-02
      vertex -6.519902e-02 -6.299900e-02 -2.127776e-02
    endloop
  endfacet
  facet normal 9.807864e-01 0.000000e+00 1.950845e-01
    outer loop
      vertex -6.519902e-02 -6.699900e-02 -2.127776e-02
      vertex -6.500872e-02 -6.699900e-02 -2.223447e-02
      vertex -6.500872e-02 -6.299900e-02 -2.223447e-02
    endloop
  endfacet
  facet normal 9.807864e-01 0.000000e+00 -1.950845e-01
    outer loop
      vertex -6.500872e-02 -6.699900e-02 -2.223447e-02
      vertex -6.519902e-02 -6.699900e-02 -2.319118e-02
      vertex -6.519902e-02 -6.299900e-02 -2.319118e-02
    endloop
  endfacet
  facet normal 8.314694e-01 0.000000e+00 -5.555707e-01
    outer loop
      vertex -6.519902e-02 -6.699900e-02 -2.319118e-02
      vertex -6.574095e-02 -6.699900e-02 -2.400224e-02
      vertex -6.574095e-02 -6.299900e-02 -2.400224e-02
    endloop
  endfacet
  facet normal 5.555676e-01 0.000000e+00 -8.314714e-01
    outer loop
      vertex -6.574095e-02 -6.699900e-02 -2.400224e-02
      vertex -6.655201e-02 -6.699900e-02 -2.454417e-02
      vertex -6.655201e-02 -6.299900e-02 -2.454417e-02
    endloop
  endfacet
  facet normal 1.950904e-01 0.000000e+00 -9.807853e-01
    outer loop
      vertex -6.655201e-02 -6.699900e-02 -2.454417e-02
      vertex -6.750872e-02 -6.699900e-02 -2.473447e-02
      vertex -6.750872e-02 -6.299900e-02 -2.473447e-02
    endloop
  endfacet
  facet normal -1.950889e-01 0.000000e+00 -9.807855e-01
    outer loop
      vertex -6.750872e-02 -6.699900e-02 -2.473447e-02
      vertex -6.846543e-02 -6.699900e-02 -2.454417e-02
      vertex -6.846543e-02 -6.299900e-02 -2.454417e-02
    endloop
  endfacet
  facet normal -5.555711e-01 0.000000e+00 -8.314691e-01
    outer loop
      vertex -6.846543e-02 -6.699900e-02 -2.454417e-02
      vertex -6.927649e-02 -6.699900e-02 -2.400224e-02
      vertex -6.927649e-02 -6.299900e-02 -2.400224e-02
    endloop
  endfacet
  facet normal -8.314694e-01 0.000000e+00 -5.555707e-01
    outer loop
      vertex -6.927649e-02 -6.699900e-02 -2.400224e-02
      vertex -6.981842e-02 -6.699900e-02 -2.319118e-02
      vertex -6.981842e-02 -6.299900e-02 -2.319118e-02
    endloop
  endfacet
  facet normal -9.807864e-01 0.000000e+00 -1.950845e-01
    outer loop
      vertex -6.981842e-02 -6.699900e-02 -2.319118e-02
      vertex -7.000872e-02 -6.699900e-02 -2.223447e-02
      vertex -7.000872e-02 -6.299900e-02 -2.223447e-02
    endloop
  endfacet
  facet normal -9.807864e-01 0.000000e+00 1.950845e-01
    outer loop
      vertex -7.000872e-02 -6.699900e-02 -2.223447e-02
      vertex -6.981842e-02 -6.699900e-02 -2.127776e-02
      vertex -6.981842e-02 -6.299900e-02 -2.127776e-02
    endloop
  endfacet
  facet normal -8.314687e-01 0.000000e+00 5.555715e-01
    outer loop
      vertex -6.981842e-02 -6.699900e-02 -2.127776e-02
      vertex -6.927649e-02 -6.699900e-02 -2.046670e-02
      vertex -6.927649e-02 -6.299900e-02 -2.046670e-02
    endloop
  endfacet
  facet normal 0.000000e+00 -1.000000e+00 0.000000e+00
    outer loop
      vertex -6.574095e-02 -6.699900e-02 -2.046670e-02
      vertex -6.655201e-02 -6.699900e-02 -1.992477e-02
      vertex -6.750872e-02 -6.699900e-02 -1.973447e-02
    endloop
  endfacet
  facet normal 0.000000e+00 -1.000000e+00 0.000000e+00
    outer loop
      vertex -6.750872e-02 -6.699900e-02 -1.973447e-02
      vertex -6.846543e-02 -6.699900e-02 -1.992477e-02
      vertex -6.927649e-02 -6.699900e-02 -2.046670e-02
    endloop
  endfacet
  facet normal 0.000000e+00 -9.999999e-01 0.000000e+00
    outer loop
      vertex -6.927649e-02 -6.699900e-02 -2.046670e-02
      vertex -6.981842e-02 -6.699900e-02 -2.127776e-02
      vertex -7.000872e-02 -6.699900e-02 -2.223447e-02
    endloop
  endfacet
  facet normal 0.000000e+00 -1.000000e+00 0.000000e+00
    outer loop
      vertex -7.000872e-02 -6.699900e-02 -2.223447e-02
      vertex -6.981842e-02 -6.699900e-02 -2.319118e-02
      vertex -6.927649e-02 -6.699900e-02 -2.400224e-02
    endloop
  endfacet
  facet normal 0.000000e+00 -1.000000e+00 0.000000e+00
    outer loop
      vertex -6.927649e-02 -6.699900e-02 -2.400224e-02
      vertex -6.846543e-02 -6.699900e-02 -2.454417e-02
      vertex -6.750872e-02 -6.699900e-02 -2.473447e-02
    endloop
  endfacet
  facet normal 0.000000e+00 -9.999999e-01 0.000000e+00
    outer loop
      vertex -6.750872e-02 -6.699900e-02 -2.473447e-02
      vertex -6.655201e-02 -6.699900e-02 -2.454417e-02
      vertex -6.574095e-02 -6.699900e-02 -2.400224e-02
    endloop
  endfacet
  facet normal 0.000000e+00 -1.000000e+00 0.000000e+00
    outer loop
      vertex -6.574095e-02 -6.699900e-02 -2.400224e-02
      vertex -6.519902e-02 -6.699900e-02 -2.319118e-02
      vertex -6.500872e-02 -6.699900e-02 -2.223447e-02
    endloop
  endfacet
  facet normal 0.000000e+00 -1.000000e+00 0.000000e+00
    outer loop
      vertex -6.500872e-02 -6.699900e-02 -2.223447e-02
      vertex -6.519902e-02 -6.699900e-02 -2.127776e-02
      vertex -6.574095e-02 -6.699900e-02 -2.046670e-02
    endloop
  endfacet
  facet normal -0.000000e+00 -1.000000e+00 0.000000e+00
    outer loop
      vertex -6.574095e-02 -6.699900e-02 -2.046670e-02
      vertex -6.750872e-02 -6.699900e-02 -1.973447e-02
      vertex -6.927649e-02 -6.699900e-02 -2.400224e-02
    endloop
  endfacet
  facet normal 0.000000e+00 -1.000000e+00 0.000000e+00
    outer loop
      vertex -6.750872e-02 -6.699900e-02 -1.973447e-02
      vertex -6.927649e-02 -6.699900e-02 -2.046670e-02
      vertex -6.927649e-02 -6.699900e-02 -2.400224e-02
    endloop
  endfacet
  facet normal 0.000000e+00 -1.000000e+00 -0.000000e+00
    outer loop
      vertex -6.927649e-02 -6.699900e-02 -2.046670e-02
      vertex -7.000872e-02 -6.699900e-02 -2.223447e-02
      vertex -6.927649e-02 -6.699900e-02 -2.400224e-02
    endloop
  endfacet
  facet normal 0.000000e+00 -1.000000e+00 0.000000e+00
    outer loop
      vertex -6.927649e-02 -6.699900e-02 -2.400224e-02
      vertex -6.750872e-02 -6.699900e-02 -2.473447e-02
      vertex -6.574095e-02 -6.699900e-02 -2.046670e-02
    endloop
  endfacet
  facet normal 0.000000e+00 -1.000000e+00 0.000000e+00
    outer loop
      vertex -6.750872e-02 -6.699900e-02 -2.473447e-02
      vertex -6.574095e-02 -6.699900e-02 -2.400224e-02
      vertex -6.574095e-02 -6.699900e-02 -2.046670e-02
    endloop
  endfacet
  facet normal -5.555725e-01 0.000000e+00 8.314682e-01
    outer loop
      vertex -6.927649e-02 -6.699900e-02 -2.046670e-02
      vertex -6.846543e-02 -6.699900e-02 -1.992477e-02
      vertex -6.846543e-02 -6.299900e-02 -1.992477e-02
    endloop
  endfacet
  facet normal -1.950908e-01 0.000000e+00 9.807853e-01
    outer loop
      vertex -6.846543e-02 -6.699900e-02 -1.992477e-02
      vertex -6.750872e-02 -6.699900e-02 -1.973447e-02
      vertex -6.750872e-02 -6.299900e-02 -1.973447e-02
    endloop
  endfacet
  facet normal -0.000000e+00 1.000000e+00 0.000000e+00
    outer loop
      vertex -6.846543e-02 -6.299900e-02 -1.992477e-02
      vertex -6.750872e-02 -6.299900e-02 -1.973447e-02
      vertex -6.519902e-02 -6.299900e-02 -2.127776e-02
    endloop
  endfacet
  facet normal 0.000000e+00 1.000000e+00 0.000000e+00
    outer loop
      vertex -6.750872e-02 -6.299900e-02 -1.973447e-02
      vertex -6.655201e-02 -6.299900e-02 -1.992477e-02
      vertex -6.519902e-02 -6.299900e-02 -2.127776e-02
    endloop
  endfacet
  facet normal 0.000000e+00 1.000000e+00 0.000000e+00
    outer loop
      vertex -6.655201e-02 -6.299900e-02 -1.992477e-02
      vertex -6.574095e-02 -6.299900e-02 -2.046670e-02
      vertex -6.519902e-02 -6.299900e-02 -2.127776e-02
    endloop
  endfacet
  facet normal 0.000000e+00 1.000000e+00 0.000000e+00
    outer loop
      vertex -6.519902e-02 -6.299900e-02 -2.127776e-02
      vertex -6.500872e-02 -6.299900e-02 -2.223447e-02
      vertex -6.655201e-02 -6.299900e-02 -2.454417e-02
    endloop
  endfacet
  facet normal 0.000000e+00 1.000000e+00 0.000000e+00
    outer loop
      vertex -6.500872e-02 -6.299900e-02 -2.223447e-02
      vertex -6.519902e-02 -6.299900e-02 -2.319118e-02
      vertex -6.655201e-02 -6.299900e-02 -2.454417e-02
    endloop
  endfacet
  facet normal 0.000000e+00 1.000000e+00 0.000000e+00
    outer loop
      vertex -6.519902e-02 -6.299900e-02 -2.319118e-02
      vertex -6.574095e-02 -6.299900e-02 -2.400224e-02
      vertex -6.655201e-02 -6.299900e-02 -2.454417e-02
    endloop
  endfacet
  facet normal 0.000000e+00 1.000000e+00 0.000000e+00
    outer loop
      vertex -6.655201e-02 -6.299900e-02 -2.454417e-02
      vertex -6.750872e-02 -6.299900e-02 -2.473447e-02
      vertex -6.846543e-02 -6.299900e-02 -2.454417e-02
    endloop
  endfacet
  facet normal 0.000000e+00 1.000000e+00 0.000000e+00
    outer loop
      vertex -6.846543e-02 -6.299900e-02 -2.454417e-02
      vertex -6.927649e-02 -6.299900e-02 -2.400224e-02
      vertex -6.981842e-02 -6.299900e-02 -2.319118e-02
    endloop
  endfacet
  facet normal 0.000000e+00 1.000000e+00 -0.000000e+00
    outer loop
      vertex -6.981842e-02 -6.299900e-02 -2.319118e-02
      vertex -7.000872e-02 -6.299900e-02 -2.223447e-02
      vertex -6.846543e-02 -6.299900e-02 -1.992477e-02
    endloop
  endfacet
  facet normal 0.000000e+00 1.000000e+00 0.000000e+00
    outer loop
      vertex -7.000872e-02 -6.299900e-02 -2.223447e-02
      vertex -6.981842e-02 -6.299900e-02 -2.127776e-02
      vertex -6.846543e-02 -6.299900e-02 -1.992477e-02
    endloop
  endfacet
  facet normal 0.000000e+00 1.000000e+00 0.000000e+00
    outer loop
      vertex -6.981842e-02 -6.299900e-02 -2.127776e-02
      vertex -6.927649e-02 -6.299900e-02 -2.046670e-02
      vertex -6.846543e-02 -6.299900e-02 -1.992477e-02
    endloop
  endfacet
  facet normal 0.000000e+00 1.000000e+00 0.000000e+00
    outer loop
      vertex -6.655201e-02 -6.299900e-02 -2.454417e-02
      vertex -6.846543e-02 -6.299900e-02 -2.454417e-02
      vertex -6.846543e-02 -6.299900e-02 -1.992477e-02
    endloop
  endfacet
  facet normal 0.000000e+00 1.000000e+00 -0.000000e+00
    outer loop
      vertex -6.846543e-02 -6.299900e-02 -2.454417e-02
      vertex -6.981842e-02 -6.299900e-02 -2.319118e-02
      vertex -6.846543e-02 -6.299900e-02 -1.992477e-02
    endloop
  endfacet
  facet normal 9.801847e-02 9.951846e-01 0.000000e+00
    outer loop
      vertex 7.499129e-02 5.100101e-02 4.276554e-02
      vertex 7.557656e-02 5.094337e-02 -2.234470e-03
      vertex 7.499129e-02 5.100101e-02 -2.234470e-03
    endloop
  endfacet
  facet normal 2.902871e-01 9.569396e-01 0.000000e+00
    outer loop
      vertex 7.557656e-02 5.094337e-02 4.276554e-02
      vertex 7.613934e-02 5.077265e-02 -2.234470e-03
      vertex 7.557656e-02 5.094337e-02 -2.234470e-03
    endloop
  endfacet
  facet normal 4.713975e-01 8.819209e-01 0.000000e+00
    outer loop
      vertex 7.613934e-02 5.077265e-02 4.276554e-02
      vertex 7.665800e-02 5.049542e-02 -2.234470e-03
      vertex 7.613934e-02 5.077265e-02 -2.234470e-03
    endloop
  endfacet
  facet normal 6.343905e-01 7.730127e-01 0.000000e+00
    outer loop
      vertex 7.665800e-02 5.049542e-02 4.276554e-02
      vertex 7.711261e-02 5.012233e-02 -2.234470e-03
      vertex 7.665800e-02 5.049542e-02 -2.234470e-03
    endloop
  endfacet
  facet normal 7.730101e-01 6.343936e-01 0.000000e+00
    outer loop
      vertex 7.711261e-02 5.012233e-02 4.276554e-02
      vertex 7.748570e-02 4.966772e-02 -2.234470e-03
      vertex 7.711261e-02 5.012233e-02 -2.234470e-03
    endloop
  endfacet
  facet normal 8.819237e-01 4.713922e-01 0.000000e+00
    outer loop
      vertex 7.748570e-02 4.966772e-02 4.276554e-02
      vertex 7.776292e-02 4.914906e-02 -2.234470e-03
      vertex 7.748570e-02 4.966772e-02 -2.234470e-03
    endloop
  endfacet
  facet normal 9.569408e-01 2.902830e-01 0.000000e+00
    outer loop
      vertex 7.776292e-02 4.914906e-02 4.276554e-02
      vertex 7.793364e-02 4.858628e-02 -2.234470e-03
      vertex 7.776292e-02 4.914906e-02 -2.234470e-03
    endloop
  endfacet
  facet normal 9.951846e-01 9.801847e-02 0.000000e+00
    outer loop
      vertex 7.793364e-02 4.858628e-02 4.276554e-02
      vertex 7.799128e-02 4.800101e-02 -2.234470e-03
      vertex 7.793364e-02 4.858628e-02 -2.234470e-03
    endloop
  endfacet
  facet normal 9.951846e-01 -9.801909e-02 0.000000e+00
    outer loop
      vertex 7.799128e-02 4.800101e-02 4.276554e-02
      vertex 7.793364e-02 4.741574e-02 -2.234470e-03
      vertex 7.799128e-02 4.800101e-02 -2.234470e-03
    endloop
  endfacet
  facet normal 9.569408e-01 -2.902830e-01 0.000000e+00
    outer loop
      vertex 7.793364e-02 4.741574e-02 4.276554e-02
      vertex 7.776292e-02 4.685296e-02 -2.234470e-03
      vertex 7.793364e-02 4.741574e-02 -2.234470e-03
    endloop
  endfacet
  facet normal 8.819237e-01 -4.713922e-01 0.000000e+00
    outer loop
      vertex 7.776292e-02 4.685296e-02 4.276554e-02
      vertex 7.748570e-02 4.633430e-02 -2.234470e-03
      vertex 7.776292e-02 4.685296e-02 -2.234470e-03
    endloop
  endfacet
  facet normal 7.730101e-01 -6.343936e-01 0.000000e+00
    outer loop
      vertex 7.748570e-02 4.633430e-02 4.276554e-02
      vertex 7.711261e-02 4.587969e-02 -2.234470e-03
      vertex 7.748570e-02 4.633430e-02 -2.234470e-03
    endloop
  endfacet
  facet normal 6.343905e-01 -7.730127e-01 0.000000e+00
    outer loop
      vertex 7.711261e-02 4.587969e-02 4.276554e-02
      vertex 7.665800e-02 4.550660e-02 -2.234470e-03
      vertex 7.711261e-02 4.587969e-02 -2.234470e-03
    endloop
  endfacet
  facet normal 4.713975e-01 -8.819209e-01 0.000000e+00
    outer loop
      vertex 7.665800e-02 4.550660e-02 4.276554e-02
      vertex 7.613934e-02 4.522938e-02 -2.234470e-03
      vertex 7.665800e-02 4.550660e-02 -2.234470e-03
    endloop
  endfacet
  facet normal 2.902871e-01 -9.569396e-01 0.000000e+00
    outer loop
      vertex 7.613934e-02 4.522938e-02 4.276554e-02
      vertex 7.557656e-02 4.505866e-02 -2.234470e-03
      vertex 7.613934e-02 4.522938e-02 -2.234470e-03
    endloop
  endfacet
  facet normal 9.801847e-02 -9.951846e-01 0.000000e+00
    outer loop
      vertex 7.557656e-02 4.505866e-02 4.276554e-02
      vertex 7.499129e-02 4.500101e-02 -2.234470e-03
      vertex 7.557656e-02 4.505866e-02 -2.234470e-03
    endloop
  endfacet
  facet normal -9.801847e-02 -9.951846e-01 -0.000000e+00
    outer loop
      vertex 7.499129e-02 4.500101e-02 4.276554e-02
      vertex 7.440601e-02 4.505866e-02 -2.234470e-03
      vertex 7.499129e-02 4.500101e-02 -2.234470e-03
    endloop
  endfacet
  facet normal -2.902906e-01 -9.569386e-01 -0.000000e+00
    outer loop
      vertex 7.440601e-02 4.505866e-02 4.276554e-02
      vertex 7.384324e-02 4.522938e-02 -2.234470e-03
      vertex 7.440601e-02 4.505866e-02 -2.234470e-03
    endloop
  endfacet
  facet normal -4.713922e-01 -8.819237e-01 -0.000000e+00
    outer loop
      vertex 7.384324e-02 4.522938e-02 4.276554e-02
      vertex 7.332458e-02 4.550660e-02 -2.234470e-03
      vertex 7.384324e-02 4.522938e-02 -2.234470e-03
    endloop
  endfacet
  facet normal -6.343905e-01 -7.730127e-01 -0.000000e+00
    outer loop
      vertex 7.332458e-02 4.550660e-02 4.276554e-02
      vertex 7.286996e-02 4.587969e-02 -2.234470e-03
      vertex 7.332458e-02 4.550660e-02 -2.234470e-03
    endloop
  endfacet
  facet normal -7.730101e-01 -6.343936e-01 -0.000000e+00
    outer loop
      vertex 7.286996e-02 4.587969e-02 4.276554e-02
      vertex 7.249688e-02 4.633430e-02 -2.234470e-03
      vertex 7.286996e-02 4.587969e-02 -2.234470e-03
    endloop
  endfacet
  facet normal -8.819237e-01 -4.713922e-01 -0.000000e+00
    outer loop
      vertex 7.249688e-02 4.633430e-02 4.276554e-02
      vertex 7.221965e-02 4.685296e-02 -2.234470e-03
      vertex 7.249688e-02 4.633430e-02 -2.234470e-03
    endloop
  endfacet
  facet normal -9.569408e-01 -2.902830e-01 -0.000000e+00
    outer loop
      vertex 7.221965e-02 4.685296e-02 4.276554e-02
      vertex 7.204893e-02 4.741574e-02 -2.234470e-03
      vertex 7.221965e-02 4.685296e-02 -2.234470e-03
    endloop
  endfacet
  facet normal -9.951846e-01 -9.801909e-02 -0.000000e+00
    outer loop
      vertex 7.204893e-02 4.741574e-02 4.276554e-02
      vertex 7.199129e-02 4.800101e-02 -2.234470e-03
      vertex 7.204893e-02 4.741574e-02 -2.234470e-03
    endloop
  endfacet
  facet normal -9.951846e-01 9.801847e-02 0.000000e+00
    outer loop
      vertex 7.199129e-02 4.800101e-02 4.276554e-02
      vertex 7.204893e-02 4.858628e-02 -2.234470e-03
      vertex 7.199129e-02 4.800101e-02 -2.234470e-03
    endloop
  endfacet
  facet normal -9.569408e-01 2.902830e-01 0.000000e+00
    outer loop
      vertex 7.204893e-02 4.858628e-02 4.276554e-02
      vertex 7.221965e-02 4.914906e-02 -2.234470e-03
      vertex 7.204893e-02 4.858628e-02 -2.234470e-03
    endloop
  endfacet
  facet normal -8.819237e-01 4.713922e-01 0.000000e+00
    outer loop
      vertex 7.221965e-02 4.914906e-02 4.276554e-02
      vertex 7.249688e-02 4.966772e-02 -2.234470e-03
      vertex 7.221965e-02 4.914906e-02 -2.234470e-03
    endloop
  endfacet
  facet normal -7.730101e-01 6.343936e-01 0.000000e+00
    outer loop
      vertex 7.249688e-02 4.966772e-02 4.276554e-02
      vertex 7.286996e-02 5.012233e-02 -2.234470e-03
      vertex 7.249688e-02 4.966772e-02 -2.234470e-03
    endloop
  endfacet
  facet normal -6.343905e-01 7.730127e-01 0.000000e+00
    outer loop
      vertex 7.286996e-02 5.012233e-02 4.276554e-02
      vertex 7.332458e-02 5.049542e-02 -2.234470e-03
      vertex 7.286996e-02 5.012233e-02 -2.234470e-03
    endloop
  endfacet
  facet normal -4.713922e-01 8.819237e-01 0.000000e+00
    outer loop
      vertex 7.332458e-02 5.049542e-02 4.276554e-02
      vertex 7.384324e-02 5.077265e-02 -2.234470e-03
      vertex 7.332458e-02 5.049542e-02 -2.234470e-03
    endloop
  endfacet
  facet normal 0.000000e+00 -0.000000e+00 1.000000e+00
    outer loop
      vertex 7.776292e-02 4.685296e-02 4.276554e-02
      vertex 7.776292e-02 4.914906e-02 4.276554e-02
      vertex 7.613934e-02 5.077265e-02 4.276554e-02
    endloop
  endfacet
  facet normal -2.902906e-01 9.569386e-01 0.000000e+00
    outer loop
      vertex 7.384324e-02 5.077265e-02 4.276554e-02
      vertex 7.440601e-02 5.094337e-02 -2.234470e-03
      vertex 7.384324e-02 5.077265e-02 -2.234470e-03
    endloop
  endfacet
  facet normal -9.801847e-02 9.951846e-01 0.000000e+00
    outer loop
      vertex 7.440601e-02 5.094337e-02 4.276554e-02
      vertex 7.499129e-02 5.100101e-02 -2.234470e-03
      vertex 7.440601e-02 5.094337e-02 -2.234470e-03
    endloop
  endfacet
  facet normal 0.000000e+00 0.000000e+00 -1.000000e+00
    outer loop
      vertex 7.793364e-02 4.858628e-02 -2.234470e-03
      vertex 7.557656e-02 4.505866e-02 -2.234470e-03
      vertex 7.204893e-02 4.741574e-02 -2.234470e-03
    endloop
  endfacet
  facet normal 9.801847e-02 9.951846e-01 0.000000e+00
    outer loop
      vertex 7.499129e-02 5.100101e-02 4.276554e-02
      vertex 7.557656e-02 5.094337e-02 4.276554e-02
      vertex 7.557656e-02 5.094337e-02 -2.234470e-03
    endloop
  endfacet
  facet normal 2.902871e-01 9.569396e-01 0.000000e+00
    outer loop
      vertex 7.557656e-02 5.094337e-02 4.276554e-02
      vertex 7.613934e-02 5.077265e-02 4.276554e-02
      vertex 7.613934e-02 5.077265e-02 -2.234470e-03
    endloop
  endfacet
  facet normal 4.713975e-01 8.819209e-01 0.000000e+00
    outer loop
      vertex 7.613934e-02 5.077265e-02 4.276554e-02
      vertex 7.665800e-02 5.049542e-02 4.276554e-02
      vertex 7.665800e-02 5.049542e-02 -2.234470e-03
    endloop
  endfacet
  facet normal 6.343905e-01 7.730127e-01 0.000000e+00
    outer loop
      vertex 7.665800e-02 5.049542e-02 4.276554e-02
      vertex 7.711261e-02 5.012233e-02 4.276554e-02
      vertex 7.711261e-02 5.012233e-02 -2.234470e-03
    endloop
  endfacet
  facet normal 7.730101e-01 6.343936e-01 0.000000e+00
    outer loop
      vertex 7.711261e-02 5.012233e-02 4.276554e-02
      vertex 7.748570e-02 4.966772e-02 4.276554e-02
      vertex 7.748570e-02 4.966772e-02 -2.234470e-03
    endloop
  endfacet
  facet normal 8.819237e-01 4.713922e-01 0.000000e+00
    outer loop
      vertex 7.748570e-02 4.966772e-02 4.276554e-02
      vertex 7.776292e-02 4.914906e-02 4.276554e-02
      vertex 7.776292e-02 4.914906e-02 -2.234470e-03
    endloop
  endfacet
  facet normal 9.569408e-01 2.902830e-01 0.000000e+00
    outer loop
      vertex 7.776292e-02 4.914906e-02 4.276554e-02
      vertex 7.793364e-02 4.858628e-02 4.276554e-02
      vertex 7.793364e-02 4.858628e-02 -2.234470e-03
    endloop
  endfacet
  facet normal 9.951846e-01 9.801847e-02 0.000000e+00
    outer loop
      vertex 7.793364e-02 4.858628e-02 4.276554e-02
      vertex 7.799128e-02 4.800101e-02 4.276554e-02
      vertex 7.799128e-02 4.800101e-02 -2.234470e-03
    endloop
  endfacet
  facet normal 9.951846e-01 -9.801909e-02 0.000000e+00
    outer loop
      vertex 7.799128e-02 4.800101e-02 4.276554e-02
      vertex 7.793364e-02 4.741574e-02 4.276554e-02
      vertex 7.793364e-02 4.741574e-02 -2.234470e-03
    endloop
  endfacet
  facet normal 9.569408e-01 -2.902830e-01 0.000000e+00
    outer loop
      vertex 7.793364e-02 4.741574e-02 4.276554e-02
      vertex 7.776292e-02 4.685296e-02 4.276554e-02
      vertex 7.776292e-02 4.685296e-02 -2.234470e-03
    endloop
  endfacet
  facet normal 8.819237e-01 -4.713922e-01 0.000000e+00
    outer loop
      vertex 7.776292e-02 4.685296e-02 4.276554e-02
      vertex 7.748570e-02 4.633430e-02 4.276554e-02
      vertex 7.748570e-02 4.633430e-02 -2.234470e-03
    endloop
  endfacet
  facet normal 7.730101e-01 -6.343936e-01 0.000000e+00
    outer loop
      vertex 7.748570e-02 4.633430e-02 4.276554e-02
      vertex 7.711261e-02 4.587969e-02 4.276554e-02
      vertex 7.711261e-02 4.587969e-02 -2.234470e-03
    endloop
  endfacet
  facet normal 6.343905e-01 -7.730127e-01 0.000000e+00
    outer loop
      vertex 7.711261e-02 4.587969e-02 4.276554e-02
      vertex 7.665800e-02 4.550660e-02 4.276554e-02
      vertex 7.665800e-02 4.550660e-02 -2.234470e-03
    endloop
  endfacet
  facet normal 4.713975e-01 -8.819209e-01 0.000000e+00
    outer loop
      vertex 7.665800e-02 4.550660e-02 4.276554e-02
      vertex 7.613934e-02 4.522938e-02 4.276554e-02
      vertex 7.613934e-02 4.522938e-02 -2.234470e-03
    endloop
  endfacet
  facet normal 2.902871e-01 -9.569396e-01 0.000000e+00
    outer loop
      vertex 7.613934e-02 4.522938e-02 4.276554e-02
      vertex 7.557656e-02 4.505866e-02 4.276554e-02
      vertex 7.557656e-02 4.505866e-02 -2.234470e-03
    endloop
  endfacet
  facet normal 9.801847e-02 -9.951846e-01 0.000000e+00
    outer loop
      vertex 7.557656e-02 4.505866e-02 4.276554e-02
      vertex 7.499129e-02 4.500101e-02 4.276554e-02
      vertex 7.499129e-02 4.500101e-02 -2.234470e-03
    endloop
  endfacet
  facet normal -9.801847e-02 -9.951846e-01 0.000000e+00
    outer loop
      vertex 7.499129e-02 4.500101e-02 4.276554e-02
      vertex 7.440601e-02 4.505866e-02 4.276554e-02
      vertex 7.440601e-02 4.505866e-02 -2.234470e-03
    endloop
  endfacet
  facet normal -2.902906e-01 -9.569386e-01 0.000000e+00
    outer loop
      vertex 7.440601e-02 4.505866e-02 4.276554e-02
      vertex 7.384324e-02 4.522938e-02 4.276554e-02
      vertex 7.384324e-02 4.522938e-02 -2.234470e-03
    endloop
  endfacet
  facet normal -4.713922e-01 -8.819237e-01 0.000000e+00
    outer loop
      vertex 7.384324e-02 4.522938e-02 4.276554e-02
      vertex 7.332458e-02 4.550660e-02 4.276554e-02
      vertex 7.332458e-02 4.550660e-02 -2.234470e-03
    endloop
  endfacet
  facet normal -6.343905e-01 -7.730127e-01 0.000000e+00
    outer loop
      vertex 7.332458e-02 4.550660e-02 4.276554e-02
      vertex 7.286996e-02 4.587969e-02 4.276554e-02
      vertex 7.286996e-02 4.587969e-02 -2.234470e-03
    endloop
  endfacet
  facet normal -7.730101e-01 -6.343936e-01 0.000000e+00
    outer loop
      vertex 7.286996e-02 4.587969e-02 4.276554e-02
      vertex 7.249688e-02 4.633430e-02 4.276554e-02
      vertex 7.249688e-02 4.633430e-02 -2.234470e-03
    endloop
  endfacet
  facet normal -8.819237e-01 -4.713922e-01 0.000000e+00
    outer loop
      vertex 7.249688e-02 4.633430e-02 4.276554e-02
      vertex 7.221965e-02 4.685296e-02 4.276554e-02
      vertex 7.221965e-02 4.685296e-02 -2.234470e-03
    endloop
  endfacet
  facet normal -9.569408e-01 -2.902830e-01 0.000000e+00
    outer loop
      vertex 7.221965e-02 4.685296e-02 4.276554e-02
      vertex 7.204893e-02 4.741574e-02 4.276554e-02
      vertex 7.204893e-02 4.741574e-02 -2.234470e-03
    endloop
  endfacet
  facet normal -9.951846e-01 -9.801909e-02 0.000000e+00
    outer loop
      vertex 7.204893e-02 4.741574e-02 4.276554e-02
      vertex 7.199129e-02 4.800101e-02 4.276554e-02
      vertex 7.199129e-02 4.800101e-02 -2.234470e-03
    endloop
  endfacet
  facet normal -9.951846e-01 9.801847e-02 0.000000e+00
    outer loop
      vertex 7.199129e-02 4.800101e-02 4.276554e-02
      vertex 7.204893e-02 4.858628e-02 4.276554e-02
      vertex 7.204893e-02 4.858628e-02 -2.234470e-03
    endloop
  endfacet
  facet normal -9.569408e-01 2.902830e-01 0.000000e+00
    outer loop
      vertex 7.204893e-02 4.858628e-02 4.276554e-02
      vertex 7.221965e-02 4.914906e-02 4.276554e-02
      vertex 7.221965e-02 4.914906e-02 -2.234470e-03
    endloop
  endfacet
  facet normal -8.819237e-01 4.713922e-01 0.000000e+00
    outer loop
      vertex 7.221965e-02 4.914906e-02 4.276554e-02
      vertex 7.249688e-02 4.966772e-02 4.276554e-02
      vertex 7.249688e-02 4.966772e-02 -2.234470e-03
    endloop
  endfacet
  facet normal -7.730101e-01 6.343936e-01 0.000000e+00
    outer loop
      vertex 7.249688e-02 4.966772e-02 4.276554e-02
      vertex 7.286996e-02 5.012233e-02 4.276554e-02
      vertex 7.286996e-02 5.012233e-02 -2.234470e-03
    endloop
  endfacet
  facet normal -6.343905e-01 7.730127e-01 0.000000e+00
    outer loop
      vertex 7.286996e-02 5.012233e-02 4.276554e-02
      vertex 7.332458e-02 5.049542e-02 4.276554e-02
      vertex 7.332458e-02 5.049542e-02 -2.234470e-03
    endloop
  endfacet
  facet normal -4.713922e-01 8.819237e-01 0.000000e+00
    outer loop
      vertex 7.332458e-02 5.049542e-02 4.276554e-02
      vertex 7.384324e-02 5.077265e-02 4.276554e-02
      vertex 7.384324e-02 5.077265e-02 -2.234470e-03
    endloop
  endfacet
  facet normal 0.000000e+00 0.000000e+00 1.000000e+00
    outer loop
      vertex 7.613934e-02 5.077265e-02 4.276554e-02
      vertex 7.557656e-02 5.094337e-02 4.276554e-02
      vertex 7.499129e-02 5.100101e-02 4.276554e-02
    endloop
  endfacet
  facet normal 0.000000e+00 0.000000e+00 1.000000e+00
    outer loop
      vertex 7.499129e-02 5.100101e-02 4.276554e-02
      vertex 7.440601e-02 5.094337e-02 4.276554e-02
      vertex 7.384324e-02 5.077265e-02 4.276554e-02
    endloop
  endfacet
  facet normal 0.000000e+00 0.000000e+00 9.999999e-01
    outer loop
      vertex 7.384324e-02 5.077265e-02 4.276554e-02
      vertex 7.332458e-02 5.049542e-02 4.276554e-02
      vertex 7.286996e-02 5.012233e-02 4.276554e-02
    endloop
  endfacet
  facet normal -0.000000e+00 0.000000e+00 1.000000e+00
    outer loop
      vertex 7.286996e-02 5.012233e-02 4.276554e-02
      vertex 7.249688e-02 4.966772e-02 4.276554e-02
      vertex 7.384324e-02 5.077265e-02 4.276554e-02
    endloop
  endfacet
  facet normal -0.000000e+00 0.000000e+00 1.000000e+00
    outer loop
      vertex 7.249688e-02 4.966772e-02 4.276554e-02
      vertex 7.221965e-02 4.914906e-02 4.276554e-02
      vertex 7.384324e-02 5.077265e-02 4.276554e-02
    endloop
  endfacet
  facet normal 0.000000e+00 0.000000e+00 1.000000e+00
    outer loop
      vertex 7.221965e-02 4.914906e-02 4.276554e-02
      vertex 7.204893e-02 4.858628e-02 4.276554e-02
      vertex 7.221965e-02 4.685296e-02 4.276554e-02
    endloop
  endfacet
  facet normal 0.000000e+00 0.000000e+00 1.000000e+00
    outer loop
      vertex 7.204893e-02 4.858628e-02 4.276554e-02
      vertex 7.199129e-02 4.800101e-02 4.276554e-02
      vertex 7.204893e-02 4.741574e-02 4.276554e-02
    endloop
  endfacet
  facet normal 0.000000e+00 0.000000e+00 1.000000e+00
    outer loop
      vertex 7.221965e-02 4.685296e-02 4.276554e-02
      vertex 7.204893e-02 4.858628e-02 4.276554e-02
      vertex 7.204893e-02 4.741574e-02 4.276554e-02
    endloop
  endfacet
  facet normal 0.000000e+00 0.000000e+00 9.999999e-01
    outer loop
      vertex 7.221965e-02 4.685296e-02 4.276554e-02
      vertex 7.249688e-02 4.633430e-02 4.276554e-02
      vertex 7.384324e-02 4.522938e-02 4.276554e-02
    endloop
  endfacet
  facet normal 0.000000e+00 0.000000e+00 9.999999e-01
    outer loop
      vertex 7.249688e-02 4.633430e-02 4.276554e-02
      vertex 7.286996e-02 4.587969e-02 4.276554e-02
      vertex 7.384324e-02 4.522938e-02 4.276554e-02
    endloop
  endfacet
  facet normal 0.000000e+00 0.000000e+00 1.000000e+00
    outer loop
      vertex 7.286996e-02 4.587969e-02 4.276554e-02
      vertex 7.332458e-02 4.550660e-02 4.276554e-02
      vertex 7.384324e-02 4.522938e-02 4.276554e-02
    endloop
  endfacet
  facet normal 0.000000e+00 0.000000e+00 1.000000e+00
    outer loop
      vertex 7.384324e-02 4.522938e-02 4.276554e-02
      vertex 7.440601e-02 4.505866e-02 4.276554e-02
      vertex 7.499129e-02 4.500101e-02 4.276554e-02
    endloop
  endfacet
  facet normal 0.000000e+00 0.000000e+00 1.000000e+00
    outer loop
      vertex 7.499129e-02 4.500101e-02 4.276554e-02
      vertex 7.557656e-02 4.505866e-02 4.276554e-02
      vertex 7.613934e-02 4.522938e-02 4.276554e-02
    endloop
  endfacet
  facet normal 0.000000e+00 0.000000e+00 1.000000e+00
    outer loop
      vertex 7.613934e-02 4.522938e-02 4.276554e-02
      vertex 7.665800e-02 4.550660e-02 4.276554e-02
      vertex 7.711261e-02 4.587969e-02 4.276554e-02
    endloop
  endfacet
  facet normal 0.000000e+00 -0.000000e+00 1.000000e+00
    outer loop
      vertex 7.711261e-02 4.587969e-02 4.276554e-02
      vertex 7.748570e-02 4.633430e-02 4.276554e-02
      vertex 7.613934e-02 4.522938e-02 4.276554e-02
    endloop
  endfacet
  facet normal 0.000000e+00 -0.000000e+00 1.000000e+00
    outer loop
      vertex 7.748570e-02 4.633430e-02 4.276554e-02
      vertex 7.776292e-02 4.685296e-02 4.276554e-02
      vertex 7.613934e-02 4.522938e-02 4.276554e-02
    endloop
  endfacet
  facet normal 0.000000e+00 0.000000e+00 1.000000e+00
    outer loop
      vertex 7.776292e-02 4.685296e-02 4.276554e-02
      vertex 7.793364e-02 4.741574e-02 4.276554e-02
      vertex 7.793364e-02 4.858628e-02 4.276554e-02
    endloop
  endfacet
  facet normal 0.000000e+00 0.000000e+00 1.000000e+00
    outer loop
      vertex 7.793364e-02 4.741574e-02 4.276554e-02
      vertex 7.799128e-02 4.800101e-02 4.276554e-02
      vertex 7.793364e-02 4.858628e-02 4.276554e-02
    endloop
  endfacet
  facet normal 0.000000e+00 0.000000e+00 1.000000e+00
    outer loop
      vertex 7.793364e-02 4.858628e-02 4.276554e-02
      vertex 7.776292e-02 4.914906e-02 4.276554e-02
      vertex 7.776292e-02 4.685296e-02 4.276554e-02
    endloop
  endfacet
  facet normal 0.000000e+00 0.000000e+00 1.000000e+00
    outer loop
      vertex 7.776292e-02 4.914906e-02 4.276554e-02
      vertex 7.748570e-02 4.966772e-02 4.276554e-02
      vertex 7.613934e-02 5.077265e-02 4.276554e-02
    endloop
  endfacet
  facet normal 0.000000e+00 0.000000e+00 1.000000e+00
    outer loop
      vertex 7.748570e-02 4.966772e-02 4.276554e-02
      vertex 7.711261e-02 5.012233e-02 4.276554e-02
      vertex 7.613934e-02 5.077265e-02 4.276554e-02
    endloop
  endfacet
  facet normal 0.000000e+00 0.000000e+00 1.000000e+00
    outer loop
      vertex 7.711261e-02 5.012233e-02 4.276554e-02
      vertex 7.665800e-02 5.049542e-02 4.276554e-02
      vertex 7.613934e-02 5.077265e-02 4.276554e-02
    endloop
  endfacet
  facet normal 0.000000e+00 0.000000e+00 1.000000e+00
    outer loop
      vertex 7.613934e-02 5.077265e-02 4.276554e-02
      vertex 7.499129e-02 5.100101e-02 4.276554e-02
      vertex 7.384324e-02 5.077265e-02 4.276554e-02
    endloop
  endfacet
  facet normal -0.000000e+00 0.000000e+00 1.000000e+00
    outer loop
      vertex 7.384324e-02 4.522938e-02 4.276554e-02
      vertex 7.499129e-02 4.500101e-02 4.276554e-02
      vertex 7.613934e-02 4.522938e-02 4.276554e-02
    endloop
  endfacet
  facet normal 0.000000e+00 0.000000e+00 1.000000e+00
    outer loop
      vertex 7.613934e-02 5.077265e-02 4.276554e-02
      vertex 7.384324e-02 5.077265e-02 4.276554e-02
      vertex 7.384324e-02 4.522938e-02 4.276554e-02
    endloop
  endfacet
  facet normal 0.000000e+00 0.000000e+00 1.000000e+00
    outer loop
      vertex 7.384324e-02 5.077265e-02 4.276554e-02
      vertex 7.221965e-02 4.914906e-02 4.276554e-02
      vertex 7.384324e-02 4.522938e-02 4.276554e-02
    endloop
  endfacet
  facet normal 0.000000e+00 0.000000e+00 1.000000e+00
    outer loop
      vertex 7.221965e-02 4.914906e-02 4.276554e-02
      vertex 7.221965e-02 4.685296e-02 4.276554e-02
      vertex 7.384324e-02 4.522938e-02 4.276554e-02
    endloop
  endfacet
  facet normal 0.000000e+00 0.000000e+00 1.000000e+00
    outer loop
      vertex 7.384324e-02 4.522938e-02 4.276554e-02
      vertex 7.613934e-02 4.522938e-02 4.276554e-02
      vertex 7.613934e-02 5.077265e-02 4.276554e-02
    endloop
  endfacet
  facet normal 0.000000e+00 0.000000e+00 1.000000e+00
    outer loop
      vertex 7.613934e-02 4.522938e-02 4.276554e-02
      vertex 7.776292e-02 4.685296e-02 4.276554e-02
      vertex 7.613934e-02 5.077265e-02 4.276554e-02
    endloop
  endfacet
  facet normal -2.902906e-01 9.569386e-01 0.000000e+00
    outer loop
      vertex 7.384324e-02 5.077265e-02 4.276554e-02
      vertex 7.440601e-02 5.094337e-02 4.276554e-02
      vertex 7.440601e-02 5.094337e-02 -2.234470e-03
    endloop
  endfacet
  facet normal -9.801847e-02 9.951846e-01 0.000000e+00
    outer loop
      vertex 7.440601e-02 5.094337e-02 4.276554e-02
      vertex 7.499129e-02 5.100101e-02 4.276554e-02
      vertex 7.499129e-02 5.100101e-02 -2.234470e-03
    endloop
  endfacet
  facet normal 0.000000e+00 0.000000e+00 -1.000000e+00
    outer loop
      vertex 7.440601e-02 5.094337e-02 -2.234470e-03
      vertex 7.499129e-02 5.100101e-02 -2.234470e-03
      vertex 7.557656e-02 5.094337e-02 -2.234470e-03
    endloop
  endfacet
  facet normal -0.000000e+00 -0.000000e+00 -1.000000e+00
    outer loop
      vertex 7.557656e-02 5.094337e-02 -2.234470e-03
      vertex 7.613934e-02 5.077265e-02 -2.234470e-03
      vertex 7.440601e-02 5.094337e-02 -2.234470e-03
    endloop
  endfacet
  facet normal -0.000000e+00 -0.000000e+00 -1.000000e+00
    outer loop
      vertex 7.613934e-02 5.077265e-02 -2.234470e-03
      vertex 7.665800e-02 5.049542e-02 -2.234470e-03
      vertex 7.440601e-02 5.094337e-02 -2.234470e-03
    endloop
  endfacet
  facet normal 0.000000e+00 0.000000e+00 -1.000000e+00
    outer loop
      vertex 7.665800e-02 5.049542e-02 -2.234470e-03
      vertex 7.711261e-02 5.012233e-02 -2.234470e-03
      vertex 7.748570e-02 4.966772e-02 -2.234470e-03
    endloop
  endfacet
  facet normal 0.000000e+00 0.000000e+00 -1.000000e+00
    outer loop
      vertex 7.748570e-02 4.966772e-02 -2.234470e-03
      vertex 7.776292e-02 4.914906e-02 -2.234470e-03
      vertex 7.793364e-02 4.858628e-02 -2.234470e-03
    endloop
  endfacet
  facet normal 0.000000e+00 0.000000e+00 -1.000000e+00
    outer loop
      vertex 7.793364e-02 4.858628e-02 -2.234470e-03
      vertex 7.799128e-02 4.800101e-02 -2.234470e-03
      vertex 7.793364e-02 4.741574e-02 -2.234470e-03
    endloop
  endfacet
  facet normal 0.000000e+00 0.000000e+00 -1.000000e+00
    outer loop
      vertex 7.793364e-02 4.741574e-02 -2.234470e-03
      vertex 7.776292e-02 4.685296e-02 -2.234470e-03
      vertex 7.748570e-02 4.633430e-02 -2.234470e-03
    endloop
  endfacet
  facet normal 0.000000e+00 0.000000e+00 -1.000000e+00
    outer loop
      vertex 7.748570e-02 4.633430e-02 -2.234470e-03
      vertex 7.711261e-02 4.587969e-02 -2.234470e-03
      vertex 7.665800e-02 4.550660e-02 -2.234470e-03
    endloop
  endfacet
  facet normal -0.000000e+00 0.000000e+00 -1.000000e+00
    outer loop
      vertex 7.665800e-02 4.550660e-02 -2.234470e-03
      vertex 7.613934e-02 4.522938e-02 -2.234470e-03
      vertex 7.748570e-02 4.633430e-02 -2.234470e-03
    endloop
  endfacet
  facet normal -0.000000e+00 0.000000e+00 -1.000000e+00
    outer loop
      vertex 7.613934e-02 4.522938e-02 -2.234470e-03
      vertex 7.557656e-02 4.505866e-02 -2.234470e-03
      vertex 7.748570e-02 4.633430e-02 -2.234470e-03
    endloop
  endfacet
  facet normal -0.000000e+00 0.000000e+00 -1.000000e+00
    outer loop
      vertex 7.557656e-02 4.505866e-02 -2.234470e-03
      vertex 7.499129e-02 4.500101e-02 -2.234470e-03
      vertex 7.440601e-02 4.505866e-02 -2.234470e-03
    endloop
  endfacet
  facet normal 0.000000e+00 0.000000e+00 -1.000000e+00
    outer loop
      vertex 7.440601e-02 4.505866e-02 -2.234470e-03
      vertex 7.384324e-02 4.522938e-02 -2.234470e-03
      vertex 7.557656e-02 4.505866e-02 -2.234470e-03
    endloop
  endfacet
  facet normal 0.000000e+00 0.000000e+00 -1.000000e+00
    outer loop
      vertex 7.384324e-02 4.522938e-02 -2.234470e-03
      vertex 7.332458e-02 4.550660e-02 -2.234470e-03
      vertex 7.557656e-02 4.505866e-02 -2.234470e-03
    endloop
  endfacet
  facet normal 0.000000e+00 0.000000e+00 -1.000000e+00
    outer loop
      vertex 7.332458e-02 4.550660e-02 -2.234470e-03
      vertex 7.286996e-02 4.587969e-02 -2.234470e-03
      vertex 7.249688e-02 4.633430e-02 -2.234470e-03
    endloop
  endfacet
  facet normal 0.000000e+00 0.000000e+00 -1.000000e+00
    outer loop
      vertex 7.249688e-02 4.633430e-02 -2.234470e-03
      vertex 7.221965e-02 4.685296e-02 -2.234470e-03
      vertex 7.204893e-02 4.741574e-02 -2.234470e-03
    endloop
  endfacet
  facet normal 0.000000e+00 0.000000e+00 -1.000000e+00
    outer loop
      vertex 7.204893e-02 4.741574e-02 -2.234470e-03
      vertex 7.199129e-02 4.800101e-02 -2.234470e-03
      vertex 7.204893e-02 4.858628e-02 -2.234470e-03
    endloop
  endfacet
  facet normal 0.000000e+00 0.000000e+00 -1.000000e+00
    outer loop
      vertex 7.204893e-02 4.858628e-02 -2.234470e-03
      vertex 7.221965e-02 4.914906e-02 -2.234470e-03
      vertex 7.249688e-02 4.966772e-02 -2.234470e-03
    endloop
  endfacet
  facet normal 0.000000e+00 0.000000e+00 -1.000000e+00
    outer loop
      vertex 7.249688e-02 4.966772e-02 -2.234470e-03
      vertex 7.286996e-02 5.012233e-02 -2.234470e-03
      vertex 7.332458e-02 5.049542e-02 -2.234470e-03
    endloop
  endfacet
  facet normal 0.000000e+00 -0.000000e+00 -1.000000e+00
    outer loop
      vertex 7.332458e-02 5.049542e-02 -2.234470e-03
      vertex 7.384324e-02 5.077265e-02 -2.234470e-03
      vertex 7.249688e-02 4.966772e-02 -2.234470e-03
    endloop
  endfacet
  facet normal 0.000000e+00 -0.000000e+00 -9.999999e-01
    outer loop
      vertex 7.384324e-02 5.077265e-02 -2.234470e-03
      vertex 7.440601e-02 5.094337e-02 -2.234470e-03
      vertex 7.249688e-02 4.966772e-02 -2.234470e-03
    endloop
  endfacet
  facet normal 0.000000e+00 0.000000e+00 -1.000000e+00
    outer loop
      vertex 7.665800e-02 5.049542e-02 -2.234470e-03
      vertex 7.748570e-02 4.966772e-02 -2.234470e-03
      vertex 7.793364e-02 4.858628e-02 -2.234470e-03
    endloop
  endfacet
  facet normal 0.000000e+00 -0.000000e+00 -1.000000e+00
    outer loop
      vertex 7.793364e-02 4.858628e-02 -2.234470e-03
      vertex 7.793364e-02 4.741574e-02 -2.234470e-03
      vertex 7.557656e-02 4.505866e-02 -2.234470e-03
    endloop
  endfacet
  facet normal 0.000000e+00 0.000000e+00 -1.000000e+00
    outer loop
      vertex 7.793364e-02 4.741574e-02 -2.234470e-03
      vertex 7.748570e-02 4.633430e-02 -2.234470e-03
      vertex 7.557656e-02 4.505866e-02 -2.234470e-03
    endloop
  endfacet
  facet normal 0.000000e+00 0.000000e+00 -1.000000e+00
    outer loop
      vertex 7.332458e-02 4.550660e-02 -2.234470e-03
      vertex 7.249688e-02 4.633430e-02 -2.234470e-03
      vertex 7.204893e-02 4.741574e-02 -2.234470e-03
    endloop
  endfacet
  facet normal 0.000000e+00 0.000000e+00 -1.000000e+00
    outer loop
      vertex 7.204893e-02 4.741574e-02 -2.234470e-03
      vertex 7.204893e-02 4.858628e-02 -2.234470e-03
      vertex 7.440601e-02 5.094337e-02 -2.234470e-03
    endloop
  endfacet
  facet normal 0.000000e+00 0.000000e+00 -1.000000e+00
    outer loop
      vertex 7.204893e-02 4.858628e-02 -2.234470e-03
      vertex 7.249688e-02 4.966772e-02 -2.234470e-03
      vertex 7.440601e-02 5.094337e-02 -2.234470e-03
    endloop
  endfacet
  facet normal 0.000000e+00 0.000000e+00 -1.000000e+00
    outer loop
      vertex 7.440601e-02 5.094337e-02 -2.234470e-03
      vertex 7.665800e-02 5.049542e-02 -2.234470e-03
      vertex 7.793364e-02 4.858628e-02 -2.234470e-03
    endloop
  endfacet
  facet normal 0.000000e+00 0.000000e+00 -1.000000e+00
    outer loop
      vertex 7.557656e-02 4.505866e-02 -2.234470e-03
      vertex 7.332458e-02 4.550660e-02 -2.234470e-03
      vertex 7.204893e-02 4.741574e-02 -2.234470e-03
    endloop
  endfacet
  facet normal 0.000000e+00 -0.000000e+00 -1.000000e+00
    outer loop
      vertex 7.440601e-02 5.094337e-02 -2.234470e-03
      vertex 7.793364e-02 4.858628e-02 -2.234470e-03
      vertex 7.204893e-02 4.741574e-02 -2.234470e-03
    endloop
  endfacet
  facet normal 9.801847e-02 9.951846e-01 0.000000e+00
    outer loop
      vertex 7.499129e-02 -4.499899e-02 4.276554e-02
      vertex 7.557656e-02 -4.505664e-02 -2.234470e-03
      vertex 7.499129e-02 -4.499899e-02 -2.234470e-03
    endloop
  endfacet
  facet normal 2.902871e-01 9.569396e-01 0.000000e+00
    outer loop
      vertex 7.557656e-02 -4.505664e-02 4.276554e-02
      vertex 7.613934e-02 -4.522736e-02 -2.234470e-03
      vertex 7.557656e-02 -4.505664e-02 -2.234470e-03
    endloop
  endfacet
  facet normal 4.713975e-01 8.819209e-01 0.000000e+00
    outer loop
      vertex 7.613934e-02 -4.522736e-02 4.276554e-02
      vertex 7.665800e-02 -4.550458e-02 -2.234470e-03
      vertex 7.613934e-02 -4.522736e-02 -2.234470e-03
    endloop
  endfacet
  facet normal 6.343905e-01 7.730127e-01 0.000000e+00
    outer loop
      vertex 7.665800e-02 -4.550458e-02 4.276554e-02
      vertex 7.711261e-02 -4.587767e-02 -2.234470e-03
      vertex 7.665800e-02 -4.550458e-02 -2.234470e-03
    endloop
  endfacet
  facet normal 7.730101e-01 6.343936e-01 0.000000e+00
    outer loop
      vertex 7.711261e-02 -4.587767e-02 4.276554e-02
      vertex 7.748570e-02 -4.633228e-02 -2.234470e-03
      vertex 7.711261e-02 -4.587767e-02 -2.234470e-03
    endloop
  endfacet
  facet normal 8.819237e-01 4.713922e-01 0.000000e+00
    outer loop
      vertex 7.748570e-02 -4.633228e-02 4.276554e-02
      vertex 7.776292e-02 -4.685095e-02 -2.234470e-03
      vertex 7.748570e-02 -4.633228e-02 -2.234470e-03
    endloop
  endfacet
  facet normal 9.569408e-01 2.902830e-01 0.000000e+00
    outer loop
      vertex 7.776292e-02 -4.685095e-02 4.276554e-02
      vertex 7.793364e-02 -4.741372e-02 -2.234470e-03
      vertex 7.776292e-02 -4.685095e-02 -2.234470e-03
    endloop
  endfacet
  facet normal 9.951846e-01 9.801909e-02 0.000000e+00
    outer loop
      vertex 7.793364e-02 -4.741372e-02 4.276554e-02
      vertex 7.799128e-02 -4.799899e-02 -2.234470e-03
      vertex 7.793364e-02 -4.741372e-02 -2.234470e-03
    endloop
  endfacet
  facet normal 9.951846e-01 -9.801847e-02 0.000000e+00
    outer loop
      vertex 7.799128e-02 -4.799899e-02 4.276554e-02
      vertex 7.793364e-02 -4.858426e-02 -2.234470e-03
      vertex 7.799128e-02 -4.799899e-02 -2.234470e-03
    endloop
  endfacet
  facet normal 9.569408e-01 -2.902830e-01 0.000000e+00
    outer loop
      vertex 7.793364e-02 -4.858426e-02 4.276554e-02
      vertex 7.776292e-02 -4.914704e-02 -2.234470e-03
      vertex 7.793364e-02 -4.858426e-02 -2.234470e-03
    endloop
  endfacet
  facet normal 8.819237e-01 -4.713922e-01 0.000000e+00
    outer loop
      vertex 7.776292e-02 -4.914704e-02 4.276554e-02
      vertex 7.748570e-02 -4.966570e-02 -2.234470e-03
      vertex 7.776292e-02 -4.914704e-02 -2.234470e-03
    endloop
  endfacet
  facet normal 7.730101e-01 -6.343936e-01 0.000000e+00
    outer loop
      vertex 7.748570e-02 -4.966570e-02 4.276554e-02
      vertex 7.711261e-02 -5.012031e-02 -2.234470e-03
      vertex 7.748570e-02 -4.966570e-02 -2.234470e-03
    endloop
  endfacet
  facet normal 6.343905e-01 -7.730127e-01 0.000000e+00
    outer loop
      vertex 7.711261e-02 -5.012031e-02 4.276554e-02
      vertex 7.665800e-02 -5.049340e-02 -2.234470e-03
      vertex 7.711261e-02 -5.012031e-02 -2.234470e-03
    endloop
  endfacet
  facet normal 4.713975e-01 -8.819209e-01 0.000000e+00
    outer loop
      vertex 7.665800e-02 -5.049340e-02 4.276554e-02
      vertex 7.613934e-02 -5.077063e-02 -2.234470e-03
      vertex 7.665800e-02 -5.049340e-02 -2.234470e-03
    endloop
  endfacet
  facet normal 2.902871e-01 -9.569396e-01 0.000000e+00
    outer loop
      vertex 7.613934e-02 -5.077063e-02 4.276554e-02
      vertex 7.557656e-02 -5.094135e-02 -2.234470e-03
      vertex 7.613934e-02 -5.077063e-02 -2.234470e-03
    endloop
  endfacet
  facet normal 9.801847e-02 -9.951846e-01 0.000000e+00
    outer loop
      vertex 7.557656e-02 -5.094135e-02 4.276554e-02
      vertex 7.499129e-02 -5.099899e-02 -2.234470e-03
      vertex 7.557656e-02 -5.094135e-02 -2.234470e-03
    endloop
  endfacet
  facet normal -9.801847e-02 -9.951846e-01 -0.000000e+00
    outer loop
      vertex 7.499129e-02 -5.099899e-02 4.276554e-02
      vertex 7.440601e-02 -5.094135e-02 -2.234470e-03
      vertex 7.499129e-02 -5.099899e-02 -2.234470e-03
    endloop
  endfacet
  facet normal -2.902906e-01 -9.569386e-01 -0.000000e+00
    outer loop
      vertex 7.440601e-02 -5.094135e-02 4.276554e-02
      vertex 7.384324e-02 -5.077063e-02 -2.234470e-03
      vertex 7.440601e-02 -5.094135e-02 -2.234470e-03
    endloop
  endfacet
  facet normal -4.713922e-01 -8.819237e-01 -0.000000e+00
    outer loop
      vertex 7.384324e-02 -5.077063e-02 4.276554e-02
      vertex 7.332458e-02 -5.049340e-02 -2.234470e-03
      vertex 7.384324e-02 -5.077063e-02 -2.234470e-03
    endloop
  endfacet
  facet normal -6.343905e-01 -7.730127e-01 -0.000000e+00
    outer loop
      vertex 7.332458e-02 -5.049340e-02 4.276554e-02
      vertex 7.286996e-02 -5.012031e-02 -2.234470e-03
      vertex 7.332458e-02 -5.049340e-02 -2.234470e-03
    endloop
  endfacet
  facet normal -7.730101e-01 -6.343936e-01 -0.000000e+00
    outer loop
      vertex 7.286996e-02 -5.012031e-02 4.276554e-02
      vertex 7.249688e-02 -4.966570e-02 -2.234470e-03
      vertex 7.286996e-02 -5.012031e-02 -2.234470e-03
    endloop
  endfacet
  facet normal -8.819237e-01 -4.713922e-01 -0.000000e+00
    outer loop
      vertex 7.249688e-02 -4.966570e-02 4.276554e-02
      vertex 7.221965e-02 -4.914704e-02 -2.234470e-03
      vertex 7.249688e-02 -4.966570e-02 -2.234470e-03
    endloop
  endfacet
  facet normal -9.569408e-01 -2.902830e-01 -0.000000e+00
    outer loop
      vertex 7.221965e-02 -4.914704e-02 4.276554e-02
      vertex 7.204893e-02 -4.858426e-02 -2.234470e-03
      vertex 7.221965e-02 -4.914704e-02 -2.234470e-03
    endloop
  endfacet
  facet normal -9.951846e-01 -9.801847e-02 -0.000000e+00
    outer loop
      vertex 7.204893e-02 -4.858426e-02 4.276554e-02
      vertex 7.199129e-02 -4.799899e-02 -2.234470e-03
      vertex 7.204893e-02 -4.858426e-02 -2.234470e-03
    endloop
  endfacet
  facet normal -9.951846e-01 9.801909e-02 0.000000e+00
    outer loop
      vertex 7.199129e-02 -4.799899e-02 4.276554e-02
      vertex 7.204893e-02 -4.741372e-02 -2.234470e-03
      vertex 7.199129e-02 -4.799899e-02 -2.234470e-03
    endloop
  endfacet
  facet normal -9.569408e-01 2.902830e-01 0.000000e+00
    outer loop
      vertex 7.204893e-02 -4.741372e-02 4.276554e-02
      vertex 7.221965e-02 -4.685095e-02 -2.234470e-03
      vertex 7.204893e-02 -4.741372e-02 -2.234470e-03
    endloop
  endfacet
  facet normal -8.819237e-01 4.713922e-01 0.000000e+00
    outer loop
      vertex 7.221965e-02 -4.685095e-02 4.276554e-02
      vertex 7.249688e-02 -4.633228e-02 -2.234470e-03
      vertex 7.221965e-02 -4.685095e-02 -2.234470e-03
    endloop
  endfacet
  facet normal -7.730101e-01 6.343936e-01 0.000000e+00
    outer loop
      vertex 7.249688e-02 -4.633228e-02 4.276554e-02
      vertex 7.286996e-02 -4.587767e-02 -2.234470e-03
      vertex 7.249688e-02 -4.633228e-02 -2.234470e-03
    endloop
  endfacet
  facet normal -6.343905e-01 7.730127e-01 0.000000e+00
    outer loop
      vertex 7.286996e-02 -4.587767e-02 4.276554e-02
      vertex 7.332458e-02 -4.550458e-02 -2.234470e-03
      vertex 7.286996e-02 -4.587767e-02 -2.234470e-03
    endloop
  endfacet
  facet normal -4.713922e-01 8.819237e-01 0.000000e+00
    outer loop
      vertex 7.332458e-02 -4.550458e-02 4.276554e-02
      vertex 7.384324e-02 -4.522736e-02 -2.234470e-03
      vertex 7.332458e-02 -4.550458e-02 -2.234470e-03
    endloop
  endfacet
  facet normal 0.000000e+00 -0.000000e+00 1.000000e+00
    outer loop
      vertex 7.776292e-02 -4.914704e-02 4.276554e-02
      vertex 7.776292e-02 -4.685095e-02 4.276554e-02
      vertex 7.613934e-02 -4.522736e-02 4.276554e-02
    endloop
  endfacet
  facet normal -2.902906e-01 9.569386e-01 0.000000e+00
    outer loop
      vertex 7.384324e-02 -4.522736e-02 4.276554e-02
      vertex 7.440601e-02 -4.505664e-02 -2.234470e-03
      vertex 7.384324e-02 -4.522736e-02 -2.234470e-03
    endloop
  endfacet
  facet normal -9.801847e-02 9.951846e-01 0.000000e+00
    outer loop
      vertex 7.440601e-02 -4.505664e-02 4.276554e-02
      vertex 7.499129e-02 -4.499899e-02 -2.234470e-03
      vertex 7.440601e-02 -4.505664e-02 -2.234470e-03
    endloop
  endfacet
  facet normal 0.000000e+00 0.000000e+00 -1.000000e+00
    outer loop
      vertex 7.793364e-02 -4.741372e-02 -2.234470e-03
      vertex 7.557656e-02 -5.094135e-02 -2.234470e-03
      vertex 7.204893e-02 -4.858426e-02 -2.234470e-03
    endloop
  endfacet
  facet normal 9.801847e-02 9.951846e-01 0.000000e+00
    outer loop
      vertex 7.499129e-02 -4.499899e-02 4.276554e-02
      vertex 7.557656e-02 -4.505664e-02 4.276554e-02
      vertex 7.557656e-02 -4.505664e-02 -2.234470e-03
    endloop
  endfacet
  facet normal 2.902871e-01 9.569396e-01 0.000000e+00
    outer loop
      vertex 7.557656e-02 -4.505664e-02 4.276554e-02
      vertex 7.613934e-02 -4.522736e-02 4.276554e-02
      vertex 7.613934e-02 -4.522736e-02 -2.234470e-03
    endloop
  endfacet
  facet normal 4.713975e-01 8.819209e-01 0.000000e+00
    outer loop
      vertex 7.613934e-02 -4.522736e-02 4.276554e-02
      vertex 7.665800e-02 -4.550458e-02 4.276554e-02
      vertex 7.665800e-02 -4.550458e-02 -2.234470e-03
    endloop
  endfacet
  facet normal 6.343905e-01 7.730127e-01 0.000000e+00
    outer loop
      vertex 7.665800e-02 -4.550458e-02 4.276554e-02
      vertex 7.711261e-02 -4.587767e-02 4.276554e-02
      vertex 7.711261e-02 -4.587767e-02 -2.234470e-03
    endloop
  endfacet
  facet normal 7.730101e-01 6.343936e-01 0.000000e+00
    outer loop
      vertex 7.711261e-02 -4.587767e-02 4.276554e-02
      vertex 7.748570e-02 -4.633228e-02 4.276554e-02
      vertex 7.748570e-02 -4.633228e-02 -2.234470e-03
    endloop
  endfacet
  facet normal 8.819237e-01 4.713922e-01 0.000000e+00
    outer loop
      vertex 7.748570e-02 -4.633228e-02 4.276554e-02
      vertex 7.776292e-02 -4.685095e-02 4.276554e-02
      vertex 7.776292e-02 -4.685095e-02 -2.234470e-03
    endloop
  endfacet
  facet normal 9.569408e-01 2.902830e-01 0.000000e+00
    outer loop
      vertex 7.776292e-02 -4.685095e-02 4.276554e-02
      vertex 7.793364e-02 -4.741372e-02 4.276554e-02
      vertex 7.793364e-02 -4.741372e-02 -2.234470e-03
    endloop
  endfacet
  facet normal 9.951846e-01 9.801909e-02 0.000000e+00
    outer loop
      vertex 7.793364e-02 -4.741372e-02 4.276554e-02
      vertex 7.799128e-02 -4.799899e-02 4.276554e-02
      vertex 7.799128e-02 -4.799899e-02 -2.234470e-03
    endloop
  endfacet
  facet normal 9.951846e-01 -9.801847e-02 0.000000e+00
    outer loop
      vertex 7.799128e-02 -4.799899e-02 4.276554e-02
      vertex 7.793364e-02 -4.858426e-02 4.276554e-02
      vertex 7.793364e-02 -4.858426e-02 -2.234470e-03
    endloop
  endfacet
  facet normal 9.569408e-01 -2.902830e-01 0.000000e+00
    outer loop
      vertex 7.793364e-02 -4.858426e-02 4.276554e-02
      vertex 7.776292e-02 -4.914704e-02 4.276554e-02
      vertex 7.776292e-02 -4.914704e-02 -2.234470e-03
    endloop
  endfacet
  facet normal 8.819237e-01 -4.713922e-01 0.000000e+00
    outer loop
      vertex 7.776292e-02 -4.914704e-02 4.276554e-02
      vertex 7.748570e-02 -4.966570e-02 4.276554e-02
      vertex 7.748570e-02 -4.966570e-02 -2.234470e-03
    endloop
  endfacet
  facet normal 7.730101e-01 -6.343936e-01 0.000000e+00
    outer loop
      vertex 7.748570e-02 -4.966570e-02 4.276554e-02
      vertex 7.711261e-02 -5.012031e-02 4.276554e-02
      vertex 7.711261e-02 -5.012031e-02 -2.234470e-03
    endloop
  endfacet
  facet normal 6.343905e-01 -7.730127e-01 0.000000e+00
    outer loop
      vertex 7.711261e-02 -5.012031e-02 4.276554e-02
      vertex 7.665800e-02 -5.049340e-02 4.276554e-02
      vertex 7.665800e-02 -5.049340e-02 -2.234470e-03
    endloop
  endfacet
  facet normal 4.713975e-01 -8.819209e-01 0.000000e+00
    outer loop
      vertex 7.665800e-02 -5.049340e-02 4.276554e-02
      vertex 7.613934e-02 -5.077063e-02 4.276554e-02
      vertex 7.613934e-02 -5.077063e-02 -2.234470e-03
    endloop
  endfacet
  facet normal 2.902871e-01 -9.569396e-01 0.000000e+00
    outer loop
      vertex 7.613934e-02 -5.077063e-02 4.276554e-02
      vertex 7.557656e-02 -5.094135e-02 4.276554e-02
      vertex 7.557656e-02 -5.094135e-02 -2.234470e-03
    endloop
  endfacet
  facet normal 9.801847e-02 -9.951846e-01 0.000000e+00
    outer loop
      vertex 7.557656e-02 -5.094135e-02 4.276554e-02
      vertex 7.499129e-02 -5.099899e-02 4.276554e-02
      vertex 7.499129e-02 -5.099899e-02 -2.234470e-03
    endloop
  endfacet
  facet normal -9.801847e-02 -9.951846e-01 0.000000e+00
    outer loop
      vertex 7.499129e-02 -5.099899e-02 4.276554e-02
      vertex 7.440601e-02 -5.094135e-02 4.276554e-02
      vertex 7.440601e-02 -5.094135e-02 -2.234470e-03
    endloop
  endfacet
  facet normal -2.902906e-01 -9.569386e-01 0.000000e+00
    outer loop
      vertex 7.440601e-02 -5.094135e-02 4.276554e-02
      vertex 7.384324e-02 -5.077063e-02 4.276554e-02
      vertex 7.384324e-02 -5.077063e-02 -2.234470e-03
    endloop
  endfacet
  facet normal -4.713922e-01 -8.819237e-01 0.000000e+00
    outer loop
      vertex 7.384324e-02 -5.077063e-02 4.276554e-02
      vertex 7.332458e-02 -5.049340e-02 4.276554e-02
      vertex 7.332458e-02 -5.049340e-02 -2.234470e-03
    endloop
  endfacet
  facet normal -6.343905e-01 -7.730127e-01 0.000000e+00
    outer loop
      vertex 7.332458e-02 -5.049340e-02 4.276554e-02
      vertex 7.286996e-02 -5.012031e-02 4.276554e-02
      vertex 7.286996e-02 -5.012031e-02 -2.234470e-03
    endloop
  endfacet
  facet normal -7.730101e-01 -6.343936e-01 0.000000e+00
    outer loop
      vertex 7.286996e-02 -5.012031e-02 4.276554e-02
      vertex 7.249688e-02 -4.966570e-02 4.276554e-02
      vertex 7.249688e-02 -4.966570e-02 -2.234470e-03
    endloop
  endfacet
  facet normal -8.819237e-01 -4.713922e-01 0.000000e+00
    outer loop
      vertex 7.249688e-02 -4.966570e-02 4.276554e-02
      vertex 7.221965e-02 -4.914704e-02 4.276554e-02
      vertex 7.221965e-02 -4.914704e-02 -2.234470e-03
    endloop
  endfacet
  facet normal -9.569408e-01 -2.902830e-01 0.000000e+00
    outer loop
      vertex 7.221965e-02 -4.914704e-02 4.276554e-02
      vertex 7.204893e-02 -4.858426e-02 4.276554e-02
      vertex 7.204893e-02 -4.858426e-02 -2.234470e-03
    endloop
  endfacet
  facet normal -9.951846e-01 -9.801847e-02 0.000000e+00
    outer loop
      vertex 7.204893e-02 -4.858426e-02 4.276554e-02
      vertex 7.199129e-02 -4.799899e-02 4.276554e-02
      vertex 7.199129e-02 -4.799899e-02 -2.234470e-03
    endloop
  endfacet
  facet normal -9.951846e-01 9.801909e-02 0.000000e+00
    outer loop
      vertex 7.199129e-02 -4.799899e-02 4.276554e-02
      vertex 7.204893e-02 -4.741372e-02 4.276554e-02
      vertex 7.204893e-02 -4.741372e-02 -2.234470e-03
    endloop
  endfacet
  facet normal -9.569408e-01 2.902830e-01 0.000000e+00
    outer loop
      vertex 7.204893e-02 -4.741372e-02 4.276554e-02
      vertex 7.221965e-02 -4.685095e-02 4.276554e-02
      vertex 7.221965e-02 -4.685095e-02 -2.234470e-03
    endloop
  endfacet
  facet normal -8.819237e-01 4.713922e-01 0.000000e+00
    outer loop
      vertex 7.221965e-02 -4.685095e-02 4.276554e-02
      vertex 7.249688e-02 -4.633228e-02 4.276554e-02
      vertex 7.249688e-02 -4.633228e-02 -2.234470e-03
    endloop
  endfacet
  facet normal -7.730101e-01 6.343936e-01 0.000000e+00
    outer loop
      vertex 7.249688e-02 -4.633228e-02 4.276554e-02
      vertex 7.286996e-02 -4.587767e-02 4.276554e-02
      vertex 7.286996e-02 -4.587767e-02 -2.234470e-03
    endloop
  endfacet
  facet normal -6.343905e-01 7.730127e-01 0.000000e+00
    outer loop
      vertex 7.286996e-02 -4.587767e-02 4.276554e-02
      vertex 7.332458e-02 -4.550458e-02 4.276554e-02
      vertex 7.332458e-02 -4.550458e-02 -2.234470e-03
    endloop
  endfacet
  facet normal -4.713922e-01 8.819237e-01 0.000000e+00
    outer loop
      vertex 7.332458e-02 -4.550458e-02 4.276554e-02
      vertex 7.384324e-02 -4.522736e-02 4.276554e-02
      vertex 7.384324e-02 -4.522736e-02 -2.234470e-03
    endloop
  endfacet
  facet normal 0.000000e+00 0.000000e+00 1.000000e+00
    outer loop
      vertex 7.613934e-02 -4.522736e-02 4.276554e-02
      vertex 7.557656e-02 -4.505664e-02 4.276554e-02
      vertex 7.499129e-02 -4.499899e-02 4.276554e-02
    endloop
  endfacet
  facet normal 0.000000e+00 0.000000e+00 1.000000e+00
    outer loop
      vertex 7.499129e-02 -4.499899e-02 4.276554e-02
      vertex 7.440601e-02 -4.505664e-02 4.276554e-02
      vertex 7.384324e-02 -4.522736e-02 4.276554e-02
    endloop
  endfacet
  facet normal 0.000000e+00 0.000000e+00 9.999999e-01
    outer loop
      vertex 7.384324e-02 -4.522736e-02 4.276554e-02
      vertex 7.332458e-02 -4.550458e-02 4.276554e-02
      vertex 7.286996e-02 -4.587767e-02 4.276554e-02
    endloop
  endfacet
  facet normal -0.000000e+00 0.000000e+00 1.000000e+00
    outer loop
      vertex 7.286996e-02 -4.587767e-02 4.276554e-02
      vertex 7.249688e-02 -4.633228e-02 4.276554e-02
      vertex 7.384324e-02 -4.522736e-02 4.276554e-02
    endloop
  endfacet
  facet normal -0.000000e+00 0.000000e+00 1.000000e+00
    outer loop
      vertex 7.249688e-02 -4.633228e-02 4.276554e-02
      vertex 7.221965e-02 -4.685095e-02 4.276554e-02
      vertex 7.384324e-02 -4.522736e-02 4.276554e-02
    endloop
  endfacet
  facet normal 0.000000e+00 0.000000e+00 1.000000e+00
    outer loop
      vertex 7.221965e-02 -4.685095e-02 4.276554e-02
      vertex 7.204893e-02 -4.741372e-02 4.276554e-02
      vertex 7.221965e-02 -4.914704e-02 4.276554e-02
    endloop
  endfacet
  facet normal 0.000000e+00 0.000000e+00 1.000000e+00
    outer loop
      vertex 7.204893e-02 -4.741372e-02 4.276554e-02
      vertex 7.199129e-02 -4.799899e-02 4.276554e-02
      vertex 7.204893e-02 -4.858426e-02 4.276554e-02
    endloop
  endfacet
  facet normal 0.000000e+00 0.000000e+00 1.000000e+00
    outer loop
      vertex 7.221965e-02 -4.914704e-02 4.276554e-02
      vertex 7.204893e-02 -4.741372e-02 4.276554e-02
      vertex 7.204893e-02 -4.858426e-02 4.276554e-02
    endloop
  endfacet
  facet normal 0.000000e+00 0.000000e+00 9.999999e-01
    outer loop
      vertex 7.221965e-02 -4.914704e-02 4.276554e-02
      vertex 7.249688e-02 -4.966570e-02 4.276554e-02
      vertex 7.384324e-02 -5.077063e-02 4.276554e-02
    endloop
  endfacet
  facet normal 0.000000e+00 0.000000e+00 9.999999e-01
    outer loop
      vertex 7.249688e-02 -4.966570e-02 4.276554e-02
      vertex 7.286996e-02 -5.012031e-02 4.276554e-02
      vertex 7.384324e-02 -5.077063e-02 4.276554e-02
    endloop
  endfacet
  facet normal 0.000000e+00 0.000000e+00 1.000000e+00
    outer loop
      vertex 7.286996e-02 -5.012031e-02 4.276554e-02
      vertex 7.332458e-02 -5.049340e-02 4.276554e-02
      vertex 7.384324e-02 -5.077063e-02 4.276554e-02
    endloop
  endfacet
  facet normal 0.000000e+00 0.000000e+00 1.000000e+00
    outer loop
      vertex 7.384324e-02 -5.077063e-02 4.276554e-02
      vertex 7.440601e-02 -5.094135e-02 4.276554e-02
      vertex 7.499129e-02 -5.099899e-02 4.276554e-02
    endloop
  endfacet
  facet normal 0.000000e+00 0.000000e+00 1.000000e+00
    outer loop
      vertex 7.499129e-02 -5.099899e-02 4.276554e-02
      vertex 7.557656e-02 -5.094135e-02 4.276554e-02
      vertex 7.613934e-02 -5.077063e-02 4.276554e-02
    endloop
  endfacet
  facet normal 0.000000e+00 0.000000e+00 1.000000e+00
    outer loop
      vertex 7.613934e-02 -5.077063e-02 4.276554e-02
      vertex 7.665800e-02 -5.049340e-02 4.276554e-02
      vertex 7.711261e-02 -5.012031e-02 4.276554e-02
    endloop
  endfacet
  facet normal 0.000000e+00 -0.000000e+00 1.000000e+00
    outer loop
      vertex 7.711261e-02 -5.012031e-02 4.276554e-02
      vertex 7.748570e-02 -4.966570e-02 4.276554e-02
      vertex 7.613934e-02 -5.077063e-02 4.276554e-02
    endloop
  endfacet
  facet normal 0.000000e+00 -0.000000e+00 1.000000e+00
    outer loop
      vertex 7.748570e-02 -4.966570e-02 4.276554e-02
      vertex 7.776292e-02 -4.914704e-02 4.276554e-02
      vertex 7.613934e-02 -5.077063e-02 4.276554e-02
    endloop
  endfacet
  facet normal 0.000000e+00 0.000000e+00 1.000000e+00
    outer loop
      vertex 7.776292e-02 -4.914704e-02 4.276554e-02
      vertex 7.793364e-02 -4.858426e-02 4.276554e-02
      vertex 7.793364e-02 -4.741372e-02 4.276554e-02
    endloop
  endfacet
  facet normal 0.000000e+00 0.000000e+00 1.000000e+00
    outer loop
      vertex 7.793364e-02 -4.858426e-02 4.276554e-02
      vertex 7.799128e-02 -4.799899e-02 4.276554e-02
      vertex 7.793364e-02 -4.741372e-02 4.276554e-02
    endloop
  endfacet
  facet normal 0.000000e+00 0.000000e+00 1.000000e+00
    outer loop
      vertex 7.793364e-02 -4.741372e-02 4.276554e-02
      vertex 7.776292e-02 -4.685095e-02 4.276554e-02
      vertex 7.776292e-02 -4.914704e-02 4.276554e-02
    endloop
  endfacet
  facet normal 0.000000e+00 0.000000e+00 1.000000e+00
    outer loop
      vertex 7.776292e-02 -4.685095e-02 4.276554e-02
      vertex 7.748570e-02 -4.633228e-02 4.276554e-02
      vertex 7.613934e-02 -4.522736e-02 4.276554e-02
    endloop
  endfacet
  facet normal 0.000000e+00 0.000000e+00 1.000000e+00
    outer loop
      vertex 7.748570e-02 -4.633228e-02 4.276554e-02
      vertex 7.711261e-02 -4.587767e-02 4.276554e-02
      vertex 7.613934e-02 -4.522736e-02 4.276554e-02
    endloop
  endfacet
  facet normal 0.000000e+00 0.000000e+00 1.000000e+00
    outer loop
      vertex 7.711261e-02 -4.587767e-02 4.276554e-02
      vertex 7.665800e-02 -4.550458e-02 4.276554e-02
      vertex 7.613934e-02 -4.522736e-02 4.276554e-02
    endloop
  endfacet
  facet normal 0.000000e+00 0.000000e+00 1.000000e+00
    outer loop
      vertex 7.613934e-02 -4.522736e-02 4.276554e-02
      vertex 7.499129e-02 -4.499899e-02 4.276554e-02
      vertex 7.384324e-02 -4.522736e-02 4.276554e-02
    endloop
  endfacet
  facet normal -0.000000e+00 0.000000e+00 1.000000e+00
    outer loop
      vertex 7.384324e-02 -5.077063e-02 4.276554e-02
      vertex 7.499129e-02 -5.099899e-02 4.276554e-02
      vertex 7.613934e-02 -5.077063e-02 4.276554e-02
    endloop
  endfacet
  facet normal 0.000000e+00 0.000000e+00 1.000000e+00
    outer loop
      vertex 7.613934e-02 -4.522736e-02 4.276554e-02
      vertex 7.384324e-02 -4.522736e-02 4.276554e-02
      vertex 7.384324e-02 -5.077063e-02 4.276554e-02
    endloop
  endfacet
  facet normal 0.000000e+00 0.000000e+00 1.000000e+00
    outer loop
      vertex 7.384324e-02 -4.522736e-02 4.276554e-02
      vertex 7.221965e-02 -4.685095e-02 4.276554e-02
      vertex 7.384324e-02 -5.077063e-02 4.276554e-02
    endloop
  endfacet
  facet normal 0.000000e+00 0.000000e+00 1.000000e+00
    outer loop
      vertex 7.221965e-02 -4.685095e-02 4.276554e-02
      vertex 7.221965e-02 -4.914704e-02 4.276554e-02
      vertex 7.384324e-02 -5.077063e-02 4.276554e-02
    endloop
  endfacet
  facet normal 0.000000e+00 0.000000e+00 1.000000e+00
    outer loop
      vertex 7.384324e-02 -5.077063e-02 4.276554e-02
      vertex 7.613934e-02 -5.077063e-02 4.276554e-02
      vertex 7.613934e-02 -4.522736e-02 4.276554e-02
    endloop
  endfacet
  facet normal 0.000000e+00 0.000000e+00 1.000000e+00
    outer loop
      vertex 7.613934e-02 -5.077063e-02 4.276554e-02
      vertex 7.776292e-02 -4.914704e-02 4.276554e-02
      vertex 7.613934e-02 -4.522736e-02 4.276554e-02
    endloop
  endfacet
  facet normal -2.902906e-01 9.569386e-01 0.000000e+00
    outer loop
      vertex 7.384324e-02 -4.522736e-02 4.276554e-02
      vertex 7.440601e-02 -4.505664e-02 4.276554e-02
      vertex 7.440601e-02 -4.505664e-02 -2.234470e-03
    endloop
  endfacet
  facet normal -9.801847e-02 9.951846e-01 0.000000e+00
    outer loop
      vertex 7.440601e-02 -4.505664e-02 4.276554e-02
      vertex 7.499129e-02 -4.499899e-02 4.276554e-02
      vertex 7.499129e-02 -4.499899e-02 -2.234470e-03
    endloop
  endfacet
  facet normal 0.000000e+00 0.000000e+00 -1.000000e+00
    outer loop
      vertex 7.440601e-02 -4.505664e-02 -2.234470e-03
      vertex 7.499129e-02 -4.499899e-02 -2.234470e-03
      vertex 7.557656e-02 -4.505664e-02 -2.234470e-03
    endloop
  endfacet
  facet normal -0.000000e+00 -0.000000e+00 -1.000000e+00
    outer loop
      vertex 7.557656e-02 -4.505664e-02 -2.234470e-03
      vertex 7.613934e-02 -4.522736e-02 -2.234470e-03
      vertex 7.440601e-02 -4.505664e-02 -2.234470e-03
    endloop
  endfacet
  facet normal -0.000000e+00 -0.000000e+00 -1.000000e+00
    outer loop
      vertex 7.613934e-02 -4.522736e-02 -2.234470e-03
      vertex 7.665800e-02 -4.550458e-02 -2.234470e-03
      vertex 7.440601e-02 -4.505664e-02 -2.234470e-03
    endloop
  endfacet
  facet normal 0.000000e+00 0.000000e+00 -1.000000e+00
    outer loop
      vertex 7.665800e-02 -4.550458e-02 -2.234470e-03
      vertex 7.711261e-02 -4.587767e-02 -2.234470e-03
      vertex 7.748570e-02 -4.633228e-02 -2.234470e-03
    endloop
  endfacet
  facet normal 0.000000e+00 0.000000e+00 -1.000000e+00
    outer loop
      vertex 7.748570e-02 -4.633228e-02 -2.234470e-03
      vertex 7.776292e-02 -4.685095e-02 -2.234470e-03
      vertex 7.793364e-02 -4.741372e-02 -2.234470e-03
    endloop
  endfacet
  facet normal 0.000000e+00 0.000000e+00 -1.000000e+00
    outer loop
      vertex 7.793364e-02 -4.741372e-02 -2.234470e-03
      vertex 7.799128e-02 -4.799899e-02 -2.234470e-03
      vertex 7.793364e-02 -4.858426e-02 -2.234470e-03
    endloop
  endfacet
  facet normal 0.000000e+00 0.000000e+00 -1.000000e+00
    outer loop
      vertex 7.793364e-02 -4.858426e-02 -2.234470e-03
      vertex 7.776292e-02 -4.914704e-02 -2.234470e-03
      vertex 7.748570e-02 -4.966570e-02 -2.234470e-03
    endloop
  endfacet
  facet normal 0.000000e+00 0.000000e+00 -1.000000e+00
    outer loop
      vertex 7.748570e-02 -4.966570e-02 -2.234470e-03
      vertex 7.711261e-02 -5.012031e-02 -2.234470e-03
      vertex 7.665800e-02 -5.049340e-02 -2.234470e-03
    endloop
  endfacet
  facet normal -0.000000e+00 0.000000e+00 -1.000000e+00
    outer loop
      vertex 7.665800e-02 -5.049340e-02 -2.234470e-03
      vertex 7.613934e-02 -5.077063e-02 -2.234470e-03
      vertex 7.748570e-02 -4.966570e-02 -2.234470e-03
    endloop
  endfacet
  facet normal -0.000000e+00 0.000000e+00 -1.000000e+00
    outer loop
      vertex 7.613934e-02 -5.077063e-02 -2.234470e-03
      vertex 7.557656e-02 -5.094135e-02 -2.234470e-03
      vertex 7.748570e-02 -4.966570e-02 -2.234470e-03
    endloop
  endfacet
  facet normal -0.000000e+00 0.000000e+00 -1.000000e+00
    outer loop
      vertex 7.557656e-02 -5.094135e-02 -2.234470e-03
      vertex 7.499129e-02 -5.099899e-02 -2.234470e-03
      vertex 7.440601e-02 -5.094135e-02 -2.234470e-03
    endloop
  endfacet
  facet normal 0.000000e+00 0.000000e+00 -1.000000e+00
    outer loop
      vertex 7.440601e-02 -5.094135e-02 -2.234470e-03
      vertex 7.384324e-02 -5.077063e-02 -2.234470e-03
      vertex 7.557656e-02 -5.094135e-02 -2.234470e-03
    endloop
  endfacet
  facet normal 0.000000e+00 0.000000e+00 -1.000000e+00
    outer loop
      vertex 7.384324e-02 -5.077063e-02 -2.234470e-03
      vertex 7.332458e-02 -5.049340e-02 -2.234470e-03
      vertex 7.557656e-02 -5.094135e-02 -2.234470e-03
    endloop
  endfacet
  facet normal 0.000000e+00 0.000000e+00 -1.000000e+00
    outer loop
      vertex 7.332458e-02 -5.049340e-02 -2.234470e-03
      vertex 7.286996e-02 -5.012031e-02 -2.234470e-03
      vertex 7.249688e-02 -4.966570e-02 -2.234470e-03
    endloop
  endfacet
  facet normal 0.000000e+00 0.000000e+00 -1.000000e+00
    outer loop
      vertex 7.249688e-02 -4.966570e-02 -2.234470e-03
      vertex 7.221965e-02 -4.914704e-02 -2.234470e-03
      vertex 7.204893e-02 -4.858426e-02 -2.234470e-03
    endloop
  endfacet
  facet normal 0.000000e+00 0.000000e+00 -1.000000e+00
    outer loop
      vertex 7.204893e-02 -4.858426e-02 -2.234470e-03
      vertex 7.199129e-02 -4.799899e-02 -2.234470e-03
      vertex 7.204893e-02 -4.741372e-02 -2.234470e-03
    endloop
  endfacet
  facet normal 0.000000e+00 0.000000e+00 -1.000000e+00
    outer loop
      vertex 7.204893e-02 -4.741372e-02 -2.234470e-03
      vertex 7.221965e-02 -4.685095e-02 -2.234470e-03
      vertex 7.249688e-02 -4.633228e-02 -2.234470e-03
    endloop
  endfacet
  facet normal 0.000000e+00 0.000000e+00 -1.000000e+00
    outer loop
      vertex 7.249688e-02 -4.633228e-02 -2.234470e-03
      vertex 7.286996e-02 -4.587767e-02 -2.234470e-03
      vertex 7.332458e-02 -4.550458e-02 -2.234470e-03
    endloop
  endfacet
  facet normal 0.000000e+00 -0.000000e+00 -1.000000e+00
    outer loop
      vertex 7.332458e-02 -4.550458e-02 -2.234470e-03
      vertex 7.384324e-02 -4.522736e-02 -2.234470e-03
      vertex 7.249688e-02 -4.633228e-02 -2.234470e-03
    endloop
  endfacet
  facet normal 0.000000e+00 -0.000000e+00 -9.999999e-01
    outer loop
      vertex 7.384324e-02 -4.522736e-02 -2.234470e-03
      vertex 7.440601e-02 -4.505664e-02 -2.234470e-03
      vertex 7.249688e-02 -4.633228e-02 -2.234470e-03
    endloop
  endfacet
  facet normal 0.000000e+00 0.000000e+00 -1.000000e+00
    outer loop
      vertex 7.665800e-02 -4.550458e-02 -2.234470e-03
      vertex 7.748570e-02 -4.633228e-02 -2.234470e-03
      vertex 7.793364e-02 -4.741372e-02 -2.234470e-03
    endloop
  endfacet
  facet normal 0.000000e+00 -0.000000e+00 -1.000000e+00
    outer loop
      vertex 7.793364e-02 -4.741372e-02 -2.234470e-03
      vertex 7.793364e-02 -4.858426e-02 -2.234470e-03
      vertex 7.557656e-02 -5.094135e-02 -2.234470e-03
    endloop
  endfacet
  facet normal 0.000000e+00 0.000000e+00 -1.000000e+00
    outer loop
      vertex 7.793364e-02 -4.858426e-02 -2.234470e-03
      vertex 7.748570e-02 -4.966570e-02 -2.234470e-03
      vertex 7.557656e-02 -5.094135e-02 -2.234470e-03
    endloop
  endfacet
  facet normal 0.000000e+00 0.000000e+00 -1.000000e+00
    outer loop
      vertex 7.332458e-02 -5.049340e-02 -2.234470e-03
      vertex 7.249688e-02 -4.966570e-02 -2.234470e-03
      vertex 7.204893e-02 -4.858426e-02 -2.234470e-03
    endloop
  endfacet
  facet normal 0.000000e+00 0.000000e+00 -1.000000e+00
    outer loop
      vertex 7.204893e-02 -4.858426e-02 -2.234470e-03
      vertex 7.204893e-02 -4.741372e-02 -2.234470e-03
      vertex 7.440601e-02 -4.505664e-02 -2.234470e-03
    endloop
  endfacet
  facet normal 0.000000e+00 0.000000e+00 -1.000000e+00
    outer loop
      vertex 7.204893e-02 -4.741372e-02 -2.234470e-03
      vertex 7.249688e-02 -4.633228e-02 -2.234470e-03
      vertex 7.440601e-02 -4.505664e-02 -2.234470e-03
    endloop
  endfacet
  facet normal 0.000000e+00 0.000000e+00 -1.000000e+00
    outer loop
      vertex 7.440601e-02 -4.505664e-02 -2.234470e-03
      vertex 7.665800e-02 -4.550458e-02 -2.234470e-03
      vertex 7.793364e-02 -4.741372e-02 -2.234470e-03
    endloop
  endfacet
  facet normal 0.000000e+00 0.000000e+00 -1.000000e+00
    outer loop
      vertex 7.557656e-02 -5.094135e-02 -2.234470e-03
      vertex 7.332458e-02 -5.049340e-02 -2.234470e-03
      vertex 7.204893e-02 -4.858426e-02 -2.234470e-03
    endloop
  endfacet
  facet normal 0.000000e+00 -0.000000e+00 -1.000000e+00
    outer loop
      vertex 7.440601e-02 -4.505664e-02 -2.234470e-03
      vertex 7.793364e-02 -4.741372e-02 -2.234470e-03
      vertex 7.204893e-02 -4.858426e-02 -2.234470e-03
    endloop
  endfacet
  facet normal 9.801847e-02 9.951846e-01 0.000000e+00
    outer loop
      vertex -7.500872e-02 5.100101e-02 4.276554e-02
      vertex -7.442345e-02 5.094337e-02 -2.234470e-03
      vertex -7.500872e-02 5.100101e-02 -2.234470e-03
    endloop
  endfacet
  facet normal 2.902906e-01 9.569386e-01 0.000000e+00
    outer loop
      vertex -7.442345e-02 5.094337e-02 4.276554e-02
      vertex -7.386068e-02 5.077265e-02 -2.234470e-03
      vertex -7.442345e-02 5.094337e-02 -2.234470e-03
    endloop
  endfacet
  facet normal 4.713922e-01 8.819237e-01 0.000000e+00
    outer loop
      vertex -7.386068e-02 5.077265e-02 4.276554e-02
      vertex -7.334201e-02 5.049542e-02 -2.234470e-03
      vertex -7.386068e-02 5.077265e-02 -2.234470e-03
    endloop
  endfacet
  facet normal 6.343905e-01 7.730127e-01 0.000000e+00
    outer loop
      vertex -7.334201e-02 5.049542e-02 4.276554e-02
      vertex -7.288740e-02 5.012233e-02 -2.234470e-03
      vertex -7.334201e-02 5.049542e-02 -2.234470e-03
    endloop
  endfacet
  facet normal 7.730101e-01 6.343936e-01 0.000000e+00
    outer loop
      vertex -7.288740e-02 5.012233e-02 4.276554e-02
      vertex -7.251431e-02 4.966772e-02 -2.234470e-03
      vertex -7.288740e-02 5.012233e-02 -2.234470e-03
    endloop
  endfacet
  facet normal 8.819237e-01 4.713922e-01 0.000000e+00
    outer loop
      vertex -7.251431e-02 4.966772e-02 4.276554e-02
      vertex -7.223708e-02 4.914906e-02 -2.234470e-03
      vertex -7.251431e-02 4.966772e-02 -2.234470e-03
    endloop
  endfacet
  facet normal 9.569408e-01 2.902830e-01 0.000000e+00
    outer loop
      vertex -7.223708e-02 4.914906e-02 4.276554e-02
      vertex -7.206637e-02 4.858628e-02 -2.234470e-03
      vertex -7.223708e-02 4.914906e-02 -2.234470e-03
    endloop
  endfacet
  facet normal 9.951846e-01 9.801847e-02 0.000000e+00
    outer loop
      vertex -7.206637e-02 4.858628e-02 4.276554e-02
      vertex -7.200872e-02 4.800101e-02 -2.234470e-03
      vertex -7.206637e-02 4.858628e-02 -2.234470e-03
    endloop
  endfacet
  facet normal 9.951846e-01 -9.801909e-02 0.000000e+00
    outer loop
      vertex -7.200872e-02 4.800101e-02 4.276554e-02
      vertex -7.206637e-02 4.741574e-02 -2.234470e-03
      vertex -7.200872e-02 4.800101e-02 -2.234470e-03
    endloop
  endfacet
  facet normal 9.569408e-01 -2.902830e-01 0.000000e+00
    outer loop
      vertex -7.206637e-02 4.741574e-02 4.276554e-02
      vertex -7.223708e-02 4.685296e-02 -2.234470e-03
      vertex -7.206637e-02 4.741574e-02 -2.234470e-03
    endloop
  endfacet
  facet normal 8.819237e-01 -4.713922e-01 0.000000e+00
    outer loop
      vertex -7.223708e-02 4.685296e-02 4.276554e-02
      vertex -7.251431e-02 4.633430e-02 -2.234470e-03
      vertex -7.223708e-02 4.685296e-02 -2.234470e-03
    endloop
  endfacet
  facet normal 7.730101e-01 -6.343936e-01 0.000000e+00
    outer loop
      vertex -7.251431e-02 4.633430e-02 4.276554e-02
      vertex -7.288740e-02 4.587969e-02 -2.234470e-03
      vertex -7.251431e-02 4.633430e-02 -2.234470e-03
    endloop
  endfacet
  facet normal 6.343905e-01 -7.730127e-01 0.000000e+00
    outer loop
      vertex -7.288740e-02 4.587969e-02 4.276554e-02
      vertex -7.334201e-02 4.550660e-02 -2.234470e-03
      vertex -7.288740e-02 4.587969e-02 -2.234470e-03
    endloop
  endfacet
  facet normal 4.713922e-01 -8.819237e-01 0.000000e+00
    outer loop
      vertex -7.334201e-02 4.550660e-02 4.276554e-02
      vertex -7.386068e-02 4.522938e-02 -2.234470e-03
      vertex -7.334201e-02 4.550660e-02 -2.234470e-03
    endloop
  endfacet
  facet normal 2.902906e-01 -9.569386e-01 0.000000e+00
    outer loop
      vertex -7.386068e-02 4.522938e-02 4.276554e-02
      vertex -7.442345e-02 4.505866e-02 -2.234470e-03
      vertex -7.386068e-02 4.522938e-02 -2.234470e-03
    endloop
  endfacet
  facet normal 9.801847e-02 -9.951846e-01 0.000000e+00
    outer loop
      vertex -7.442345e-02 4.505866e-02 4.276554e-02
      vertex -7.500872e-02 4.500101e-02 -2.234470e-03
      vertex -7.442345e-02 4.505866e-02 -2.234470e-03
    endloop
  endfacet
  facet normal -9.801847e-02 -9.951846e-01 -0.000000e+00
    outer loop
      vertex -7.500872e-02 4.500101e-02 4.276554e-02
      vertex -7.559399e-02 4.505866e-02 -2.234470e-03
      vertex -7.500872e-02 4.500101e-02 -2.234470e-03
    endloop
  endfacet
  facet normal -2.902871e-01 -9.569396e-01 -0.000000e+00
    outer loop
      vertex -7.559399e-02 4.505866e-02 4.276554e-02
      vertex -7.615677e-02 4.522938e-02 -2.234470e-03
      vertex -7.559399e-02 4.505866e-02 -2.234470e-03
    endloop
  endfacet
  facet normal -4.713975e-01 -8.819209e-01 -0.000000e+00
    outer loop
      vertex -7.615677e-02 4.522938e-02 4.276554e-02
      vertex -7.667543e-02 4.550660e-02 -2.234470e-03
      vertex -7.615677e-02 4.522938e-02 -2.234470e-03
    endloop
  endfacet
  facet normal -6.343905e-01 -7.730127e-01 -0.000000e+00
    outer loop
      vertex -7.667543e-02 4.550660e-02 4.276554e-02
      vertex -7.713004e-02 4.587969e-02 -2.234470e-03
      vertex -7.667543e-02 4.550660e-02 -2.234470e-03
    endloop
  endfacet
  facet normal -7.730101e-01 -6.343936e-01 -0.000000e+00
    outer loop
      vertex -7.713004e-02 4.587969e-02 4.276554e-02
      vertex -7.750313e-02 4.633430e-02 -2.234470e-03
      vertex -7.713004e-02 4.587969e-02 -2.234470e-03
    endloop
  endfacet
  facet normal -8.819237e-01 -4.713922e-01 -0.000000e+00
    outer loop
      vertex -7.750313e-02 4.633430e-02 4.276554e-02
      vertex -7.778036e-02 4.685296e-02 -2.234470e-03
      vertex -7.750313e-02 4.633430e-02 -2.234470e-03
    endloop
  endfacet
  facet normal -9.569408e-01 -2.902830e-01 -0.000000e+00
    outer loop
      vertex -7.778036e-02 4.685296e-02 4.276554e-02
      vertex -7.795107e-02 4.741574e-02 -2.234470e-03
      vertex -7.778036e-02 4.685296e-02 -2.234470e-03
    endloop
  endfacet
  facet normal -9.951846e-01 -9.801909e-02 -0.000000e+00
    outer loop
      vertex -7.795107e-02 4.741574e-02 4.276554e-02
      vertex -7.800872e-02 4.800101e-02 -2.234470e-03
      vertex -7.795107e-02 4.741574e-02 -2.234470e-03
    endloop
  endfacet
  facet normal -9.951846e-01 9.801847e-02 0.000000e+00
    outer loop
      vertex -7.800872e-02 4.800101e-02 4.276554e-02
      vertex -7.795107e-02 4.858628e-02 -2.234470e-03
      vertex -7.800872e-02 4.800101e-02 -2.234470e-03
    endloop
  endfacet
  facet normal -9.569408e-01 2.902830e-01 0.000000e+00
    outer loop
      vertex -7.795107e-02 4.858628e-02 4.276554e-02
      vertex -7.778036e-02 4.914906e-02 -2.234470e-03
      vertex -7.795107e-02 4.858628e-02 -2.234470e-03
    endloop
  endfacet
  facet normal -8.819237e-01 4.713922e-01 0.000000e+00
    outer loop
      vertex -7.778036e-02 4.914906e-02 4.276554e-02
      vertex -7.750313e-02 4.966772e-02 -2.234470e-03
      vertex -7.778036e-02 4.914906e-02 -2.234470e-03
    endloop
  endfacet
  facet normal -7.730101e-01 6.343936e-01 0.000000e+00
    outer loop
      vertex -7.750313e-02 4.966772e-02 4.276554e-02
      vertex -7.713004e-02 5.012233e-02 -2.234470e-03
      vertex -7.750313e-02 4.966772e-02 -2.234470e-03
    endloop
  endfacet
  facet normal -6.343905e-01 7.730127e-01 0.000000e+00
    outer loop
      vertex -7.713004e-02 5.012233e-02 4.276554e-02
      vertex -7.667543e-02 5.049542e-02 -2.234470e-03
      vertex -7.713004e-02 5.012233e-02 -2.234470e-03
    endloop
  endfacet
  facet normal -4.713975e-01 8.819209e-01 0.000000e+00
    outer loop
      vertex -7.667543e-02 5.049542e-02 4.276554e-02
      vertex -7.615677e-02 5.077265e-02 -2.234470e-03
      vertex -7.667543e-02 5.049542e-02 -2.234470e-03
    endloop
  endfacet
  facet normal 0.000000e+00 -0.000000e+00 1.000000e+00
    outer loop
      vertex -7.223708e-02 4.685296e-02 4.276554e-02
      vertex -7.223708e-02 4.914906e-02 4.276554e-02
      vertex -7.386068e-02 5.077265e-02 4.276554e-02
    endloop
  endfacet
  facet normal -2.902871e-01 9.569396e-01 0.000000e+00
    outer loop
      vertex -7.615677e-02 5.077265e-02 4.276554e-02
      vertex -7.559399e-02 5.094337e-02 -2.234470e-03
      vertex -7.615677e-02 5.077265e-02 -2.234470e-03
    endloop
  endfacet
  facet normal -9.801847e-02 9.951846e-01 0.000000e+00
    outer loop
      vertex -7.559399e-02 5.094337e-02 4.276554e-02
      vertex -7.500872e-02 5.100101e-02 -2.234470e-03
      vertex -7.559399e-02 5.094337e-02 -2.234470e-03
    endloop
  endfacet
  facet normal 0.000000e+00 0.000000e+00 -1.000000e+00
    outer loop
      vertex -7.206637e-02 4.858628e-02 -2.234470e-03
      vertex -7.442345e-02 4.505866e-02 -2.234470e-03
      vertex -7.795107e-02 4.741574e-02 -2.234470e-03
    endloop
  endfacet
  facet normal 9.801847e-02 9.951846e-01 0.000000e+00
    outer loop
      vertex -7.500872e-02 5.100101e-02 4.276554e-02
      vertex -7.442345e-02 5.094337e-02 4.276554e-02
      vertex -7.442345e-02 5.094337e-02 -2.234470e-03
    endloop
  endfacet
  facet normal 2.902906e-01 9.569386e-01 0.000000e+00
    outer loop
      vertex -7.442345e-02 5.094337e-02 4.276554e-02
      vertex -7.386068e-02 5.077265e-02 4.276554e-02
      vertex -7.386068e-02 5.077265e-02 -2.234470e-03
    endloop
  endfacet
  facet normal 4.713922e-01 8.819237e-01 0.000000e+00
    outer loop
      vertex -7.386068e-02 5.077265e-02 4.276554e-02
      vertex -7.334201e-02 5.049542e-02 4.276554e-02
      vertex -7.334201e-02 5.049542e-02 -2.234470e-03
    endloop
  endfacet
  facet normal 6.343905e-01 7.730127e-01 0.000000e+00
    outer loop
      vertex -7.334201e-02 5.049542e-02 4.276554e-02
      vertex -7.288740e-02 5.012233e-02 4.276554e-02
      vertex -7.288740e-02 5.012233e-02 -2.234470e-03
    endloop
  endfacet
  facet normal 7.730101e-01 6.343936e-01 0.000000e+00
    outer loop
      vertex -7.288740e-02 5.012233e-02 4.276554e-02
      vertex -7.251431e-02 4.966772e-02 4.276554e-02
      vertex -7.251431e-02 4.966772e-02 -2.234470e-03
    endloop
  endfacet
  facet normal 8.819237e-01 4.713922e-01 0.000000e+00
    outer loop
      vertex -7.251431e-02 4.966772e-02 4.276554e-02
      vertex -7.223708e-02 4.914906e-02 4.276554e-02
      vertex -7.223708e-02 4.914906e-02 -2.234470e-03
    endloop
  endfacet
  facet normal 9.569408e-01 2.902830e-01 0.000000e+00
    outer loop
      vertex -7.223708e-02 4.914906e-02 4.276554e-02
      vertex -7.206637e-02 4.858628e-02 4.276554e-02
      vertex -7.206637e-02 4.858628e-02 -2.234470e-03
    endloop
  endfacet
  facet normal 9.951846e-01 9.801847e-02 0.000000e+00
    outer loop
      vertex -7.206637e-02 4.858628e-02 4.276554e-02
      vertex -7.200872e-02 4.800101e-02 4.276554e-02
      vertex -7.200872e-02 4.800101e-02 -2.234470e-03
    endloop
  endfacet
  facet normal 9.951846e-01 -9.801909e-02 0.000000e+00
    outer loop
      vertex -7.200872e-02 4.800101e-02 4.276554e-02
      vertex -7.206637e-02 4.741574e-02 4.276554e-02
      vertex -7.206637e-02 4.741574e-02 -2.234470e-03
    endloop
  endfacet
  facet normal 9.569408e-01 -2.902830e-01 0.000000e+00
    outer loop
      vertex -7.206637e-02 4.741574e-02 4.276554e-02
      vertex -7.223708e-02 4.685296e-02 4.276554e-02
      vertex -7.223708e-02 4.685296e-02 -2.234470e-03
    endloop
  endfacet
  facet normal 8.819237e-01 -4.713922e-01 0.000000e+00
    outer loop
      vertex -7.223708e-02 4.685296e-02 4.276554e-02
      vertex -7.251431e-02 4.633430e-02 4.276554e-02
      vertex -7.251431e-02 4.633430e-02 -2.234470e-03
    endloop
  endfacet
  facet normal 7.730101e-01 -6.343936e-01 0.000000e+00
    outer loop
      vertex -7.251431e-02 4.633430e-02 4.276554e-02
      vertex -7.288740e-02 4.587969e-02 4.276554e-02
      vertex -7.288740e-02 4.587969e-02 -2.234470e-03
    endloop
  endfacet
  facet normal 6.343905e-01 -7.730127e-01 0.000000e+00
    outer loop
      vertex -7.288740e-02 4.587969e-02 4.276554e-02
      vertex -7.334201e-02 4.550660e-02 4.276554e-02
      vertex -7.334201e-02 4.550660e-02 -2.234470e-03
    endloop
  endfacet
  facet normal 4.713922e-01 -8.819237e-01 0.000000e+00
    outer loop
      vertex -7.334201e-02 4.550660e-02 4.276554e-02
      vertex -7.386068e-02 4.522938e-02 4.276554e-02
      vertex -7.386068e-02 4.522938e-02 -2.234470e-03
    endloop
  endfacet
  facet normal 2.902906e-01 -9.569386e-01 0.000000e+00
    outer loop
      vertex -7.386068e-02 4.522938e-02 4.276554e-02
      vertex -7.442345e-02 4.505866e-02 4.276554e-02
      vertex -7.442345e-02 4.505866e-02 -2.234470e-03
    endloop
  endfacet
  facet normal 9.801847e-02 -9.951846e-01 0.000000e+00
    outer loop
      vertex -7.442345e-02 4.505866e-02 4.276554e-02
      vertex -7.500872e-02 4.500101e-02 4.276554e-02
      vertex -7.500872e-02 4.500101e-02 -2.234470e-03
    endloop
  endfacet
  facet normal -9.801847e-02 -9.951846e-01 0.000000e+00
    outer loop
      vertex -7.500872e-02 4.500101e-02 4.276554e-02
      vertex -7.559399e-02 4.505866e-02 4.276554e-02
      vertex -7.559399e-02 4.505866e-02 -2.234470e-03
    endloop
  endfacet
  facet normal -2.902871e-01 -9.569396e-01 0.000000e+00
    outer loop
      vertex -7.559399e-02 4.505866e-02 4.276554e-02
      vertex -7.615677e-02 4.522938e-02 4.276554e-02
      vertex -7.615677e-02 4.522938e-02 -2.234470e-03
    endloop
  endfacet
  facet normal -4.713975e-01 -8.819209e-01 0.000000e+00
    outer loop
      vertex -7.615677e-02 4.522938e-02 4.276554e-02
      vertex -7.667543e-02 4.550660e-02 4.276554e-02
      vertex -7.667543e-02 4.550660e-02 -2.234470e-03
    endloop
  endfacet
  facet normal -6.343905e-01 -7.730127e-01 0.000000e+00
    outer loop
      vertex -7.667543e-02 4.550660e-02 4.276554e-02
      vertex -7.713004e-02 4.587969e-02 4.276554e-02
      vertex -7.713004e-02 4.587969e-02 -2.234470e-03
    endloop
  endfacet
  facet normal -7.730101e-01 -6.343936e-01 0.000000e+00
    outer loop
      vertex -7.713004e-02 4.587969e-02 4.276554e-02
      vertex -7.750313e-02 4.633430e-02 4.276554e-02
      vertex -7.750313e-02 4.633430e-02 -2.234470e-03
    endloop
  endfacet
  facet normal -8.819237e-01 -4.713922e-01 0.000000e+00
    outer loop
      vertex -7.750313e-02 4.633430e-02 4.276554e-02
      vertex -7.778036e-02 4.685296e-02 4.276554e-02
      vertex -7.778036e-02 4.685296e-02 -2.234470e-03
    endloop
  endfacet
  facet normal -9.569408e-01 -2.902830e-01 0.000000e+00
    outer loop
      vertex -7.778036e-02 4.685296e-02 4.276554e-02
      vertex -7.795107e-02 4.741574e-02 4.276554e-02
      vertex -7.795107e-02 4.741574e-02 -2.234470e-03
    endloop
  endfacet
  facet normal -9.951846e-01 -9.801909e-02 0.000000e+00
    outer loop
      vertex -7.795107e-02 4.741574e-02 4.276554e-02
      vertex -7.800872e-02 4.800101e-02 4.276554e-02
      vertex -7.800872e-02 4.800101e-02 -2.234470e-03
    endloop
  endfacet
  facet normal -9.951846e-01 9.801847e-02 0.000000e+00
    outer loop
      vertex -7.800872e-02 4.800101e-02 4.276554e-02
      vertex -7.795107e-02 4.858628e-02 4.276554e-02
      vertex -7.795107e-02 4.858628e-02 -2.234470e-03
    endloop
  endfacet
  facet normal -9.569408e-01 2.902830e-01 0.000000e+00
    outer loop
      vertex -7.795107e-02 4.858628e-02 4.276554e-02
      vertex -7.778036e-02 4.914906e-02 4.276554e-02
      vertex -7.778036e-02 4.914906e-02 -2.234470e-03
    endloop
  endfacet
  facet normal -8.819237e-01 4.713922e-01 0.000000e+00
    outer loop
      vertex -7.778036e-02 4.914906e-02 4.276554e-02
      vertex -7.750313e-02 4.966772e-02 4.276554e-02
      vertex -7.750313e-02 4.966772e-02 -2.234470e-03
    endloop
  endfacet
  facet normal -7.730101e-01 6.343936e-01 0.000000e+00
    outer loop
      vertex -7.750313e-02 4.966772e-02 4.276554e-02
      vertex -7.713004e-02 5.012233e-02 4.276554e-02
      vertex -7.713004e-02 5.012233e-02 -2.234470e-03
    endloop
  endfacet
  facet normal -6.343905e-01 7.730127e-01 0.000000e+00
    outer loop
      vertex -7.713004e-02 5.012233e-02 4.276554e-02
      vertex -7.667543e-02 5.049542e-02 4.276554e-02
      vertex -7.667543e-02 5.049542e-02 -2.234470e-03
    endloop
  endfacet
  facet normal -4.713975e-01 8.819209e-01 0.000000e+00
    outer loop
      vertex -7.667543e-02 5.049542e-02 4.276554e-02
      vertex -7.615677e-02 5.077265e-02 4.276554e-02
      vertex -7.615677e-02 5.077265e-02 -2.234470e-03
    endloop
  endfacet
  facet normal 0.000000e+00 0.000000e+00 1.000000e+00
    outer loop
      vertex -7.386068e-02 5.077265e-02 4.276554e-02
      vertex -7.442345e-02 5.094337e-02 4.276554e-02
      vertex -7.500872e-02 5.100101e-02 4.276554e-02
    endloop
  endfacet
  facet normal 0.000000e+00 0.000000e+00 1.000000e+00
    outer loop
      vertex -7.500872e-02 5.100101e-02 4.276554e-02
      vertex -7.559399e-02 5.094337e-02 4.276554e-02
      vertex -7.615677e-02 5.077265e-02 4.276554e-02
    endloop
  endfacet
  facet normal 0.000000e+00 0.000000e+00 1.000000e+00
    outer loop
      vertex -7.615677e-02 5.077265e-02 4.276554e-02
      vertex -7.667543e-02 5.049542e-02 4.276554e-02
      vertex -7.713004e-02 5.012233e-02 4.276554e-02
    endloop
  endfacet
  facet normal -0.000000e+00 0.000000e+00 1.000000e+00
    outer loop
      vertex -7.713004e-02 5.012233e-02 4.276554e-02
      vertex -7.750313e-02 4.966772e-02 4.276554e-02
      vertex -7.615677e-02 5.077265e-02 4.276554e-02
    endloop
  endfacet
  facet normal -0.000000e+00 0.000000e+00 1.000000e+00
    outer loop
      vertex -7.750313e-02 4.966772e-02 4.276554e-02
      vertex -7.778036e-02 4.914906e-02 4.276554e-02
      vertex -7.615677e-02 5.077265e-02 4.276554e-02
    endloop
  endfacet
  facet normal 0.000000e+00 0.000000e+00 1.000000e+00
    outer loop
      vertex -7.778036e-02 4.914906e-02 4.276554e-02
      vertex -7.795107e-02 4.858628e-02 4.276554e-02
      vertex -7.778036e-02 4.685296e-02 4.276554e-02
    endloop
  endfacet
  facet normal 0.000000e+00 0.000000e+00 1.000000e+00
    outer loop
      vertex -7.795107e-02 4.858628e-02 4.276554e-02
      vertex -7.800872e-02 4.800101e-02 4.276554e-02
      vertex -7.795107e-02 4.741574e-02 4.276554e-02
    endloop
  endfacet
  facet normal 0.000000e+00 0.000000e+00 1.000000e+00
    outer loop
      vertex -7.778036e-02 4.685296e-02 4.276554e-02
      vertex -7.795107e-02 4.858628e-02 4.276554e-02
      vertex -7.795107e-02 4.741574e-02 4.276554e-02
    endloop
  endfacet
  facet normal 0.000000e+00 0.000000e+00 1.000000e+00
    outer loop
      vertex -7.778036e-02 4.685296e-02 4.276554e-02
      vertex -7.750313e-02 4.633430e-02 4.276554e-02
      vertex -7.615677e-02 4.522938e-02 4.276554e-02
    endloop
  endfacet
  facet normal 0.000000e+00 0.000000e+00 1.000000e+00
    outer loop
      vertex -7.750313e-02 4.633430e-02 4.276554e-02
      vertex -7.713004e-02 4.587969e-02 4.276554e-02
      vertex -7.615677e-02 4.522938e-02 4.276554e-02
    endloop
  endfacet
  facet normal 0.000000e+00 0.000000e+00 1.000000e+00
    outer loop
      vertex -7.713004e-02 4.587969e-02 4.276554e-02
      vertex -7.667543e-02 4.550660e-02 4.276554e-02
      vertex -7.615677e-02 4.522938e-02 4.276554e-02
    endloop
  endfacet
  facet normal 0.000000e+00 0.000000e+00 1.000000e+00
    outer loop
      vertex -7.615677e-02 4.522938e-02 4.276554e-02
      vertex -7.559399e-02 4.505866e-02 4.276554e-02
      vertex -7.500872e-02 4.500101e-02 4.276554e-02
    endloop
  endfacet
  facet normal 0.000000e+00 0.000000e+00 1.000000e+00
    outer loop
      vertex -7.500872e-02 4.500101e-02 4.276554e-02
      vertex -7.442345e-02 4.505866e-02 4.276554e-02
      vertex -7.386068e-02 4.522938e-02 4.276554e-02
    endloop
  endfacet
  facet normal 0.000000e+00 0.000000e+00 9.999999e-01
    outer loop
      vertex -7.386068e-02 4.522938e-02 4.276554e-02
      vertex -7.334201e-02 4.550660e-02 4.276554e-02
      vertex -7.288740e-02 4.587969e-02 4.276554e-02
    endloop
  endfacet
  facet normal 0.000000e+00 -0.000000e+00 1.000000e+00
    outer loop
      vertex -7.288740e-02 4.587969e-02 4.276554e-02
      vertex -7.251431e-02 4.633430e-02 4.276554e-02
      vertex -7.386068e-02 4.522938e-02 4.276554e-02
    endloop
  endfacet
  facet normal 0.000000e+00 -0.000000e+00 1.000000e+00
    outer loop
      vertex -7.251431e-02 4.633430e-02 4.276554e-02
      vertex -7.223708e-02 4.685296e-02 4.276554e-02
      vertex -7.386068e-02 4.522938e-02 4.276554e-02
    endloop
  endfacet
  facet normal 0.000000e+00 0.000000e+00 1.000000e+00
    outer loop
      vertex -7.223708e-02 4.685296e-02 4.276554e-02
      vertex -7.206637e-02 4.741574e-02 4.276554e-02
      vertex -7.206637e-02 4.858628e-02 4.276554e-02
    endloop
  endfacet
  facet normal 0.000000e+00 0.000000e+00 1.000000e+00
    outer loop
      vertex -7.206637e-02 4.741574e-02 4.276554e-02
      vertex -7.200872e-02 4.800101e-02 4.276554e-02
      vertex -7.206637e-02 4.858628e-02 4.276554e-02
    endloop
  endfacet
  facet normal 0.000000e+00 0.000000e+00 1.000000e+00
    outer loop
      vertex -7.206637e-02 4.858628e-02 4.276554e-02
      vertex -7.223708e-02 4.914906e-02 4.276554e-02
      vertex -7.223708e-02 4.685296e-02 4.276554e-02
    endloop
  endfacet
  facet normal 0.000000e+00 0.000000e+00 9.999999e-01
    outer loop
      vertex -7.223708e-02 4.914906e-02 4.276554e-02
      vertex -7.251431e-02 4.966772e-02 4.276554e-02
      vertex -7.386068e-02 5.077265e-02 4.276554e-02
    endloop
  endfacet
  facet normal 0.000000e+00 0.000000e+00 9.999999e-01
    outer loop
      vertex -7.251431e-02 4.966772e-02 4.276554e-02
      vertex -7.288740e-02 5.012233e-02 4.276554e-02
      vertex -7.386068e-02 5.077265e-02 4.276554e-02
    endloop
  endfacet
  facet normal 0.000000e+00 0.000000e+00 1.000000e+00
    outer loop
      vertex -7.288740e-02 5.012233e-02 4.276554e-02
      vertex -7.334201e-02 5.049542e-02 4.276554e-02
      vertex -7.386068e-02 5.077265e-02 4.276554e-02
    endloop
  endfacet
  facet normal 0.000000e+00 0.000000e+00 1.000000e+00
    outer loop
      vertex -7.386068e-02 5.077265e-02 4.276554e-02
      vertex -7.500872e-02 5.100101e-02 4.276554e-02
      vertex -7.615677e-02 5.077265e-02 4.276554e-02
    endloop
  endfacet
  facet normal -0.000000e+00 0.000000e+00 1.000000e+00
    outer loop
      vertex -7.615677e-02 4.522938e-02 4.276554e-02
      vertex -7.500872e-02 4.500101e-02 4.276554e-02
      vertex -7.386068e-02 4.522938e-02 4.276554e-02
    endloop
  endfacet
  facet normal 0.000000e+00 0.000000e+00 1.000000e+00
    outer loop
      vertex -7.386068e-02 5.077265e-02 4.276554e-02
      vertex -7.615677e-02 5.077265e-02 4.276554e-02
      vertex -7.615677e-02 4.522938e-02 4.276554e-02
    endloop
  endfacet
  facet normal 0.000000e+00 0.000000e+00 1.000000e+00
    outer loop
      vertex -7.615677e-02 5.077265e-02 4.276554e-02
      vertex -7.778036e-02 4.914906e-02 4.276554e-02
      vertex -7.615677e-02 4.522938e-02 4.276554e-02
    endloop
  endfacet
  facet normal 0.000000e+00 0.000000e+00 1.000000e+00
    outer loop
      vertex -7.778036e-02 4.914906e-02 4.276554e-02
      vertex -7.778036e-02 4.685296e-02 4.276554e-02
      vertex -7.615677e-02 4.522938e-02 4.276554e-02
    endloop
  endfacet
  facet normal 0.000000e+00 0.000000e+00 1.000000e+00
    outer loop
      vertex -7.615677e-02 4.522938e-02 4.276554e-02
      vertex -7.386068e-02 4.522938e-02 4.276554e-02
      vertex -7.386068e-02 5.077265e-02 4.276554e-02
    endloop
  endfacet
  facet normal 0.000000e+00 0.000000e+00 1.000000e+00
    outer loop
      vertex -7.386068e-02 4.522938e-02 4.276554e-02
      vertex -7.223708e-02 4.685296e-02 4.276554e-02
      vertex -7.386068e-02 5.077265e-02 4.276554e-02
    endloop
  endfacet
  facet normal -2.902871e-01 9.569396e-01 0.000000e+00
    outer loop
      vertex -7.615677e-02 5.077265e-02 4.276554e-02
      vertex -7.559399e-02 5.094337e-02 4.276554e-02
      vertex -7.559399e-02 5.094337e-02 -2.234470e-03
    endloop
  endfacet
  facet normal -9.801847e-02 9.951846e-01 0.000000e+00
    outer loop
      vertex -7.559399e-02 5.094337e-02 4.276554e-02
      vertex -7.500872e-02 5.100101e-02 4.276554e-02
      vertex -7.500872e-02 5.100101e-02 -2.234470e-03
    endloop
  endfacet
  facet normal 0.000000e+00 0.000000e+00 -1.000000e+00
    outer loop
      vertex -7.559399e-02 5.094337e-02 -2.234470e-03
      vertex -7.500872e-02 5.100101e-02 -2.234470e-03
      vertex -7.442345e-02 5.094337e-02 -2.234470e-03
    endloop
  endfacet
  facet normal -0.000000e+00 -0.000000e+00 -1.000000e+00
    outer loop
      vertex -7.442345e-02 5.094337e-02 -2.234470e-03
      vertex -7.386068e-02 5.077265e-02 -2.234470e-03
      vertex -7.559399e-02 5.094337e-02 -2.234470e-03
    endloop
  endfacet
  facet normal -0.000000e+00 -0.000000e+00 -1.000000e+00
    outer loop
      vertex -7.386068e-02 5.077265e-02 -2.234470e-03
      vertex -7.334201e-02 5.049542e-02 -2.234470e-03
      vertex -7.559399e-02 5.094337e-02 -2.234470e-03
    endloop
  endfacet
  facet normal 0.000000e+00 0.000000e+00 -1.000000e+00
    outer loop
      vertex -7.334201e-02 5.049542e-02 -2.234470e-03
      vertex -7.288740e-02 5.012233e-02 -2.234470e-03
      vertex -7.251431e-02 4.966772e-02 -2.234470e-03
    endloop
  endfacet
  facet normal 0.000000e+00 0.000000e+00 -1.000000e+00
    outer loop
      vertex -7.251431e-02 4.966772e-02 -2.234470e-03
      vertex -7.223708e-02 4.914906e-02 -2.234470e-03
      vertex -7.206637e-02 4.858628e-02 -2.234470e-03
    endloop
  endfacet
  facet normal 0.000000e+00 0.000000e+00 -1.000000e+00
    outer loop
      vertex -7.206637e-02 4.858628e-02 -2.234470e-03
      vertex -7.200872e-02 4.800101e-02 -2.234470e-03
      vertex -7.206637e-02 4.741574e-02 -2.234470e-03
    endloop
  endfacet
  facet normal 0.000000e+00 0.000000e+00 -1.000000e+00
    outer loop
      vertex -7.206637e-02 4.741574e-02 -2.234470e-03
      vertex -7.223708e-02 4.685296e-02 -2.234470e-03
      vertex -7.251431e-02 4.633430e-02 -2.234470e-03
    endloop
  endfacet
  facet normal 0.000000e+00 0.000000e+00 -1.000000e+00
    outer loop
      vertex -7.251431e-02 4.633430e-02 -2.234470e-03
      vertex -7.288740e-02 4.587969e-02 -2.234470e-03
      vertex -7.334201e-02 4.550660e-02 -2.234470e-03
    endloop
  endfacet
  facet normal -0.000000e+00 0.000000e+00 -1.000000e+00
    outer loop
      vertex -7.334201e-02 4.550660e-02 -2.234470e-03
      vertex -7.386068e-02 4.522938e-02 -2.234470e-03
      vertex -7.251431e-02 4.633430e-02 -2.234470e-03
    endloop
  endfacet
  facet normal -0.000000e+00 0.000000e+00 -9.999999e-01
    outer loop
      vertex -7.386068e-02 4.522938e-02 -2.234470e-03
      vertex -7.442345e-02 4.505866e-02 -2.234470e-03
      vertex -7.251431e-02 4.633430e-02 -2.234470e-03
    endloop
  endfacet
  facet normal -0.000000e+00 0.000000e+00 -1.000000e+00
    outer loop
      vertex -7.442345e-02 4.505866e-02 -2.234470e-03
      vertex -7.500872e-02 4.500101e-02 -2.234470e-03
      vertex -7.559399e-02 4.505866e-02 -2.234470e-03
    endloop
  endfacet
  facet normal 0.000000e+00 0.000000e+00 -1.000000e+00
    outer loop
      vertex -7.559399e-02 4.505866e-02 -2.234470e-03
      vertex -7.615677e-02 4.522938e-02 -2.234470e-03
      vertex -7.442345e-02 4.505866e-02 -2.234470e-03
    endloop
  endfacet
  facet normal 0.000000e+00 0.000000e+00 -1.000000e+00
    outer loop
      vertex -7.615677e-02 4.522938e-02 -2.234470e-03
      vertex -7.667543e-02 4.550660e-02 -2.234470e-03
      vertex -7.442345e-02 4.505866e-02 -2.234470e-03
    endloop
  endfacet
  facet normal 0.000000e+00 0.000000e+00 -1.000000e+00
    outer loop
      vertex -7.667543e-02 4.550660e-02 -2.234470e-03
      vertex -7.713004e-02 4.587969e-02 -2.234470e-03
      vertex -7.750313e-02 4.633430e-02 -2.234470e-03
    endloop
  endfacet
  facet normal 0.000000e+00 0.000000e+00 -1.000000e+00
    outer loop
      vertex -7.750313e-02 4.633430e-02 -2.234470e-03
      vertex -7.778036e-02 4.685296e-02 -2.234470e-03
      vertex -7.795107e-02 4.741574e-02 -2.234470e-03
    endloop
  endfacet
  facet normal 0.000000e+00 0.000000e+00 -1.000000e+00
    outer loop
      vertex -7.795107e-02 4.741574e-02 -2.234470e-03
      vertex -7.800872e-02 4.800101e-02 -2.234470e-03
      vertex -7.795107e-02 4.858628e-02 -2.234470e-03
    endloop
  endfacet
  facet normal 0.000000e+00 0.000000e+00 -1.000000e+00
    outer loop
      vertex -7.795107e-02 4.858628e-02 -2.234470e-03
      vertex -7.778036e-02 4.914906e-02 -2.234470e-03
      vertex -7.750313e-02 4.966772e-02 -2.234470e-03
    endloop
  endfacet
  facet normal 0.000000e+00 0.000000e+00 -1.000000e+00
    outer loop
      vertex -7.750313e-02 4.966772e-02 -2.234470e-03
      vertex -7.713004e-02 5.012233e-02 -2.234470e-03
      vertex -7.667543e-02 5.049542e-02 -2.234470e-03
    endloop
  endfacet
  facet normal 0.000000e+00 -0.000000e+00 -1.000000e+00
    outer loop
      vertex -7.667543e-02 5.049542e-02 -2.234470e-03
      vertex -7.615677e-02 5.077265e-02 -2.234470e-03
      vertex -7.750313e-02 4.966772e-02 -2.234470e-03
    endloop
  endfacet
  facet normal 0.000000e+00 -0.000000e+00 -1.000000e+00
    outer loop
      vertex -7.615677e-02 5.077265e-02 -2.234470e-03
      vertex -7.559399e-02 5.094337e-02 -2.234470e-03
      vertex -7.750313e-02 4.966772e-02 -2.234470e-03
    endloop
  endfacet
  facet normal 0.000000e+00 0.000000e+00 -1.000000e+00
    outer loop
      vertex -7.334201e-02 5.049542e-02 -2.234470e-03
      vertex -7.251431e-02 4.966772e-02 -2.234470e-03
      vertex -7.206637e-02 4.858628e-02 -2.234470e-03
    endloop
  endfacet
  facet normal 0.000000e+00 -0.000000e+00 -1.000000e+00
    outer loop
      vertex -7.206637e-02 4.858628e-02 -2.234470e-03
      vertex -7.206637e-02 4.741574e-02 -2.234470e-03
      vertex -7.442345e-02 4.505866e-02 -2.234470e-03
    endloop
  endfacet
  facet normal 0.000000e+00 0.000000e+00 -1.000000e+00
    outer loop
      vertex -7.206637e-02 4.741574e-02 -2.234470e-03
      vertex -7.251431e-02 4.633430e-02 -2.234470e-03
      vertex -7.442345e-02 4.505866e-02 -2.234470e-03
    endloop
  endfacet
  facet normal 0.000000e+00 0.000000e+00 -1.000000e+00
    outer loop
      vertex -7.667543e-02 4.550660e-02 -2.234470e-03
      vertex -7.750313e-02 4.633430e-02 -2.234470e-03
      vertex -7.795107e-02 4.741574e-02 -2.234470e-03
    endloop
  endfacet
  facet normal 0.000000e+00 0.000000e+00 -1.000000e+00
    outer loop
      vertex -7.795107e-02 4.741574e-02 -2.234470e-03
      vertex -7.795107e-02 4.858628e-02 -2.234470e-03
      vertex -7.559399e-02 5.094337e-02 -2.234470e-03
    endloop
  endfacet
  facet normal 0.000000e+00 0.000000e+00 -1.000000e+00
    outer loop
      vertex -7.795107e-02 4.858628e-02 -2.234470e-03
      vertex -7.750313e-02 4.966772e-02 -2.234470e-03
      vertex -7.559399e-02 5.094337e-02 -2.234470e-03
    endloop
  endfacet
  facet normal 0.000000e+00 0.000000e+00 -1.000000e+00
    outer loop
      vertex -7.559399e-02 5.094337e-02 -2.234470e-03
      vertex -7.334201e-02 5.049542e-02 -2.234470e-03
      vertex -7.206637e-02 4.858628e-02 -2.234470e-03
    endloop
  endfacet
  facet normal 0.000000e+00 0.000000e+00 -1.000000e+00
    outer loop
      vertex -7.442345e-02 4.505866e-02 -2.234470e-03
      vertex -7.667543e-02 4.550660e-02 -2.234470e-03
      vertex -7.795107e-02 4.741574e-02 -2.234470e-03
    endloop
  endfacet
  facet normal 0.000000e+00 -0.000000e+00 -1.000000e+00
    outer loop
      vertex -7.559399e-02 5.094337e-02 -2.234470e-03
      vertex -7.206637e-02 4.858628e-02 -2.234470e-03
      vertex -7.795107e-02 4.741574e-02 -2.234470e-03
    endloop
  endfacet
  facet normal 9.801847e-02 9.951846e-01 0.000000e+00
    outer loop
      vertex -7.500872e-02 -4.499899e-02 4.276554e-02
      vertex -7.442345e-02 -4.505664e-02 -2.234470e-03
      vertex -7.500872e-02 -4.499899e-02 -2.234470e-03
    endloop
  endfacet
  facet normal 2.902906e-01 9.569386e-01 0.000000e+00
    outer loop
      vertex -7.442345e-02 -4.505664e-02 4.276554e-02
      vertex -7.386068e-02 -4.522736e-02 -2.234470e-03
      vertex -7.442345e-02 -4.505664e-02 -2.234470e-03
    endloop
  endfacet
  facet normal 4.713922e-01 8.819237e-01 0.000000e+00
    outer loop
      vertex -7.386068e-02 -4.522736e-02 4.276554e-02
      vertex -7.334201e-02 -4.550458e-02 -2.234470e-03
      vertex -7.386068e-02 -4.522736e-02 -2.234470e-03
    endloop
  endfacet
  facet normal 6.343905e-01 7.730127e-01 0.000000e+00
    outer loop
      vertex -7.334201e-02 -4.550458e-02 4.276554e-02
      vertex -7.288740e-02 -4.587767e-02 -2.234470e-03
      vertex -7.334201e-02 -4.550458e-02 -2.234470e-03
    endloop
  endfacet
  facet normal 7.730101e-01 6.343936e-01 0.000000e+00
    outer loop
      vertex -7.288740e-02 -4.587767e-02 4.276554e-02
      vertex -7.251431e-02 -4.633228e-02 -2.234470e-03
      vertex -7.288740e-02 -4.587767e-02 -2.234470e-03
    endloop
  endfacet
  facet normal 8.819237e-01 4.713922e-01 0.000000e+00
    outer loop
      vertex -7.251431e-02 -4.633228e-02 4.276554e-02
      vertex -7.223708e-02 -4.685095e-02 -2.234470e-03
      vertex -7.251431e-02 -4.633228e-02 -2.234470e-03
    endloop
  endfacet
  facet normal 9.569408e-01 2.902830e-01 0.000000e+00
    outer loop
      vertex -7.223708e-02 -4.685095e-02 4.276554e-02
      vertex -7.206637e-02 -4.741372e-02 -2.234470e-03
      vertex -7.223708e-02 -4.685095e-02 -2.234470e-03
    endloop
  endfacet
  facet normal 9.951846e-01 9.801909e-02 0.000000e+00
    outer loop
      vertex -7.206637e-02 -4.741372e-02 4.276554e-02
      vertex -7.200872e-02 -4.799899e-02 -2.234470e-03
      vertex -7.206637e-02 -4.741372e-02 -2.234470e-03
    endloop
  endfacet
  facet normal 9.951846e-01 -9.801847e-02 0.000000e+00
    outer loop
      vertex -7.200872e-02 -4.799899e-02 4.276554e-02
      vertex -7.206637e-02 -4.858426e-02 -2.234470e-03
      vertex -7.200872e-02 -4.799899e-02 -2.234470e-03
    endloop
  endfacet
  facet normal 9.569408e-01 -2.902830e-01 0.000000e+00
    outer loop
      vertex -7.206637e-02 -4.858426e-02 4.276554e-02
      vertex -7.223708e-02 -4.914704e-02 -2.234470e-03
      vertex -7.206637e-02 -4.858426e-02 -2.234470e-03
    endloop
  endfacet
  facet normal 8.819237e-01 -4.713922e-01 0.000000e+00
    outer loop
      vertex -7.223708e-02 -4.914704e-02 4.276554e-02
      vertex -7.251431e-02 -4.966570e-02 -2.234470e-03
      vertex -7.223708e-02 -4.914704e-02 -2.234470e-03
    endloop
  endfacet
  facet normal 7.730101e-01 -6.343936e-01 0.000000e+00
    outer loop
      vertex -7.251431e-02 -4.966570e-02 4.276554e-02
      vertex -7.288740e-02 -5.012031e-02 -2.234470e-03
      vertex -7.251431e-02 -4.966570e-02 -2.234470e-03
    endloop
  endfacet
  facet normal 6.343905e-01 -7.730127e-01 0.000000e+00
    outer loop
      vertex -7.288740e-02 -5.012031e-02 4.276554e-02
      vertex -7.334201e-02 -5.049340e-02 -2.234470e-03
      vertex -7.288740e-02 -5.012031e-02 -2.234470e-03
    endloop
  endfacet
  facet normal 4.713922e-01 -8.819237e-01 0.000000e+00
    outer loop
      vertex -7.334201e-02 -5.049340e-02 4.276554e-02
      vertex -7.386068e-02 -5.077063e-02 -2.234470e-03
      vertex -7.334201e-02 -5.049340e-02 -2.234470e-03
    endloop
  endfacet
  facet normal 2.902906e-01 -9.569386e-01 0.000000e+00
    outer loop
      vertex -7.386068e-02 -5.077063e-02 4.276554e-02
      vertex -7.442345e-02 -5.094135e-02 -2.234470e-03
      vertex -7.386068e-02 -5.077063e-02 -2.234470e-03
    endloop
  endfacet
  facet normal 9.801847e-02 -9.951846e-01 0.000000e+00
    outer loop
      vertex -7.442345e-02 -5.094135e-02 4.276554e-02
      vertex -7.500872e-02 -5.099899e-02 -2.234470e-03
      vertex -7.442345e-02 -5.094135e-02 -2.234470e-03
    endloop
  endfacet
  facet normal -9.801847e-02 -9.951846e-01 -0.000000e+00
    outer loop
      vertex -7.500872e-02 -5.099899e-02 4.276554e-02
      vertex -7.559399e-02 -5.094135e-02 -2.234470e-03
      vertex -7.500872e-02 -5.099899e-02 -2.234470e-03
    endloop
  endfacet
  facet normal -2.902871e-01 -9.569396e-01 -0.000000e+00
    outer loop
      vertex -7.559399e-02 -5.094135e-02 4.276554e-02
      vertex -7.615677e-02 -5.077063e-02 -2.234470e-03
      vertex -7.559399e-02 -5.094135e-02 -2.234470e-03
    endloop
  endfacet
  facet normal -4.713975e-01 -8.819209e-01 -0.000000e+00
    outer loop
      vertex -7.615677e-02 -5.077063e-02 4.276554e-02
      vertex -7.667543e-02 -5.049340e-02 -2.234470e-03
      vertex -7.615677e-02 -5.077063e-02 -2.234470e-03
    endloop
  endfacet
  facet normal -6.343905e-01 -7.730127e-01 -0.000000e+00
    outer loop
      vertex -7.667543e-02 -5.049340e-02 4.276554e-02
      vertex -7.713004e-02 -5.012031e-02 -2.234470e-03
      vertex -7.667543e-02 -5.049340e-02 -2.234470e-03
    endloop
  endfacet
  facet normal -7.730101e-01 -6.343936e-01 -0.000000e+00
    outer loop
      vertex -7.713004e-02 -5.012031e-02 4.276554e-02
      vertex -7.750313e-02 -4.966570e-02 -2.234470e-03
      vertex -7.713004e-02 -5.012031e-02 -2.234470e-03
    endloop
  endfacet
  facet normal -8.819237e-01 -4.713922e-01 -0.000000e+00
    outer loop
      vertex -7.750313e-02 -4.966570e-02 4.276554e-02
      vertex -7.778036e-02 -4.914704e-02 -2.234470e-03
      vertex -7.750313e-02 -4.966570e-02 -2.234470e-03
    endloop
  endfacet
  facet normal -9.569408e-01 -2.902830e-01 -0.000000e+00
    outer loop
      vertex -7.778036e-02 -4.914704e-02 4.276554e-02
      vertex -7.795107e-02 -4.858426e-02 -2.234470e-03
      vertex -7.778036e-02 -4.914704e-02 -2.234470e-03
    endloop
  endfacet
  facet normal -9.951846e-01 -9.801847e-02 -0.000000e+00
    outer loop
      vertex -7.795107e-02 -4.858426e-02 4.276554e-02
      vertex -7.800872e-02 -4.799899e-02 -2.234470e-03
      vertex -7.795107e-02 -4.858426e-02 -2.234470e-03
    endloop
  endfacet
  facet normal -9.951846e-01 9.801909e-02 0.000000e+00
    outer loop
      vertex -7.800872e-02 -4.799899e-02 4.276554e-02
      vertex -7.795107e-02 -4.741372e-02 -2.234470e-03
      vertex -7.800872e-02 -4.799899e-02 -2.234470e-03
    endloop
  endfacet
  facet normal -9.569408e-01 2.902830e-01 0.000000e+00
    outer loop
      vertex -7.795107e-02 -4.741372e-02 4.276554e-02
      vertex -7.778036e-02 -4.685095e-02 -2.234470e-03
      vertex -7.795107e-02 -4.741372e-02 -2.234470e-03
    endloop
  endfacet
  facet normal -8.819237e-01 4.713922e-01 0.000000e+00
    outer loop
      vertex -7.778036e-02 -4.685095e-02 4.276554e-02
      vertex -7.750313e-02 -4.633228e-02 -2.234470e-03
      vertex -7.778036e-02 -4.685095e-02 -2.234470e-03
    endloop
  endfacet
  facet normal -7.730101e-01 6.343936e-01 0.000000e+00
    outer loop
      vertex -7.750313e-02 -4.633228e-02 4.276554e-02
      vertex -7.713004e-02 -4.587767e-02 -2.234470e-03
      vertex -7.750313e-02 -4.633228e-02 -2.234470e-03
    endloop
  endfacet
  facet normal -6.343905e-01 7.730127e-01 0.000000e+00
    outer loop
      vertex -7.713004e-02 -4.587767e-02 4.276554e-02
      vertex -7.667543e-02 -4.550458e-02 -2.234470e-03
      vertex -7.713004e-02 -4.587767e-02 -2.234470e-03
    endloop
  endfacet
  facet normal -4.713975e-01 8.819209e-01 0.000000e+00
    outer loop
      vertex -7.667543e-02 -4.550458e-02 4.276554e-02
      vertex -7.615677e-02 -4.522736e-02 -2.234470e-03
      vertex -7.667543e-02 -4.550458e-02 -2.234470e-03
    endloop
  endfacet
  facet normal 0.000000e+00 -0.000000e+00 1.000000e+00
    outer loop
      vertex -7.223708e-02 -4.914704e-02 4.276554e-02
      vertex -7.223708e-02 -4.685095e-02 4.276554e-02
      vertex -7.386068e-02 -4.522736e-02 4.276554e-02
    endloop
  endfacet
  facet normal -2.902871e-01 9.569396e-01 0.000000e+00
    outer loop
      vertex -7.615677e-02 -4.522736e-02 4.276554e-02
      vertex -7.559399e-02 -4.505664e-02 -2.234470e-03
      vertex -7.615677e-02 -4.522736e-02 -2.234470e-03
    endloop
  endfacet
  facet normal -9.801847e-02 9.951846e-01 0.000000e+00
    outer loop
      vertex -7.559399e-02 -4.505664e-02 4.276554e-02
      vertex -7.500872e-02 -4.499899e-02 -2.234470e-03
      vertex -7.559399e-02 -4.505664e-02 -2.234470e-03
    endloop
  endfacet
  facet normal 0.000000e+00 0.000000e+00 -1.000000e+00
    outer loop
      vertex -7.206637e-02 -4.741372e-02 -2.234470e-03
      vertex -7.442345e-02 -5.094135e-02 -2.234470e-03
      vertex -7.795107e-02 -4.858426e-02 -2.234470e-03
    endloop
  endfacet
  facet normal 9.801847e-02 9.951846e-01 0.000000e+00
    outer loop
      vertex -7.500872e-02 -4.499899e-02 4.276554e-02
      vertex -7.442345e-02 -4.505664e-02 4.276554e-02
      vertex -7.442345e-02 -4.505664e-02 -2.234470e-03
    endloop
  endfacet
  facet normal 2.902906e-01 9.569386e-01 0.000000e+00
    outer loop
      vertex -7.442345e-02 -4.505664e-02 4.276554e-02
      vertex -7.386068e-02 -4.522736e-02 4.276554e-02
      vertex -7.386068e-02 -4.522736e-02 -2.234470e-03
    endloop
  endfacet
  facet normal 4.713922e-01 8.819237e-01 0.000000e+00
    outer loop
      vertex -7.386068e-02 -4.522736e-02 4.276554e-02
      vertex -7.334201e-02 -4.550458e-02 4.276554e-02
      vertex -7.334201e-02 -4.550458e-02 -2.234470e-03
    endloop
  endfacet
  facet normal 6.343905e-01 7.730127e-01 0.000000e+00
    outer loop
      vertex -7.334201e-02 -4.550458e-02 4.276554e-02
      vertex -7.288740e-02 -4.587767e-02 4.276554e-02
      vertex -7.288740e-02 -4.587767e-02 -2.234470e-03
    endloop
  endfacet
  facet normal 7.730101e-01 6.343936e-01 0.000000e+00
    outer loop
      vertex -7.288740e-02 -4.587767e-02 4.276554e-02
      vertex -7.251431e-02 -4.633228e-02 4.276554e-02
      vertex -7.251431e-02 -4.633228e-02 -2.234470e-03
    endloop
  endfacet
  facet normal 8.819237e-01 4.713922e-01 0.000000e+00
    outer loop
      vertex -7.251431e-02 -4.633228e-02 4.276554e-02
      vertex -7.223708e-02 -4.685095e-02 4.276554e-02
      vertex -7.223708e-02 -4.685095e-02 -2.234470e-03
    endloop
  endfacet
  facet normal 9.569408e-01 2.902830e-01 0.000000e+00
    outer loop
      vertex -7.223708e-02 -4.685095e-02 4.276554e-02
      vertex -7.206637e-02 -4.741372e-02 4.276554e-02
      vertex -7.206637e-02 -4.741372e-02 -2.234470e-03
    endloop
  endfacet
  facet normal 9.951846e-01 9.801909e-02 0.000000e+00
    outer loop
      vertex -7.206637e-02 -4.741372e-02 4.276554e-02
      vertex -7.200872e-02 -4.799899e-02 4.276554e-02
      vertex -7.200872e-02 -4.799899e-02 -2.234470e-03
    endloop
  endfacet
  facet normal 9.951846e-01 -9.801847e-02 0.000000e+00
    outer loop
      vertex -7.200872e-02 -4.799899e-02 4.276554e-02
      vertex -7.206637e-02 -4.858426e-02 4.276554e-02
      vertex -7.206637e-02 -4.858426e-02 -2.234470e-03
    endloop
  endfacet
  facet normal 9.569408e-01 -2.902830e-01 0.000000e+00
    outer loop
      vertex -7.206637e-02 -4.858426e-02 4.276554e-02
      vertex -7.223708e-02 -4.914704e-02 4.276554e-02
      vertex -7.223708e-02 -4.914704e-02 -2.234470e-03
    endloop
  endfacet
  facet normal 8.819237e-01 -4.713922e-01 0.000000e+00
    outer loop
      vertex -7.223708e-02 -4.914704e-02 4.276554e-02
      vertex -7.251431e-02 -4.966570e-02 4.276554e-02
      vertex -7.251431e-02 -4.966570e-02 -2.234470e-03
    endloop
  endfacet
  facet normal 7.730101e-01 -6.343936e-01 0.000000e+00
    outer loop
      vertex -7.251431e-02 -4.966570e-02 4.276554e-02
      vertex -7.288740e-02 -5.012031e-02 4.276554e-02
      vertex -7.288740e-02 -5.012031e-02 -2.234470e-03
    endloop
  endfacet
  facet normal 6.343905e-01 -7.730127e-01 0.000000e+00
    outer loop
      vertex -7.288740e-02 -5.012031e-02 4.276554e-02
      vertex -7.334201e-02 -5.049340e-02 4.276554e-02
      vertex -7.334201e-02 -5.049340e-02 -2.234470e-03
    endloop
  endfacet
  facet normal 4.713922e-01 -8.819237e-01 0.000000e+00
    outer loop
      vertex -7.334201e-02 -5.049340e-02 4.276554e-02
      vertex -7.386068e-02 -5.077063e-02 4.276554e-02
      vertex -7.386068e-02 -5.077063e-02 -2.234470e-03
    endloop
  endfacet
  facet normal 2.902906e-01 -9.569386e-01 0.000000e+00
    outer loop
      vertex -7.386068e-02 -5.077063e-02 4.276554e-02
      vertex -7.442345e-02 -5.094135e-02 4.276554e-02
      vertex -7.442345e-02 -5.094135e-02 -2.234470e-03
    endloop
  endfacet
  facet normal 9.801847e-02 -9.951846e-01 0.000000e+00
    outer loop
      vertex -7.442345e-02 -5.094135e-02 4.276554e-02
      vertex -7.500872e-02 -5.099899e-02 4.276554e-02
      vertex -7.500872e-02 -5.099899e-02 -2.234470e-03
    endloop
  endfacet
  facet normal -9.801847e-02 -9.951846e-01 0.000000e+00
    outer loop
      vertex -7.500872e-02 -5.099899e-02 4.276554e-02
      vertex -7.559399e-02 -5.094135e-02 4.276554e-02
      vertex -7.559399e-02 -5.094135e-02 -2.234470e-03
    endloop
  endfacet
  facet normal -2.902871e-01 -9.569396e-01 0.000000e+00
    outer loop
      vertex -7.559399e-02 -5.094135e-02 4.276554e-02
      vertex -7.615677e-02 -5.077063e-02 4.276554e-02
      vertex -7.615677e-02 -5.077063e-02 -2.234470e-03
    endloop
  endfacet
  facet normal -4.713975e-01 -8.819209e-01 0.000000e+00
    outer loop
      vertex -7.615677e-02 -5.077063e-02 4.276554e-02
      vertex -7.667543e-02 -5.049340e-02 4.276554e-02
      vertex -7.667543e-02 -5.049340e-02 -2.234470e-03
    endloop
  endfacet
  facet normal -6.343905e-01 -7.730127e-01 0.000000e+00
    outer loop
      vertex -7.667543e-02 -5.049340e-02 4.276554e-02
      vertex -7.713004e-02 -5.012031e-02 4.276554e-02
      vertex -7.713004e-02 -5.012031e-02 -2.234470e-03
    endloop
  endfacet
  facet normal -7.730101e-01 -6.343936e-01 0.000000e+00
    outer loop
      vertex -7.713004e-02 -5.012031e-02 4.276554e-02
      vertex -7.750313e-02 -4.966570e-02 4.276554e-02
      vertex -7.750313e-02 -4.966570e-02 -2.234470e-03
    endloop
  endfacet
  facet normal -8.819237e-01 -4.713922e-01 0.000000e+00
    outer loop
      vertex -7.750313e-02 -4.966570e-02 4.276554e-02
      vertex -7.778036e-02 -4.914704e-02 4.276554e-02
      vertex -7.778036e-02 -4.914704e-02 -2.234470e-03
    endloop
  endfacet
  facet normal -9.569408e-01 -2.902830e-01 0.000000e+00
    outer loop
      vertex -7.778036e-02 -4.914704e-02 4.276554e-02
      vertex -7.795107e-02 -4.858426e-02 4.276554e-02
      vertex -7.795107e-02 -4.858426e-02 -2.234470e-03
    endloop
  endfacet
  facet normal -9.951846e-01 -9.801847e-02 0.000000e+00
    outer loop
      vertex -7.795107e-02 -4.858426e-02 4.276554e-02
      vertex -7.800872e-02 -4.799899e-02 4.276554e-02
      vertex -7.800872e-02 -4.799899e-02 -2.234470e-03
    endloop
  endfacet
  facet normal -9.951846e-01 9.801909e-02 0.000000e+00
    outer loop
      vertex -7.800872e-02 -4.799899e-02 4.276554e-02
      vertex -7.795107e-02 -4.741372e-02 4.276554e-02
      vertex -7.795107e-02 -4.741372e-02 -2.234470e-03
    endloop
  endfacet
  facet normal -9.569408e-01 2.902830e-01 0.000000e+00
    outer loop
      vertex -7.795107e-02 -4.741372e-02 4.276554e-02
      vertex -7.778036e-02 -4.685095e-02 4.276554e-02
      vertex -7.778036e-02 -4.685095e-02 -2.234470e-03
    endloop
  endfacet
  facet normal -8.819237e-01 4.713922e-01 0.000000e+00
    outer loop
      vertex -7.778036e-02 -4.685095e-02 4.276554e-02
      vertex -7.750313e-02 -4.633228e-02 4.276554e-02
      vertex -7.750313e-02 -4.633228e-02 -2.234470e-03
    endloop
  endfacet
  facet normal -7.730101e-01 6.343936e-01 0.000000e+00
    outer loop
      vertex -7.750313e-02 -4.633228e-02 4.276554e-02
      vertex -7.713004e-02 -4.587767e-02 4.276554e-02
      vertex -7.713004e-02 -4.587767e-02 -2.234470e-03
    endloop
  endfacet
  facet normal -6.343905e-01 7.730127e-01 0.000000e+00
    outer loop
      vertex -7.713004e-02 -4.587767e-02 4.276554e-02
      vertex -7.667543e-02 -4.550458e-02 4.276554e-02
      vertex -7.667543e-02 -4.550458e-02 -2.234470e-03
    endloop
  endfacet
  facet normal -4.713975e-01 8.819209e-01 0.000000e+00
    outer loop
      vertex -7.667543e-02 -4.550458e-02 4.276554e-02
      vertex -7.615677e-02 -4.522736e-02 4.276554e-02
      vertex -7.615677e-02 -4.522736e-02 -2.234470e-03
    endloop
  endfacet
  facet normal 0.000000e+00 0.000000e+00 1.000000e+00
    outer loop
      vertex -7.386068e-02 -4.522736e-02 4.276554e-02
      vertex -7.442345e-02 -4.505664e-02 4.276554e-02
      vertex -7.500872e-02 -4.499899e-02 4.276554e-02
    endloop
  endfacet
  facet normal 0.000000e+00 0.000000e+00 1.000000e+00
    outer loop
      vertex -7.500872e-02 -4.499899e-02 4.276554e-02
      vertex -7.559399e-02 -4.505664e-02 4.276554e-02
      vertex -7.615677e-02 -4.522736e-02 4.276554e-02
    endloop
  endfacet
  facet normal 0.000000e+00 0.000000e+00 1.000000e+00
    outer loop
      vertex -7.615677e-02 -4.522736e-02 4.276554e-02
      vertex -7.667543e-02 -4.550458e-02 4.276554e-02
      vertex -7.713004e-02 -4.587767e-02 4.276554e-02
    endloop
  endfacet
  facet normal -0.000000e+00 0.000000e+00 1.000000e+00
    outer loop
      vertex -7.713004e-02 -4.587767e-02 4.276554e-02
      vertex -7.750313e-02 -4.633228e-02 4.276554e-02
      vertex -7.615677e-02 -4.522736e-02 4.276554e-02
    endloop
  endfacet
  facet normal -0.000000e+00 0.000000e+00 1.000000e+00
    outer loop
      vertex -7.750313e-02 -4.633228e-02 4.276554e-02
      vertex -7.778036e-02 -4.685095e-02 4.276554e-02
      vertex -7.615677e-02 -4.522736e-02 4.276554e-02
    endloop
  endfacet
  facet normal 0.000000e+00 0.000000e+00 1.000000e+00
    outer loop
      vertex -7.778036e-02 -4.685095e-02 4.276554e-02
      vertex -7.795107e-02 -4.741372e-02 4.276554e-02
      vertex -7.778036e-02 -4.914704e-02 4.276554e-02
    endloop
  endfacet
  facet normal 0.000000e+00 0.000000e+00 1.000000e+00
    outer loop
      vertex -7.795107e-02 -4.741372e-02 4.276554e-02
      vertex -7.800872e-02 -4.799899e-02 4.276554e-02
      vertex -7.795107e-02 -4.858426e-02 4.276554e-02
    endloop
  endfacet
  facet normal 0.000000e+00 0.000000e+00 1.000000e+00
    outer loop
      vertex -7.778036e-02 -4.914704e-02 4.276554e-02
      vertex -7.795107e-02 -4.741372e-02 4.276554e-02
      vertex -7.795107e-02 -4.858426e-02 4.276554e-02
    endloop
  endfacet
  facet normal 0.000000e+00 0.000000e+00 1.000000e+00
    outer loop
      vertex -7.778036e-02 -4.914704e-02 4.276554e-02
      vertex -7.750313e-02 -4.966570e-02 4.276554e-02
      vertex -7.615677e-02 -5.077063e-02 4.276554e-02
    endloop
  endfacet
  facet normal 0.000000e+00 0.000000e+00 1.000000e+00
    outer loop
      vertex -7.750313e-02 -4.966570e-02 4.276554e-02
      vertex -7.713004e-02 -5.012031e-02 4.276554e-02
      vertex -7.615677e-02 -5.077063e-02 4.276554e-02
    endloop
  endfacet
  facet normal 0.000000e+00 0.000000e+00 1.000000e+00
    outer loop
      vertex -7.713004e-02 -5.012031e-02 4.276554e-02
      vertex -7.667543e-02 -5.049340e-02 4.276554e-02
      vertex -7.615677e-02 -5.077063e-02 4.276554e-02
    endloop
  endfacet
  facet normal 0.000000e+00 0.000000e+00 1.000000e+00
    outer loop
      vertex -7.615677e-02 -5.077063e-02 4.276554e-02
      vertex -7.559399e-02 -5.094135e-02 4.276554e-02
      vertex -7.500872e-02 -5.099899e-02 4.276554e-02
    endloop
  endfacet
  facet normal 0.000000e+00 0.000000e+00 1.000000e+00
    outer loop
      vertex -7.500872e-02 -5.099899e-02 4.276554e-02
      vertex -7.442345e-02 -5.094135e-02 4.276554e-02
      vertex -7.386068e-02 -5.077063e-02 4.276554e-02
    endloop
  endfacet
  facet normal 0.000000e+00 0.000000e+00 9.999999e-01
    outer loop
      vertex -7.386068e-02 -5.077063e-02 4.276554e-02
      vertex -7.334201e-02 -5.049340e-02 4.276554e-02
      vertex -7.288740e-02 -5.012031e-02 4.276554e-02
    endloop
  endfacet
  facet normal 0.000000e+00 -0.000000e+00 1.000000e+00
    outer loop
      vertex -7.288740e-02 -5.012031e-02 4.276554e-02
      vertex -7.251431e-02 -4.966570e-02 4.276554e-02
      vertex -7.386068e-02 -5.077063e-02 4.276554e-02
    endloop
  endfacet
  facet normal 0.000000e+00 -0.000000e+00 1.000000e+00
    outer loop
      vertex -7.251431e-02 -4.966570e-02 4.276554e-02
      vertex -7.223708e-02 -4.914704e-02 4.276554e-02
      vertex -7.386068e-02 -5.077063e-02 4.276554e-02
    endloop
  endfacet
  facet normal 0.000000e+00 0.000000e+00 1.000000e+00
    outer loop
      vertex -7.223708e-02 -4.914704e-02 4.276554e-02
      vertex -7.206637e-02 -4.858426e-02 4.276554e-02
      vertex -7.206637e-02 -4.741372e-02 4.276554e-02
    endloop
  endfacet
  facet normal 0.000000e+00 0.000000e+00 1.000000e+00
    outer loop
      vertex -7.206637e-02 -4.858426e-02 4.276554e-02
      vertex -7.200872e-02 -4.799899e-02 4.276554e-02
      vertex -7.206637e-02 -4.741372e-02 4.276554e-02
    endloop
  endfacet
  facet normal 0.000000e+00 0.000000e+00 1.000000e+00
    outer loop
      vertex -7.206637e-02 -4.741372e-02 4.276554e-02
      vertex -7.223708e-02 -4.685095e-02 4.276554e-02
      vertex -7.223708e-02 -4.914704e-02 4.276554e-02
    endloop
  endfacet
  facet normal 0.000000e+00 0.000000e+00 9.999999e-01
    outer loop
      vertex -7.223708e-02 -4.685095e-02 4.276554e-02
      vertex -7.251431e-02 -4.633228e-02 4.276554e-02
      vertex -7.386068e-02 -4.522736e-02 4.276554e-02
    endloop
  endfacet
  facet normal 0.000000e+00 0.000000e+00 9.999999e-01
    outer loop
      vertex -7.251431e-02 -4.633228e-02 4.276554e-02
      vertex -7.288740e-02 -4.587767e-02 4.276554e-02
      vertex -7.386068e-02 -4.522736e-02 4.276554e-02
    endloop
  endfacet
  facet normal 0.000000e+00 0.000000e+00 1.000000e+00
    outer loop
      vertex -7.288740e-02 -4.587767e-02 4.276554e-02
      vertex -7.334201e-02 -4.550458e-02 4.276554e-02
      vertex -7.386068e-02 -4.522736e-02 4.276554e-02
    endloop
  endfacet
  facet normal 0.000000e+00 0.000000e+00 1.000000e+00
    outer loop
      vertex -7.386068e-02 -4.522736e-02 4.276554e-02
      vertex -7.500872e-02 -4.499899e-02 4.276554e-02
      vertex -7.615677e-02 -4.522736e-02 4.276554e-02
    endloop
  endfacet
  facet normal -0.000000e+00 0.000000e+00 1.000000e+00
    outer loop
      vertex -7.615677e-02 -5.077063e-02 4.276554e-02
      vertex -7.500872e-02 -5.099899e-02 4.276554e-02
      vertex -7.386068e-02 -5.077063e-02 4.276554e-02
    endloop
  endfacet
  facet normal 0.000000e+00 0.000000e+00 1.000000e+00
    outer loop
      vertex -7.386068e-02 -4.522736e-02 4.276554e-02
      vertex -7.615677e-02 -4.522736e-02 4.276554e-02
      vertex -7.615677e-02 -5.077063e-02 4.276554e-02
    endloop
  endfacet
  facet normal 0.000000e+00 0.000000e+00 1.000000e+00
    outer loop
      vertex -7.615677e-02 -4.522736e-02 4.276554e-02
      vertex -7.778036e-02 -4.685095e-02 4.276554e-02
      vertex -7.615677e-02 -5.077063e-02 4.276554e-02
    endloop
  endfacet
  facet normal 0.000000e+00 0.000000e+00 1.000000e+00
    outer loop
      vertex -7.778036e-02 -4.685095e-02 4.276554e-02
      vertex -7.778036e-02 -4.914704e-02 4.276554e-02
      vertex -7.615677e-02 -5.077063e-02 4.276554e-02
    endloop
  endfacet
  facet normal 0.000000e+00 0.000000e+00 1.000000e+00
    outer loop
      vertex -7.615677e-02 -5.077063e-02 4.276554e-02
      vertex -7.386068e-02 -5.077063e-02 4.276554e-02
      vertex -7.386068e-02 -4.522736e-02 4.276554e-02
    endloop
  endfacet
  facet normal 0.000000e+00 0.000000e+00 1.000000e+00
    outer loop
      vertex -7.386068e-02 -5.077063e-02 4.276554e-02
      vertex -7.223708e-02 -4.914704e-02 4.276554e-02
      vertex -7.386068e-02 -4.522736e-02 4.276554e-02
    endloop
  endfacet
  facet normal -2.902871e-01 9.569396e-01 0.000000e+00
    outer loop
      vertex -7.615677e-02 -4.522736e-02 4.276554e-02
      vertex -7.559399e-02 -4.505664e-02 4.276554e-02
      vertex -7.559399e-02 -4.505664e-02 -2.234470e-03
    endloop
  endfacet
  facet normal -9.801847e-02 9.951846e-01 0.000000e+00
    outer loop
      vertex -7.559399e-02 -4.505664e-02 4.276554e-02
      vertex -7.500872e-02 -4.499899e-02 4.276554e-02
      vertex -7.500872e-02 -4.499899e-02 -2.234470e-03
    endloop
  endfacet
  facet normal 0.000000e+00 0.000000e+00 -1.000000e+00
    outer loop
      vertex -7.559399e-02 -4.505664e-02 -2.234470e-03
      vertex -7.500872e-02 -4.499899e-02 -2.234470e-03
      vertex -7.442345e-02 -4.505664e-02 -2.234470e-03
    endloop
  endfacet
  facet normal -0.000000e+00 -0.000000e+00 -1.000000e+00
    outer loop
      vertex -7.442345e-02 -4.505664e-02 -2.234470e-03
      vertex -7.386068e-02 -4.522736e-02 -2.234470e-03
      vertex -7.559399e-02 -4.505664e-02 -2.234470e-03
    endloop
  endfacet
  facet normal -0.000000e+00 -0.000000e+00 -1.000000e+00
    outer loop
      vertex -7.386068e-02 -4.522736e-02 -2.234470e-03
      vertex -7.334201e-02 -4.550458e-02 -2.234470e-03
      vertex -7.559399e-02 -4.505664e-02 -2.234470e-03
    endloop
  endfacet
  facet normal 0.000000e+00 0.000000e+00 -1.000000e+00
    outer loop
      vertex -7.334201e-02 -4.550458e-02 -2.234470e-03
      vertex -7.288740e-02 -4.587767e-02 -2.234470e-03
      vertex -7.251431e-02 -4.633228e-02 -2.234470e-03
    endloop
  endfacet
  facet normal 0.000000e+00 0.000000e+00 -1.000000e+00
    outer loop
      vertex -7.251431e-02 -4.633228e-02 -2.234470e-03
      vertex -7.223708e-02 -4.685095e-02 -2.234470e-03
      vertex -7.206637e-02 -4.741372e-02 -2.234470e-03
    endloop
  endfacet
  facet normal 0.000000e+00 0.000000e+00 -1.000000e+00
    outer loop
      vertex -7.206637e-02 -4.741372e-02 -2.234470e-03
      vertex -7.200872e-02 -4.799899e-02 -2.234470e-03
      vertex -7.206637e-02 -4.858426e-02 -2.234470e-03
    endloop
  endfacet
  facet normal 0.000000e+00 0.000000e+00 -1.000000e+00
    outer loop
      vertex -7.206637e-02 -4.858426e-02 -2.234470e-03
      vertex -7.223708e-02 -4.914704e-02 -2.234470e-03
      vertex -7.251431e-02 -4.966570e-02 -2.234470e-03
    endloop
  endfacet
  facet normal 0.000000e+00 0.000000e+00 -1.000000e+00
    outer loop
      vertex -7.251431e-02 -4.966570e-02 -2.234470e-03
      vertex -7.288740e-02 -5.012031e-02 -2.234470e-03
      vertex -7.334201e-02 -5.049340e-02 -2.234470e-03
    endloop
  endfacet
  facet normal -0.000000e+00 0.000000e+00 -1.000000e+00
    outer loop
      vertex -7.334201e-02 -5.049340e-02 -2.234470e-03
      vertex -7.386068e-02 -5.077063e-02 -2.234470e-03
      vertex -7.251431e-02 -4.966570e-02 -2.234470e-03
    endloop
  endfacet
  facet normal -0.000000e+00 0.000000e+00 -9.999999e-01
    outer loop
      vertex -7.386068e-02 -5.077063e-02 -2.234470e-03
      vertex -7.442345e-02 -5.094135e-02 -2.234470e-03
      vertex -7.251431e-02 -4.966570e-02 -2.234470e-03
    endloop
  endfacet
  facet normal -0.000000e+00 0.000000e+00 -1.000000e+00
    outer loop
      vertex -7.442345e-02 -5.094135e-02 -2.234470e-03
      vertex -7.500872e-02 -5.099899e-02 -2.234470e-03
      vertex -7.559399e-02 -5.094135e-02 -2.234470e-03
    endloop
  endfacet
  facet normal 0.000000e+00 0.000000e+00 -1.000000e+00
    outer loop
      vertex -7.559399e-02 -5.094135e-02 -2.234470e-03
      vertex -7.615677e-02 -5.077063e-02 -2.234470e-03
      vertex -7.442345e-02 -5.094135e-02 -2.234470e-03
    endloop
  endfacet
  facet normal 0.000000e+00 0.000000e+00 -1.000000e+00
    outer loop
      vertex -7.615677e-02 -5.077063e-02 -2.234470e-03
      vertex -7.667543e-02 -5.049340e-02 -2.234470e-03
      vertex -7.442345e-02 -5.094135e-02 -2.234470e-03
    endloop
  endfacet
  facet normal 0.000000e+00 0.000000e+00 -1.000000e+00
    outer loop
      vertex -7.667543e-02 -5.049340e-02 -2.234470e-03
      vertex -7.713004e-02 -5.012031e-02 -2.234470e-03
      vertex -7.750313e-02 -4.966570e-02 -2.234470e-03
    endloop
  endfacet
  facet normal 0.000000e+00 0.000000e+00 -1.000000e+00
    outer loop
      vertex -7.750313e-02 -4.966570e-02 -2.234470e-03
      vertex -7.778036e-02 -4.914704e-02 -2.234470e-03
      vertex -7.795107e-02 -4.858426e-02 -2.234470e-03
    endloop
  endfacet
  facet normal 0.000000e+00 0.000000e+00 -1.000000e+00
    outer loop
      vertex -7.795107e-02 -4.858426e-02 -2.234470e-03
      vertex -7.800872e-02 -4.799899e-02 -2.234470e-03
      vertex -7.795107e-02 -4.741372e-02 -2.234470e-03
    endloop
  endfacet
  facet normal 0.000000e+00 0.000000e+00 -1.000000e+00
    outer loop
      vertex -7.795107e-02 -4.741372e-02 -2.234470e-03
      vertex -7.778036e-02 -4.685095e-02 -2.234470e-03
      vertex -7.750313e-02 -4.633228e-02 -2.234470e-03
    endloop
  endfacet
  facet normal 0.000000e+00 0.000000e+00 -1.000000e+00
    outer loop
      vertex -7.750313e-02 -4.633228e-02 -2.234470e-03
      vertex -7.713004e-02 -4.587767e-02 -2.234470e-03
      vertex -7.667543e-02 -4.550458e-02 -2.234470e-03
    endloop
  endfacet
  facet normal 0.000000e+00 -0.000000e+00 -1.000000e+00
    outer loop
      vertex -7.667543e-02 -4.550458e-02 -2.234470e-03
      vertex -7.615677e-02 -4.522736e-02 -2.234470e-03
      vertex -7.750313e-02 -4.633228e-02 -2.234470e-03
    endloop
  endfacet
  facet normal 0.000000e+00 -0.000000e+00 -1.000000e+00
    outer loop
      vertex -7.615677e-02 -4.522736e-02 -2.234470e-03
      vertex -7.559399e-02 -4.505664e-02 -2.234470e-03
      vertex -7.750313e-02 -4.633228e-02 -2.234470e-03
    endloop
  endfacet
  facet normal 0.000000e+00 0.000000e+00 -1.000000e+00
    outer loop
      vertex -7.334201e-02 -4.550458e-02 -2.234470e-03
      vertex -7.251431e-02 -4.633228e-02 -2.234470e-03
      vertex -7.206637e-02 -4.741372e-02 -2.234470e-03
    endloop
  endfacet
  facet normal 0.000000e+00 -0.000000e+00 -1.000000e+00
    outer loop
      vertex -7.206637e-02 -4.741372e-02 -2.234470e-03
      vertex -7.206637e-02 -4.858426e-02 -2.234470e-03
      vertex -7.442345e-02 -5.094135e-02 -2.234470e-03
    endloop
  endfacet
  facet normal 0.000000e+00 0.000000e+00 -1.000000e+00
    outer loop
      vertex -7.206637e-02 -4.858426e-02 -2.234470e-03
      vertex -7.251431e-02 -4.966570e-02 -2.234470e-03
      vertex -7.442345e-02 -5.094135e-02 -2.234470e-03
    endloop
  endfacet
  facet normal 0.000000e+00 0.000000e+00 -1.000000e+00
    outer loop
      vertex -7.667543e-02 -5.049340e-02 -2.234470e-03
      vertex -7.750313e-02 -4.966570e-02 -2.234470e-03
      vertex -7.795107e-02 -4.858426e-02 -2.234470e-03
    endloop
  endfacet
  facet normal 0.000000e+00 0.000000e+00 -1.000000e+00
    outer loop
      vertex -7.795107e-02 -4.858426e-02 -2.234470e-03
      vertex -7.795107e-02 -4.741372e-02 -2.234470e-03
      vertex -7.559399e-02 -4.505664e-02 -2.234470e-03
    endloop
  endfacet
  facet normal 0.000000e+00 0.000000e+00 -1.000000e+00
    outer loop
      vertex -7.795107e-02 -4.741372e-02 -2.234470e-03
      vertex -7.750313e-02 -4.633228e-02 -2.234470e-03
      vertex -7.559399e-02 -4.505664e-02 -2.234470e-03
    endloop
  endfacet
  facet normal 0.000000e+00 0.000000e+00 -1.000000e+00
    outer loop
      vertex -7.559399e-02 -4.505664e-02 -2.234470e-03
      vertex -7.334201e-02 -4.550458e-02 -2.234470e-03
      vertex -7.206637e-02 -4.741372e-02 -2.234470e-03
    endloop
  endfacet
  facet normal 0.000000e+00 0.000000e+00 -1.000000e+00
    outer loop
      vertex -7.442345e-02 -5.094135e-02 -2.234470e-03
      vertex -7.667543e-02 -5.049340e-02 -2.234470e-03
      vertex -7.795107e-02 -4.858426e-02 -2.234470e-03
    endloop
  endfacet
  facet normal 0.000000e+00 -0.000000e+00 -1.000000e+00
    outer loop
      vertex -7.559399e-02 -4.505664e-02 -2.234470e-03
      vertex -7.206637e-02 -4.741372e-02 -2.234470e-03
      vertex -7.795107e-02 -4.858426e-02 -2.234470e-03
    endloop
  endfacet
endsolid exported
