<?xml version="1.0" encoding="utf-8"?>
<COLLADA xmlns="http://www.collada.org/2005/11/COLLADASchema" version="1.4.1" xmlns:xsi="http://www.w3.org/2001/XMLSchema-instance">
  <asset>
    <contributor>
      <author>Blender User</author>
      <authoring_tool>Blender 4.2.21 LTS commit date:2026-05-18, commit time:13:31, hash:62e63fd49c8c</authoring_tool>
    </contributor>
    <created>2026-07-22T00:25:59</created>
    <modified>2026-07-22T00:25:59</modified>
    <unit name="meter" meter="1"/>
    <up_axis>Z_UP</up_axis>
  </asset>
  <library_effects>
    <effect id="Mat_Motor-effect">
      <profile_COMMON>
        <technique sid="common">
          <lambert>
            <emission>
              <color sid="emission">0 0 0 1</color>
            </emission>
            <diffuse>
              <color sid="diffuse">0.8 0.8 0.8 1</color>
            </diffuse>
            <index_of_refraction>
              <float sid="ior">1.5</float>
            </index_of_refraction>
          </lambert>
        </technique>
      </profile_COMMON>
    </effect>
    <effect id="Mat_Shaft-effect">
      <profile_COMMON>
        <technique sid="common">
          <lambert>
            <emission>
              <color sid="emission">0 0 0 1</color>
            </emission>
            <diffuse>
              <color sid="diffuse">0.8 0.8 0.8 1</color>
            </diffuse>
            <index_of_refraction>
              <float sid="ior">1.5</float>
            </index_of_refraction>
          </lambert>
        </technique>
      </profile_COMMON>
    </effect>
    <effect id="Mat_HATBlue-effect">
      <profile_COMMON>
        <technique sid="common">
          <lambert>
            <emission>
              <color sid="emission">0 0 0 1</color>
            </emission>
            <diffuse>
              <color sid="diffuse">0.8 0.8 0.8 1</color>
            </diffuse>
            <index_of_refraction>
              <float sid="ior">1.5</float>
            </index_of_refraction>
          </lambert>
        </technique>
      </profile_COMMON>
    </effect>
    <effect id="Mat_ChassisBlack-effect">
      <profile_COMMON>
        <technique sid="common">
          <lambert>
            <emission>
              <color sid="emission">0 0 0 1</color>
            </emission>
            <diffuse>
              <color sid="diffuse">0.8 0.8 0.8 1</color>
            </diffuse>
            <index_of_refraction>
              <float sid="ior">1.5</float>
            </index_of_refraction>
          </lambert>
        </technique>
      </profile_COMMON>
    </effect>
    <effect id="Mat_PCBGreen-effect">
      <profile_COMMON>
        <technique sid="common">
          <lambert>
            <emission>
              <color sid="emission">0 0 0 1</color>
            </emission>
            <diffuse>
              <color sid="diffuse">0.8 0.8 0.8 1</color>
            </diffuse>
            <index_of_refraction>
              <float sid="ior">1.5</float>
            </index_of_refraction>
          </lambert>
        </technique>
      </profile_COMMON>
    </effect>
    <effect id="Mat_Brass-effect">
      <profile_COMMON>
        <technique sid="common">
          <lambert>
            <emission>
              <color sid="emission">0 0 0 1</color>
            </emission>
            <diffuse>
              <color sid="diffuse">0.8 0.8 0.8 1</color>
            </diffuse>
            <index_of_refraction>
              <float sid="ior">1.5</float>
            </index_of_refraction>
          </lambert>
        </technique>
      </profile_COMMON>
    </effect>
  </library_effects>
  <library_images/>
  <library_materials>
    <material id="Mat_Motor-material" name="Mat_Motor">
      <instance_effect url="#Mat_Motor-effect"/>
    </material>
    <material id="Mat_Shaft-material" name="Mat_Shaft">
      <instance_effect url="#Mat_Shaft-effect"/>
    </material>
    <material id="Mat_HATBlue-material" name="Mat_HATBlue">
      <instance_effect url="#Mat_HATBlue-effect"/>
    </material>
    <material id="Mat_ChassisBlack-material" name="Mat_ChassisBlack">
      <instance_effect url="#Mat_ChassisBlack-effect"/>
    </material>
    <material id="Mat_PCBGreen-material" name="Mat_PCBGreen">
      <instance_effect url="#Mat_PCBGreen-effect"/>
    </material>
    <material id="Mat_Brass-material" name="Mat_Brass">
      <instance_effect url="#Mat_Brass-effect"/>
    </material>
  </library_materials>
  <library_geometries>
    <geometry id="TMP_chassis_export-mesh" name="TMP_chassis_export">
      <mesh>
        <source id="TMP_chassis_export-mesh-positions">
          <float_array id="TMP_chassis_export-mesh-positions-array" count="2328">0.06749999 0.06299996 0.04249995 0.06749999 0.023 0.04249995 0.0699386 0.06299996 0.04225981 0.0699386 0.023 0.04225981 0.0722835 0.06299996 0.04154849 0.0722835 0.023 0.04154849 0.07444459 0.06299996 0.04039335 0.07444459 0.023 0.04039335 0.07633882 0.06299996 0.0388388 0.07633882 0.023 0.0388388 0.07789337 0.06299996 0.03694462 0.07789337 0.023 0.03694462 0.07904845 0.06299996 0.03478354 0.07904845 0.023 0.03478354 0.07975977 0.06299996 0.03243863 0.07975977 0.023 0.03243857 0.07999998 0.06299996 0.02999997 0.07999998 0.023 0.02999997 0.07975977 0.06299996 0.02756136 0.07975977 0.023 0.02756136 0.07904845 0.06299996 0.02521646 0.07904845 0.023 0.02521646 0.07789337 0.06299996 0.02305537 0.07789337 0.023 0.02305537 0.07633882 0.06299996 0.02116113 0.07633882 0.023 0.02116113 0.07444459 0.06299996 0.01960659 0.07444459 0.023 0.01960659 0.0722835 0.06299996 0.01845151 0.0722835 0.023 0.01845151 0.0699386 0.06299996 0.01774019 0.0699386 0.023 0.01774019 0.06749999 0.06299996 0.01749998 0.06749999 0.023 0.01749998 0.06506133 0.06299996 0.01774019 0.06506133 0.023 0.01774019 0.06271642 0.06299996 0.01845151 0.06271642 0.023 0.01845151 0.06055533 0.06299996 0.01960659 0.06055533 0.023 0.01960659 0.05866116 0.06299996 0.02116113 0.05866116 0.023 0.02116113 0.05710661 0.06299996 0.02305537 0.05710661 0.023 0.02305537 0.05595147 0.06299996 0.02521646 0.05595147 0.023 0.02521646 0.05524015 0.06299996 0.02756136 0.05524015 0.023 0.02756136 0.055 0.06299996 0.02999997 0.055 0.023 0.02999997 0.05524015 0.06299996 0.03243863 0.05524015 0.023 0.03243857 0.05595147 0.06299996 0.03478354 0.05595147 0.023 0.03478354 0.05710661 0.06299996 0.03694462 0.05710661 0.023 0.03694462 0.05866116 0.06299996 0.0388388 0.05866116 0.023 0.0388388 0.06055533 0.06299996 0.04039335 0.06055533 0.023 0.04039335 0.06271642 0.06299996 0.04154849 0.06271642 0.023 0.04154849 0.06506133 0.06299996 0.04225981 0.06506133 0.023 0.04225981 0.06749999 -0.023 0.04249995 0.06749999 -0.06299996 0.04249995 0.0699386 -0.023 0.04225981 0.0699386 -0.06299996 0.04225981 0.0722835 -0.023 0.04154849 0.0722835 -0.06299996 0.04154849 0.07444459 -0.023 0.04039335 0.07444459 -0.06299996 0.04039335 0.07633882 -0.023 0.0388388 0.07633882 -0.06299996 0.0388388 0.07789337 -0.023 0.03694462 0.07789337 -0.06299996 0.03694462 0.07904845 -0.023 0.03478354 0.07904845 -0.06299996 0.03478354 0.07975977 -0.023 0.03243863 0.07975977 -0.06299996 0.03243857 0.07999998 -0.023 0.02999997 0.07999998 -0.06299996 0.02999997 0.07975977 -0.023 0.02756136 0.07975977 -0.06299996 0.02756136 0.07904845 -0.023 0.02521646 0.07904845 -0.06299996 0.02521646 0.07789337 -0.023 0.02305537 0.07789337 -0.06299996 0.02305537 0.07633882 -0.023 0.02116113 0.07633882 -0.06299996 0.02116113 0.07444459 -0.023 0.01960659 0.07444459 -0.06299996 0.01960659 0.0722835 -0.023 0.01845151 0.0722835 -0.06299996 0.01845151 0.0699386 -0.023 0.01774019 0.0699386 -0.06299996 0.01774019 0.06749999 -0.023 0.01749998 0.06749999 -0.06299996 0.01749998 0.06506133 -0.023 0.01774019 0.06506133 -0.06299996 0.01774019 0.06271642 -0.023 0.01845151 0.06271642 -0.06299996 0.01845151 0.06055533 -0.023 0.01960659 0.06055533 -0.06299996 0.01960659 0.05866116 -0.023 0.02116113 0.05866116 -0.06299996 0.02116113 0.05710661 -0.023 0.02305537 0.05710661 -0.06299996 0.02305537 0.05595147 -0.023 0.02521646 0.05595147 -0.06299996 0.02521646 0.05524015 -0.023 0.02756136 0.05524015 -0.06299996 0.02756136 0.055 -0.023 0.02999997 0.055 -0.06299996 0.02999997 0.05524015 -0.023 0.03243863 0.05524015 -0.06299996 0.03243857 0.05595147 -0.023 0.03478354 0.05595147 -0.06299996 0.03478354 0.05710661 -0.023 0.03694462 0.05710661 -0.06299996 0.03694462 0.05866116 -0.023 0.0388388 0.05866116 -0.06299996 0.0388388 0.06055533 -0.023 0.04039335 0.06055533 -0.06299996 0.04039335 0.06271642 -0.023 0.04154849 0.06271642 -0.06299996 0.04154849 0.06506133 -0.023 0.04225981 0.06506133 -0.06299996 0.04225981 -0.06749999 0.06299996 0.04249995 -0.06749999 0.023 0.04249995 -0.06506133 0.06299996 0.04225981 -0.06506133 0.023 0.04225981 -0.06271642 0.06299996 0.04154849 -0.06271642 0.023 0.04154849 -0.06055533 0.06299996 0.04039335 -0.06055533 0.023 0.04039335 -0.05866116 0.06299996 0.0388388 -0.05866116 0.023 0.0388388 -0.05710661 0.06299996 0.03694462 -0.05710661 0.023 0.03694462 -0.05595147 0.06299996 0.03478354 -0.05595147 0.023 0.03478354 -0.05524015 0.06299996 0.03243863 -0.05524015 0.023 0.03243857 -0.05499994 0.06299996 0.02999997 -0.05499994 0.023 0.02999997 -0.05524015 0.06299996 0.02756136 -0.05524015 0.023 0.02756136 -0.05595147 0.06299996 0.02521646 -0.05595147 0.023 0.02521646 -0.05710661 0.06299996 0.02305537 -0.05710661 0.023 0.02305537 -0.05866116 0.06299996 0.02116113 -0.05866116 0.023 0.02116113 -0.06055533 0.06299996 0.01960659 -0.06055533 0.023 0.01960659 -0.06271642 0.06299996 0.01845151 -0.06271642 0.023 0.01845151 -0.06506133 0.06299996 0.01774019 -0.06506133 0.023 0.01774019 -0.06749999 0.06299996 0.01749998 -0.06749999 0.023 0.01749998 -0.0699386 0.06299996 0.01774019 -0.0699386 0.023 0.01774019 -0.0722835 0.06299996 0.01845151 -0.0722835 0.023 0.01845151 -0.07444459 0.06299996 0.01960659 -0.07444459 0.023 0.01960659 -0.07633882 0.06299996 0.02116113 -0.07633882 0.023 0.02116113 -0.07789337 0.06299996 0.02305537 -0.07789337 0.023 0.02305537 -0.07904845 0.06299996 0.02521646 -0.07904845 0.023 0.02521646 -0.07975977 0.06299996 0.02756136 -0.07975977 0.023 0.02756136 -0.07999998 0.06299996 0.02999997 -0.07999998 0.023 0.02999997 -0.07975977 0.06299996 0.03243863 -0.07975977 0.023 0.03243857 -0.07904845 0.06299996 0.03478354 -0.07904845 0.023 0.03478354 -0.07789337 0.06299996 0.03694462 -0.07789337 0.023 0.03694462 -0.07633882 0.06299996 0.0388388 -0.07633882 0.023 0.0388388 -0.07444459 0.06299996 0.04039335 -0.07444459 0.023 0.04039335 -0.0722835 0.06299996 0.04154849 -0.0722835 0.023 0.04154849 -0.0699386 0.06299996 0.04225981 -0.0699386 0.023 0.04225981 -0.06749999 -0.023 0.04249995 -0.06749999 -0.06299996 0.04249995 -0.06506133 -0.023 0.04225981 -0.06506133 -0.06299996 0.04225981 -0.06271642 -0.023 0.04154849 -0.06271642 -0.06299996 0.04154849 -0.06055533 -0.023 0.04039335 -0.06055533 -0.06299996 0.04039335 -0.05866116 -0.023 0.0388388 -0.05866116 -0.06299996 0.0388388 -0.05710661 -0.023 0.03694462 -0.05710661 -0.06299996 0.03694462 -0.05595147 -0.023 0.03478354 -0.05595147 -0.06299996 0.03478354 -0.05524015 -0.023 0.03243863 -0.05524015 -0.06299996 0.03243857 -0.05499994 -0.023 0.02999997 -0.05499994 -0.06299996 0.02999997 -0.05524015 -0.023 0.02756136 -0.05524015 -0.06299996 0.02756136 -0.05595147 -0.023 0.02521646 -0.05595147 -0.06299996 0.02521646 -0.05710661 -0.023 0.02305537 -0.05710661 -0.06299996 0.02305537 -0.05866116 -0.023 0.02116113 -0.05866116 -0.06299996 0.02116113 -0.06055533 -0.023 0.01960659 -0.06055533 -0.06299996 0.01960659 -0.06271642 -0.023 0.01845151 -0.06271642 -0.06299996 0.01845151 -0.06506133 -0.023 0.01774019 -0.06506133 -0.06299996 0.01774019 -0.06749999 -0.023 0.01749998 -0.06749999 -0.06299996 0.01749998 -0.0699386 -0.023 0.01774019 -0.0699386 -0.06299996 0.01774019 -0.0722835 -0.023 0.01845151 -0.0722835 -0.06299996 0.01845151 -0.07444459 -0.023 0.01960659 -0.07444459 -0.06299996 0.01960659 -0.07633882 -0.023 0.02116113 -0.07633882 -0.06299996 0.02116113 -0.07789337 -0.023 0.02305537 -0.07789337 -0.06299996 0.02305537 -0.07904845 -0.023 0.02521646 -0.07904845 -0.06299996 0.02521646 -0.07975977 -0.023 0.02756136 -0.07975977 -0.06299996 0.02756136 -0.07999998 -0.023 0.02999997 -0.07999998 -0.06299996 0.02999997 -0.07975977 -0.023 0.03243863 -0.07975977 -0.06299996 0.03243857 -0.07904845 -0.023 0.03478354 -0.07904845 -0.06299996 0.03478354 -0.07789337 -0.023 0.03694462 -0.07789337 -0.06299996 0.03694462 -0.07633882 -0.023 0.0388388 -0.07633882 -0.06299996 0.0388388 -0.07444459 -0.023 0.04039335 -0.07444459 -0.06299996 0.04039335 -0.0722835 -0.023 0.04154849 -0.0722835 -0.06299996 0.04154849 -0.0699386 -0.023 0.04225981 -0.0699386 -0.06299996 0.04225981 0.06749999 0.06699997 0.03249996 0.06749999 0.06299996 0.03249996 0.0684567 0.06699997 0.03230965 0.0684567 0.06299996 0.03230965 0.06926774 0.06699997 0.03176772 0.06926774 0.06299996 0.03176772 0.06980967 0.06699997 0.03095668 0.06980967 0.06299996 0.03095668 0.06999999 0.06699997 0.02999997 0.06999999 0.06299996 0.02999997 0.06980967 0.06699997 0.02904325 0.06980967 0.06299996 0.02904325 0.06926774 0.06699997 0.02823221 0.06926774 0.06299996 0.02823221 0.0684567 0.06699997 0.02769029 0.0684567 0.06299996 0.02769029 0.06749999 0.06699997 0.02749997 0.06749999 0.06299996 0.02749997 0.06654328 0.06699997 0.02769029 0.06654328 0.06299996 0.02769029 0.06573224 0.06699997 0.02823221 0.06573224 0.06299996 0.02823221 0.06519025 0.06699997 0.02904325 0.06519025 0.06299996 0.02904325 0.06499999 0.06699997 0.02999997 0.06499999 0.06299996 0.02999997 0.06519025 0.06699997 0.03095668 0.06519025 0.06299996 0.03095668 0.06573224 0.06699997 0.03176772 0.06573224 0.06299996 0.03176772 0.06654328 0.06699997 0.03230965 0.06654328 0.06299996 0.03230965 0.06749999 -0.06299996 0.03249996 0.06749999 -0.06699997 0.03249996 0.0684567 -0.06299996 0.03230965 0.0684567 -0.06699997 0.03230965 0.06926774 -0.06299996 0.03176772 0.06926774 -0.06699997 0.03176772 0.06980967 -0.06299996 0.03095668 0.06980967 -0.06699997 0.03095668 0.06999999 -0.06299996 0.02999997 0.06999999 -0.06699997 0.02999997 0.06980967 -0.06299996 0.02904325 0.06980967 -0.06699997 0.02904325 0.06926774 -0.06299996 0.02823221 0.06926774 -0.06699997 0.02823221 0.0684567 -0.06299996 0.02769029 0.0684567 -0.06699997 0.02769029 0.06749999 -0.06299996 0.02749997 0.06749999 -0.06699997 0.02749997 0.06654328 -0.06299996 0.02769029 0.06654328 -0.06699997 0.02769029 0.06573224 -0.06299996 0.02823221 0.06573224 -0.06699997 0.02823221 0.06519025 -0.06299996 0.02904325 0.06519025 -0.06699997 0.02904325 0.06499999 -0.06299996 0.02999997 0.06499999 -0.06699997 0.02999997 0.06519025 -0.06299996 0.03095668 0.06519025 -0.06699997 0.03095668 0.06573224 -0.06299996 0.03176772 0.06573224 -0.06699997 0.03176772 0.06654328 -0.06299996 0.03230965 0.06654328 -0.06699997 0.03230965 -0.06749999 0.06699997 0.03249996 -0.06749999 0.06299996 0.03249996 -0.06654328 0.06699997 0.03230965 -0.06654328 0.06299996 0.03230965 -0.06573224 0.06699997 0.03176772 -0.06573224 0.06299996 0.03176772 -0.06519031 0.06699997 0.03095668 -0.06519031 0.06299996 0.03095668 -0.06499999 0.06699997 0.02999997 -0.06499999 0.06299996 0.02999997 -0.06519031 0.06699997 0.02904325 -0.06519031 0.06299996 0.02904325 -0.06573224 0.06699997 0.02823221 -0.06573224 0.06299996 0.02823221 -0.06654328 0.06699997 0.02769029 -0.06654328 0.06299996 0.02769029 -0.06749999 0.06699997 0.02749997 -0.06749999 0.06299996 0.02749997 -0.0684567 0.06699997 0.02769029 -0.0684567 0.06299996 0.02769029 -0.06926774 0.06699997 0.02823221 -0.06926774 0.06299996 0.02823221 -0.06980967 0.06699997 0.02904325 -0.06980967 0.06299996 0.02904325 -0.06999999 0.06699997 0.02999997 -0.06999999 0.06299996 0.02999997 -0.06980967 0.06699997 0.03095668 -0.06980967 0.06299996 0.03095668 -0.06926774 0.06699997 0.03176772 -0.06926774 0.06299996 0.03176772 -0.0684567 0.06699997 0.03230965 -0.0684567 0.06299996 0.03230965 -0.06749999 -0.06299996 0.03249996 -0.06749999 -0.06699997 0.03249996 -0.06654328 -0.06299996 0.03230965 -0.06654328 -0.06699997 0.03230965 -0.06573224 -0.06299996 0.03176772 -0.06573224 -0.06699997 0.03176772 -0.06519031 -0.06299996 0.03095668 -0.06519031 -0.06699997 0.03095668 -0.06499999 -0.06299996 0.02999997 -0.06499999 -0.06699997 0.02999997 -0.06519031 -0.06299996 0.02904325 -0.06519031 -0.06699997 0.02904325 -0.06573224 -0.06299996 0.02823221 -0.06573224 -0.06699997 0.02823221 -0.06654328 -0.06299996 0.02769029 -0.06654328 -0.06699997 0.02769029 -0.06749999 -0.06299996 0.02749997 -0.06749999 -0.06699997 0.02749997 -0.0684567 -0.06299996 0.02769029 -0.0684567 -0.06699997 0.02769029 -0.06926774 -0.06299996 0.02823221 -0.06926774 -0.06699997 0.02823221 -0.06980967 -0.06299996 0.02904325 -0.06980967 -0.06699997 0.02904325 -0.06999999 -0.06299996 0.02999997 -0.06999999 -0.06699997 0.02999997 -0.06980967 -0.06299996 0.03095668 -0.06980967 -0.06699997 0.03095668 -0.06926774 -0.06299996 0.03176772 -0.06926774 -0.06699997 0.03176772 -0.0684567 -0.06299996 0.03230965 -0.0684567 -0.06699997 0.03230965 -0.04249995 -0.02799999 0.115 -0.04249995 -0.02799999 0.145 -0.04249995 0.02799999 0.115 -0.04249995 0.02799999 0.145 0.04249995 -0.02799999 0.115 0.04249995 -0.02799999 0.145 0.04249995 0.02799999 0.115 0.04249995 0.02799999 0.145 0.09749996 0.05199998 0.04499995 0.0855 0.06400001 0.04499995 0.04299998 0.06400001 0.04499995 0.03499996 0.06400001 0.04499995 0.03233575 0.05711168 0.04499995 0.02474874 0.05127203 0.04499995 0.01339387 0.04737013 0.04499995 0 0.046 0.04499995 -0.01339387 0.04737013 0.04499995 -0.02474868 0.05127203 0.04499995 -0.03233575 0.05711168 0.04499995 -0.03499996 0.06400001 0.04499995 -0.04299998 0.06400001 0.04499995 -0.0855 0.06400001 0.04499995 -0.09749996 0.05199998 0.04499995 -0.09749996 -0.05199998 0.04499995 -0.0855 -0.06400001 0.04499995 -0.04299998 -0.06400001 0.04499995 -0.03499996 -0.06400001 0.04499995 -0.03233575 -0.05711168 0.04499995 -0.02474868 -0.05127203 0.04499995 -0.01339387 -0.04737013 0.04499995 0 -0.046 0.04499995 0.01339387 -0.04737013 0.04499995 0.02474874 -0.05127203 0.04499995 0.03233575 -0.05711168 0.04499995 0.03499996 -0.06400001 0.04499995 0.04299998 -0.06400001 0.04499995 0.0855 -0.06400001 0.04499995 0.09749996 -0.05199998 0.04499995 0.09749996 0.05199998 0.04999995 0.0855 0.06400001 0.04999995 0.04299998 0.06400001 0.04999995 0.03499996 0.06400001 0.04999995 0.03233575 0.05711168 0.04999995 0.02474874 0.05127203 0.04999995 0.01339387 0.04737013 0.04999995 0 0.046 0.04999995 -0.01339387 0.04737013 0.04999995 -0.02474868 0.05127203 0.04999995 -0.03233575 0.05711168 0.04999995 -0.03499996 0.06400001 0.04999995 -0.04299998 0.06400001 0.04999995 -0.0855 0.06400001 0.04999995 -0.09749996 0.05199998 0.04999995 -0.09749996 -0.05199998 0.04999995 -0.0855 -0.06400001 0.04999995 -0.04299998 -0.06400001 0.04999995 -0.03499996 -0.06400001 0.04999995 -0.03233575 -0.05711168 0.04999995 -0.02474868 -0.05127203 0.04999995 -0.01339387 -0.04737013 0.04999995 0 -0.046 0.04999995 0.01339387 -0.04737013 0.04999995 0.02474874 -0.05127203 0.04999995 0.03233575 -0.05711168 0.04999995 0.03499996 -0.06400001 0.04999995 0.04299998 -0.06400001 0.04999995 0.0855 -0.06400001 0.04999995 0.09749996 -0.05199998 0.04999995 0.09749996 0.05199998 0.09499996 0.0855 0.06400001 0.09499996 0.04299998 0.06400001 0.09499996 0.03499996 0.06400001 0.09499996 0.03233575 0.05711168 0.09499996 0.02474874 0.05127203 0.09499996 0.01339387 0.04737013 0.09499996 0 0.046 0.09499996 -0.01339387 0.04737013 0.09499996 -0.02474868 0.05127203 0.09499996 -0.03233575 0.05711168 0.09499996 -0.03499996 0.06400001 0.09499996 -0.04299998 0.06400001 0.09499996 -0.0855 0.06400001 0.09499996 -0.09749996 0.05199998 0.09499996 -0.09749996 -0.05199998 0.09499996 -0.0855 -0.06400001 0.09499996 -0.04299998 -0.06400001 0.09499996 -0.03499996 -0.06400001 0.09499996 -0.03233575 -0.05711168 0.09499996 -0.02474868 -0.05127203 0.09499996 -0.01339387 -0.04737013 0.09499996 0 -0.046 0.09499996 0.01339387 -0.04737013 0.09499996 0.02474874 -0.05127203 0.09499996 0.03233575 -0.05711168 0.09499996 0.03499996 -0.06400001 0.09499996 0.04299998 -0.06400001 0.09499996 0.0855 -0.06400001 0.09499996 0.09749996 -0.05199998 0.09499996 0.09749996 0.05199998 0.1 0.0855 0.06400001 0.1 0.04299998 0.06400001 0.1 0.03499996 0.06400001 0.1 0.03233575 0.05711168 0.1 0.02474874 0.05127203 0.1 0.01339387 0.04737013 0.1 0 0.046 0.1 -0.01339387 0.04737013 0.1 -0.02474868 0.05127203 0.1 -0.03233575 0.05711168 0.1 -0.03499996 0.06400001 0.1 -0.04299998 0.06400001 0.1 -0.0855 0.06400001 0.1 -0.09749996 0.05199998 0.1 -0.09749996 -0.05199998 0.1 -0.0855 -0.06400001 0.1 -0.04299998 -0.06400001 0.1 -0.03499996 -0.06400001 0.1 -0.03233575 -0.05711168 0.1 -0.02474868 -0.05127203 0.1 -0.01339387 -0.04737013 0.1 0 -0.046 0.1 0.01339387 -0.04737013 0.1 0.02474874 -0.05127203 0.1 0.03233575 -0.05711168 0.1 0.03499996 -0.06400001 0.1 0.04299998 -0.06400001 0.1 0.0855 -0.06400001 0.1 0.09749996 -0.05199998 0.1 -0.04249995 -0.02799999 0.09999996 -0.04249995 -0.02799999 0.115 -0.04249995 0.02799999 0.09999996 -0.04249995 0.02799999 0.115 0.04249995 -0.02799999 0.09999996 0.04249995 -0.02799999 0.115 0.04249995 0.02799999 0.09999996 0.04249995 0.02799999 0.115 0.07499998 0.05099999 0.04999995 0.07499998 0.05099999 0.09499996 0.07558524 0.0509423 0.04999995 0.07558524 0.0509423 0.09499996 0.07614803 0.05077159 0.04999995 0.07614803 0.05077159 0.09499996 0.07666671 0.05049437 0.04999995 0.07666671 0.05049437 0.09499996 0.07712131 0.0501213 0.04999995 0.07712131 0.0501213 0.09499996 0.07749438 0.0496667 0.04999995 0.07749438 0.0496667 0.09499996 0.0777716 0.04914802 0.04999995 0.0777716 0.04914802 0.09499996 0.07794231 0.04858523 0.04999995 0.07794231 0.04858523 0.09499996 0.078 0.04799997 0.04999995 0.078 0.04799997 0.09499996 0.07794231 0.04741472 0.04999995 0.07794231 0.04741472 0.09499996 0.0777716 0.04685193 0.04999995 0.0777716 0.04685193 0.09499996 0.07749438 0.04633325 0.04999995 0.07749438 0.04633325 0.09499996 0.07712131 0.04587864 0.04999995 0.07712131 0.04587864 0.09499996 0.07666671 0.04550558 0.04999995 0.07666671 0.04550558 0.09499996 0.07614803 0.04522836 0.04999995 0.07614803 0.04522836 0.09499996 0.07558524 0.04505759 0.04999995 0.07558524 0.04505759 0.09499996 0.07499998 0.04499995 0.04999995 0.07499998 0.04499995 0.09499996 0.07441473 0.04505759 0.04999995 0.07441473 0.04505759 0.09499996 0.07385194 0.04522836 0.04999995 0.07385194 0.04522836 0.09499996 0.07333326 0.04550558 0.04999995 0.07333326 0.04550558 0.09499996 0.07287865 0.04587864 0.04999995 0.07287865 0.04587864 0.09499996 0.07250559 0.04633325 0.04999995 0.07250559 0.04633325 0.09499996 0.07222837 0.04685193 0.04999995 0.07222837 0.04685193 0.09499996 0.0720576 0.04741472 0.04999995 0.0720576 0.04741472 0.09499996 0.07199996 0.04799997 0.04999995 0.07199996 0.04799997 0.09499996 0.0720576 0.04858523 0.04999995 0.0720576 0.04858523 0.09499996 0.07222837 0.04914802 0.04999995 0.07222837 0.04914802 0.09499996 0.07250559 0.0496667 0.04999995 0.07250559 0.0496667 0.09499996 0.07287865 0.0501213 0.04999995 0.07287865 0.0501213 0.09499996 0.07333326 0.05049437 0.04999995 0.07333326 0.05049437 0.09499996 0.07385194 0.05077159 0.04999995 0.07385194 0.05077159 0.09499996 0.07441473 0.0509423 0.04999995 0.07441473 0.0509423 0.09499996 0.07499998 -0.04499995 0.04999995 0.07499998 -0.04499995 0.09499996 0.07558524 -0.04505765 0.04999995 0.07558524 -0.04505765 0.09499996 0.07614803 -0.04522836 0.04999995 0.07614803 -0.04522836 0.09499996 0.07666671 -0.04550558 0.04999995 0.07666671 -0.04550558 0.09499996 0.07712131 -0.04587864 0.04999995 0.07712131 -0.04587864 0.09499996 0.07749438 -0.04633325 0.04999995 0.07749438 -0.04633325 0.09499996 0.0777716 -0.04685193 0.04999995 0.0777716 -0.04685193 0.09499996 0.07794231 -0.04741472 0.04999995 0.07794231 -0.04741472 0.09499996 0.078 -0.04799997 0.04999995 0.078 -0.04799997 0.09499996 0.07794231 -0.04858523 0.04999995 0.07794231 -0.04858523 0.09499996 0.0777716 -0.04914802 0.04999995 0.0777716 -0.04914802 0.09499996 0.07749438 -0.0496667 0.04999995 0.07749438 -0.0496667 0.09499996 0.07712131 -0.0501213 0.04999995 0.07712131 -0.0501213 0.09499996 0.07666671 -0.05049437 0.04999995 0.07666671 -0.05049437 0.09499996 0.07614803 -0.05077159 0.04999995 0.07614803 -0.05077159 0.09499996 0.07558524 -0.05094236 0.04999995 0.07558524 -0.05094236 0.09499996 0.07499998 -0.05099999 0.04999995 0.07499998 -0.05099999 0.09499996 0.07441473 -0.05094236 0.04999995 0.07441473 -0.05094236 0.09499996 0.07385194 -0.05077159 0.04999995 0.07385194 -0.05077159 0.09499996 0.07333326 -0.05049437 0.04999995 0.07333326 -0.05049437 0.09499996 0.07287865 -0.0501213 0.04999995 0.07287865 -0.0501213 0.09499996 0.07250559 -0.0496667 0.04999995 0.07250559 -0.0496667 0.09499996 0.07222837 -0.04914802 0.04999995 0.07222837 -0.04914802 0.09499996 0.0720576 -0.04858523 0.04999995 0.0720576 -0.04858523 0.09499996 0.07199996 -0.04799997 0.04999995 0.07199996 -0.04799997 0.09499996 0.0720576 -0.04741472 0.04999995 0.0720576 -0.04741472 0.09499996 0.07222837 -0.04685193 0.04999995 0.07222837 -0.04685193 0.09499996 0.07250559 -0.04633325 0.04999995 0.07250559 -0.04633325 0.09499996 0.07287865 -0.04587864 0.04999995 0.07287865 -0.04587864 0.09499996 0.07333326 -0.04550558 0.04999995 0.07333326 -0.04550558 0.09499996 0.07385194 -0.04522836 0.04999995 0.07385194 -0.04522836 0.09499996 0.07441473 -0.04505765 0.04999995 0.07441473 -0.04505765 0.09499996 -0.07499998 0.05099999 0.04999995 -0.07499998 0.05099999 0.09499996 -0.07441473 0.0509423 0.04999995 -0.07441473 0.0509423 0.09499996 -0.07385194 0.05077159 0.04999995 -0.07385194 0.05077159 0.09499996 -0.07333326 0.05049437 0.04999995 -0.07333326 0.05049437 0.09499996 -0.07287865 0.0501213 0.04999995 -0.07287865 0.0501213 0.09499996 -0.07250559 0.0496667 0.04999995 -0.07250559 0.0496667 0.09499996 -0.07222837 0.04914802 0.04999995 -0.07222837 0.04914802 0.09499996 -0.07205766 0.04858523 0.04999995 -0.07205766 0.04858523 0.09499996 -0.07199996 0.04799997 0.04999995 -0.07199996 0.04799997 0.09499996 -0.07205766 0.04741472 0.04999995 -0.07205766 0.04741472 0.09499996 -0.07222837 0.04685193 0.04999995 -0.07222837 0.04685193 0.09499996 -0.07250559 0.04633325 0.04999995 -0.07250559 0.04633325 0.09499996 -0.07287865 0.04587864 0.04999995 -0.07287865 0.04587864 0.09499996 -0.07333326 0.04550558 0.04999995 -0.07333326 0.04550558 0.09499996 -0.07385194 0.04522836 0.04999995 -0.07385194 0.04522836 0.09499996 -0.07441473 0.04505759 0.04999995 -0.07441473 0.04505759 0.09499996 -0.07499998 0.04499995 0.04999995 -0.07499998 0.04499995 0.09499996 -0.07558524 0.04505759 0.04999995 -0.07558524 0.04505759 0.09499996 -0.07614803 0.04522836 0.04999995 -0.07614803 0.04522836 0.09499996 -0.07666671 0.04550558 0.04999995 -0.07666671 0.04550558 0.09499996 -0.07712131 0.04587864 0.04999995 -0.07712131 0.04587864 0.09499996 -0.07749438 0.04633325 0.04999995 -0.07749438 0.04633325 0.09499996 -0.0777716 0.04685193 0.04999995 -0.0777716 0.04685193 0.09499996 -0.07794237 0.04741472 0.04999995 -0.07794237 0.04741472 0.09499996 -0.078 0.04799997 0.04999995 -0.078 0.04799997 0.09499996 -0.07794237 0.04858523 0.04999995 -0.07794237 0.04858523 0.09499996 -0.0777716 0.04914802 0.04999995 -0.0777716 0.04914802 0.09499996 -0.07749438 0.0496667 0.04999995 -0.07749438 0.0496667 0.09499996 -0.07712131 0.0501213 0.04999995 -0.07712131 0.0501213 0.09499996 -0.07666671 0.05049437 0.04999995 -0.07666671 0.05049437 0.09499996 -0.07614803 0.05077159 0.04999995 -0.07614803 0.05077159 0.09499996 -0.07558524 0.0509423 0.04999995 -0.07558524 0.0509423 0.09499996 -0.07499998 -0.04499995 0.04999995 -0.07499998 -0.04499995 0.09499996 -0.07441473 -0.04505765 0.04999995 -0.07441473 -0.04505765 0.09499996 -0.07385194 -0.04522836 0.04999995 -0.07385194 -0.04522836 0.09499996 -0.07333326 -0.04550558 0.04999995 -0.07333326 -0.04550558 0.09499996 -0.07287865 -0.04587864 0.04999995 -0.07287865 -0.04587864 0.09499996 -0.07250559 -0.04633325 0.04999995 -0.07250559 -0.04633325 0.09499996 -0.07222837 -0.04685193 0.04999995 -0.07222837 -0.04685193 0.09499996 -0.07205766 -0.04741472 0.04999995 -0.07205766 -0.04741472 0.09499996 -0.07199996 -0.04799997 0.04999995 -0.07199996 -0.04799997 0.09499996 -0.07205766 -0.04858523 0.04999995 -0.07205766 -0.04858523 0.09499996 -0.07222837 -0.04914802 0.04999995 -0.07222837 -0.04914802 0.09499996 -0.07250559 -0.0496667 0.04999995 -0.07250559 -0.0496667 0.09499996 -0.07287865 -0.0501213 0.04999995 -0.07287865 -0.0501213 0.09499996 -0.07333326 -0.05049437 0.04999995 -0.07333326 -0.05049437 0.09499996 -0.07385194 -0.05077159 0.04999995 -0.07385194 -0.05077159 0.09499996 -0.07441473 -0.05094236 0.04999995 -0.07441473 -0.05094236 0.09499996 -0.07499998 -0.05099999 0.04999995 -0.07499998 -0.05099999 0.09499996 -0.07558524 -0.05094236 0.04999995 -0.07558524 -0.05094236 0.09499996 -0.07614803 -0.05077159 0.04999995 -0.07614803 -0.05077159 0.09499996 -0.07666671 -0.05049437 0.04999995 -0.07666671 -0.05049437 0.09499996 -0.07712131 -0.0501213 0.04999995 -0.07712131 -0.0501213 0.09499996 -0.07749438 -0.0496667 0.04999995 -0.07749438 -0.0496667 0.09499996 -0.0777716 -0.04914802 0.04999995 -0.0777716 -0.04914802 0.09499996 -0.07794237 -0.04858523 0.04999995 -0.07794237 -0.04858523 0.09499996 -0.078 -0.04799997 0.04999995 -0.078 -0.04799997 0.09499996 -0.07794237 -0.04741472 0.04999995 -0.07794237 -0.04741472 0.09499996 -0.0777716 -0.04685193 0.04999995 -0.0777716 -0.04685193 0.09499996 -0.07749438 -0.04633325 0.04999995 -0.07749438 -0.04633325 0.09499996 -0.07712131 -0.04587864 0.04999995 -0.07712131 -0.04587864 0.09499996 -0.07666671 -0.04550558 0.04999995 -0.07666671 -0.04550558 0.09499996 -0.07614803 -0.04522836 0.04999995 -0.07614803 -0.04522836 0.09499996 -0.07558524 -0.04505765 0.04999995 -0.07558524 -0.04505765 0.09499996</float_array>
          <technique_common>
            <accessor source="#TMP_chassis_export-mesh-positions-array" count="776" stride="3">
              <param name="X" type="float"/>
              <param name="Y" type="float"/>
              <param name="Z" type="float"/>
            </accessor>
          </technique_common>
        </source>
        <source id="TMP_chassis_export-mesh-normals">
          <float_array id="TMP_chassis_export-mesh-normals-array" count="4464">0.09801733 0 0.9951847 0.2902846 0 0.9569403 0.4713975 0 0.8819208 0.6343932 0 0.7730106 0.7730091 0 0.634395 0.8819215 0 0.4713964 0.9569403 0 0.2902846 0.9951848 0 0.09801721 0.9951848 0 -0.09801727 0.9569403 0 -0.2902846 0.8819213 0 -0.4713967 0.7730094 0 -0.6343946 0.6343936 0 -0.7730103 0.4713964 0 -0.8819215 0.2902846 0 -0.9569403 0.09801733 0 -0.9951847 -0.09801733 0 -0.9951847 -0.2902846 0 -0.9569403 -0.4713964 0 -0.8819215 -0.6343928 0 -0.7730109 -0.7730109 0 -0.6343927 -0.8819213 0 -0.4713967 -0.9569403 0 -0.2902846 -0.9951848 0 -0.09801727 -0.9951848 0 0.09801721 -0.9569403 0 0.2902846 -0.8819215 0 0.4713964 -0.7730106 0 0.6343932 -0.6343924 0 0.7730113 -0.4713975 0 0.8819208 0 -1 0 -0.2902846 0 0.9569403 -0.09801733 0 0.9951847 0 1 0 0.09801733 0 0.9951848 0.2902847 0 0.9569404 0.4713975 0 0.8819209 0.6343932 0 0.7730106 0.7730091 0 0.634395 0.8819215 0 0.4713963 0.9569404 0 0.2902847 0.9951848 0 0.09801721 0.9951848 0 -0.09801727 0.9569404 0 -0.2902847 0.8819213 0 -0.4713966 0.7730094 0 -0.6343946 0.6343936 0 -0.7730102 0.4713963 0 -0.8819215 0.2902847 0 -0.9569404 0.09801733 0 -0.9951848 -0.09801733 0 -0.9951848 -0.2902847 0 -0.9569404 -0.4713963 0 -0.8819215 -0.6343928 0 -0.7730108 -0.7730109 0 -0.6343927 -0.8819214 0 -0.4713967 -0.9569404 0 -0.2902847 -0.9951848 0 -0.09801727 -0.9951848 0 0.09801721 -0.9569404 0 0.2902847 -0.8819215 0 0.4713964 -0.7730106 0 0.6343932 -0.6343924 0 0.7730113 -0.4713975 0 0.8819209 0 -1 0 -0.2902847 0 0.9569404 -0.09801733 0 0.9951848 0 1 0 0.09801703 0 0.9951848 0.2902855 0 0.9569401 0.4713975 0 0.8819208 0.6343932 0 0.7730106 0.7730091 0 0.634395 0.8819227 0 0.471394 0.9569403 0 0.2902846 0.9951844 0 0.09802019 0.9951844 0 -0.09802025 0.9569403 0 -0.2902846 0.8819226 0 -0.4713943 0.7730094 0 -0.6343946 0.6343936 0 -0.7730103 0.4713964 0 -0.8819215 0.2902855 0 -0.9569401 0.09801703 0 -0.9951848 -0.09801703 0 -0.9951848 -0.2902855 0 -0.9569401 -0.4713964 0 -0.8819215 -0.6343936 0 -0.7730103 -0.7730109 0 -0.6343927 -0.8819213 0 -0.4713967 -0.9569403 0 -0.2902846 -0.9951844 0 -0.09802025 -0.9951844 0 0.09802019 -0.9569403 0 0.2902846 -0.8819215 0 0.4713964 -0.7730106 0 0.6343932 -0.6343932 0 0.7730106 -0.4713975 0 0.8819208 0 -1 0 -0.2902855 0 0.9569401 -0.09801703 0 0.9951848 0 1 0 0.09801703 0 0.9951848 0.2902855 0 0.9569401 0.4713975 0 0.8819209 0.6343932 0 0.7730106 0.7730091 0 0.634395 0.8819227 0 0.471394 0.9569404 0 0.2902847 0.9951844 0 0.09802019 0.9951845 0 -0.09802031 0.9569404 0 -0.2902847 0.8819226 0 -0.4713943 0.7730094 0 -0.6343946 0.6343936 0 -0.7730102 0.4713963 0 -0.8819215 0.2902855 0 -0.9569401 0.09801703 0 -0.9951848 -0.09801703 0 -0.9951848 -0.2902855 0 -0.9569401 -0.4713963 0 -0.8819215 -0.6343936 0 -0.7730102 -0.7730109 0 -0.6343927 -0.8819214 0 -0.4713967 -0.9569404 0 -0.2902847 -0.9951845 0 -0.09802031 -0.9951844 0 0.09802019 -0.9569404 0 0.2902847 -0.8819215 0 0.4713964 -0.7730106 0 0.6343932 -0.6343932 0 0.7730106 -0.4713975 0 0.8819209 0 -1 0 -0.2902855 0 0.9569401 -0.09801703 0 0.9951848 0 1 0 0.1950922 0 0.9807849 0.5555689 0 0.8314706 0.8314688 0 0.5555716 0.9807865 0 0.1950845 0.9807865 0 -0.1950845 0.8314694 0 -0.5555707 0.5555675 0 -0.8314714 0.1950904 0 -0.9807853 -0.1950904 0 -0.9807853 -0.5555675 0 -0.8314714 -0.8314694 0 -0.5555707 -0.9807865 0 -0.1950845 -0.9807865 0 0.1950845 -0.8314688 0 0.5555716 0 -1 0 -0.5555689 0 0.8314706 -0.1950922 0 0.9807849 0 1 0 0.1950922 0 0.9807849 0.5555689 0 0.8314706 0.8314688 0 0.5555716 0.9807865 0 0.1950845 0.9807865 0 -0.1950845 0.8314694 0 -0.5555707 0.5555675 0 -0.8314714 0.1950904 0 -0.9807853 -0.1950904 0 -0.9807853 -0.5555675 0 -0.8314714 -0.8314694 0 -0.5555707 -0.9807865 0 -0.1950845 -0.9807865 0 0.1950845 -0.8314688 0 0.5555716 0 -1 0 -0.5555689 0 0.8314706 -0.1950922 0 0.9807849 0 1 0 0.1950907 0 0.9807852 0.5555795 0 0.8314635 0.8314652 0 0.5555768 0.980785 0 0.1950919 0.980785 0 -0.1950919 0.8314658 0 -0.5555759 0.5555781 0 -0.8314643 0.1950889 0 -0.9807856 -0.1950889 0 -0.9807856 -0.5555711 0 -0.8314691 -0.8314729 0 -0.5555654 -0.980785 0 -0.1950919 -0.980785 0 0.1950919 -0.8314723 0 0.5555663 0 -1 0 -0.5555724 0 0.8314682 -0.1950907 0 0.9807852 0 1 0 0.1950907 0 0.9807852 0.5555795 0 0.8314635 0.8314652 0 0.5555768 0.980785 0 0.1950919 0.980785 0 -0.1950919 0.8314658 0 -0.5555759 0.5555781 0 -0.8314643 0.1950889 0 -0.9807856 -0.1950889 0 -0.9807856 -0.5555711 0 -0.8314691 -0.8314729 0 -0.5555654 -0.980785 0 -0.1950919 -0.980785 0 0.1950919 -0.8314723 0 0.5555663 0 -1 0 -0.5555724 0 0.8314682 -0.1950907 0 0.9807852 0 1 0 -1 0 0 0 1 0 1 0 0 0 -1 0 0 0 -1 0 0 1 0 0 -1 0 0 1 0.7071068 0.7071068 0 0 1 0 0 1 0 -0.9326695 0.3607321 0 -0.6099359 0.7924508 0 -0.3249822 0.9457201 0 -0.1017667 0.9948083 0 0.1017667 0.9948083 0 0.3249825 0.94572 0 0.6099355 0.7924511 0 0.9326695 0.3607321 0 0 1 0 0 1 0 -0.707107 0.7071065 0 -1 0 0 -0.7071071 -0.7071065 0 0 -1 0 0 -1 0 0.9326696 -0.3607318 0 0.6099352 -0.7924513 0 0.3249827 -0.9457199 0 0.1017667 -0.9948083 0 -0.1017667 -0.9948083 0 -0.3249825 -0.94572 0 -0.6099357 -0.792451 0 -0.9326696 -0.3607318 0 0 -1 0 0 -1 0 0.7071069 -0.7071067 0 1 0 0 0 0 -1 0 0 1 0.7071068 0.7071068 0 0 1 0 0 1 0 -0.9326695 0.3607321 0 -0.6099359 0.7924508 0 -0.3249822 0.9457201 0 -0.1017667 0.9948083 0 0.1017667 0.9948083 0 0.3249824 0.94572 0 0.6099355 0.7924511 0 0.9326695 0.3607321 0 0 1 0 0 1 0 -0.707107 0.7071066 0 -1 0 0 -0.7071071 -0.7071064 0 0 -1 0 0 -1 0 0.9326696 -0.3607318 0 0.6099352 -0.7924513 0 0.3249827 -0.9457199 0 0.1017667 -0.9948083 0 -0.1017667 -0.9948083 0 -0.3249825 -0.94572 0 -0.6099357 -0.792451 0 -0.9326696 -0.3607318 0 0 -1 0 0 -1 0 0.707107 -0.7071067 0 1 0 0 -1 0 0 0 1 0 1 0 0 0 -1 0 0 0 -1 0 0 1 0.09801846 0.9951846 0 0.2902871 0.9569396 0 0.4713975 0.8819209 0 0.6343906 0.7730127 0 0.7730101 0.6343936 0 0.8819223 0.4713948 0 0.9569414 0.2902813 0 0.9951846 0.09801846 0 0.9951845 -0.09801906 0 0.9569414 -0.2902813 0 0.8819223 -0.4713948 0 0.7730101 -0.6343936 0 0.6343906 -0.7730127 0 0.4714024 -0.8819183 0 0.2902813 -0.9569414 0 0.09801846 -0.9951846 0 -0.09801846 -0.9951846 0 -0.2902813 -0.9569414 0 -0.4714024 -0.8819183 0 -0.6343906 -0.7730127 0 -0.7730101 -0.6343936 0 -0.8819223 -0.4713948 0 -0.9569414 -0.2902813 0 -0.9951845 -0.09801906 0 -0.9951846 0.09801846 0 -0.9569414 0.2902813 0 -0.8819223 0.4713948 0 -0.7730101 0.6343936 0 -0.6343906 0.7730127 0 -0.4713975 0.8819209 0 0 0 1 -0.2902871 0.9569396 0 -0.09801846 0.9951846 0 0 0 -1 0.09801846 0.9951846 0 0.2902813 0.9569414 0 0.4713975 0.8819209 0 0.6343906 0.7730127 0 0.7730127 0.6343906 0 0.8819209 0.4713975 0 0.9569414 0.2902813 0 0.9951846 0.09801846 0 0.9951846 -0.09801846 0 0.9569402 -0.2902848 0 0.8819237 -0.4713922 0 0.7730127 -0.6343906 0 0.6343906 -0.7730127 0 0.4713975 -0.8819209 0 0.2902813 -0.9569414 0 0.09801846 -0.9951846 0 -0.09801846 -0.9951846 0 -0.2902813 -0.9569414 0 -0.4713975 -0.8819209 0 -0.6343906 -0.7730127 0 -0.7730127 -0.6343906 0 -0.8819237 -0.4713922 0 -0.9569402 -0.2902848 0 -0.9951846 -0.09801846 0 -0.9951846 0.09801846 0 -0.9569414 0.2902813 0 -0.8819209 0.4713975 0 -0.7730127 0.6343906 0 -0.6343906 0.7730127 0 -0.4713975 0.8819209 0 0 0 1 -0.2902813 0.9569414 0 -0.09801846 0.9951846 0 0 0 -1 0.09801846 0.9951846 0 0.2902836 0.9569406 0 0.4713922 0.8819237 0 0.6343968 0.7730076 0 0.7730039 0.6344013 0 0.8819276 0.471385 0 0.9569449 0.2902697 0 0.9951834 0.09803098 0 0.9951833 -0.09803164 0 0.9569449 -0.2902697 0 0.8819276 -0.471385 0 0.7730039 -0.6344013 0 0.6343968 -0.7730076 0 0.4713971 -0.881921 0 0.2902778 -0.9569424 0 0.09801846 -0.9951846 0 -0.09802091 -0.9951844 0 -0.2902778 -0.9569424 0 -0.4713971 -0.881921 0 -0.6343968 -0.7730076 0 -0.7730039 -0.6344013 0 -0.8819276 -0.471385 0 -0.9569379 -0.2902929 0 -0.9951857 -0.09800654 0 -0.9951859 0.09800589 0 -0.9569379 0.2902929 0 -0.8819276 0.471385 0 -0.7730039 0.6344013 0 -0.6343968 0.7730076 0 -0.4713922 0.8819237 0 0 0 1 -0.2902836 0.9569406 0 -0.09802091 0.9951844 0 0 0 -1 0.09801846 0.9951846 0 0.2902778 0.9569424 0 0.4713922 0.8819237 0 0.6343968 0.7730076 0 0.7730065 0.6343982 0 0.8819261 0.4713876 0 0.9569449 0.2902697 0 0.9951834 0.09803098 0 0.9951834 -0.09803098 0 0.9569439 -0.2902732 0 0.8819289 -0.4713824 0 0.7730065 -0.6343982 0 0.6343968 -0.7730076 0 0.4713922 -0.8819237 0 0.2902778 -0.9569424 0 0.09801846 -0.9951846 0 -0.09802091 -0.9951844 0 -0.2902778 -0.9569424 0 -0.4713922 -0.8819237 0 -0.6343968 -0.7730076 0 -0.7730065 -0.6343982 0 -0.8819289 -0.4713824 0 -0.9569368 -0.2902964 0 -0.9951859 -0.09800589 0 -0.9951859 0.09800589 0 -0.9569379 0.2902929 0 -0.8819261 0.4713876 0 -0.7730065 0.6343982 0 -0.6343968 0.7730076 0 -0.4713922 0.8819237 0 0 0 1 -0.2902778 0.9569424 0 -0.09802091 0.9951844 0 0 0 -1 0.09801733 0 0.9951847 0.2902846 0 0.9569403 0.4713964 0 0.8819215 0.6343941 0 0.7730099 0.7730091 0 0.634395 0.8819215 0 0.4713964 0.9569403 0 0.2902846 0.9951847 0 0.09801733 0.9951848 0 -0.09801721 0.9569403 0 -0.2902846 0.8819215 0 -0.4713964 0.7730091 0 -0.634395 0.6343932 0 -0.7730106 0.4713969 0 -0.8819211 0.2902846 0 -0.9569403 0.09801733 0 -0.9951847 -0.09801733 0 -0.9951847 -0.2902846 0 -0.9569403 -0.4713969 0 -0.8819211 -0.6343924 0 -0.7730113 -0.7730106 0 -0.6343932 -0.8819215 0 -0.4713964 -0.9569403 0 -0.2902846 -0.9951848 0 -0.09801721 -0.9951847 0 0.09801733 -0.9569403 0 0.2902846 -0.8819215 0 0.4713964 -0.7730106 0 0.6343932 -0.6343932 0 0.7730105 -0.4713964 0 0.8819215 0 -1 0 0 -1 0 0 -1 0 0 -1 0 0 -1 0 0 -1 0 0 -1 0 0 -1 0 0 -1 0 0 -1 0 0 -1 0 0 -1 0 0 -1 0 0 -1 0 0 -1 0 0 -1 0 0 -1 0 0 -1 0 0 -1 0 0 -1 0 0 -1 0 0 -1 0 0 -1 0 0 -1 0 0 -1 0 0 -1 0 0 -1 0 0 -1 0 0 -1 0 -0.2902846 0 0.9569403 -0.09801733 0 0.9951847 0 1 0 0 1 0 0 1 0 0 1 0 0 1 0 0 1 0 0 1 0 0 1 0 0 1 0 0 1 0 0 1 0 0 1 0 0 1 0 0 1 0 0 1 0 0 1 0 0 1 0 0 1 0 0 1 0 0 1 0 0 1 0 0 1 0 0 1 0 0 1 0 0 1 0 0 1 0 0 1 0 0 1 0 0 1 0 0.09801733 0 0.9951848 0.2902847 0 0.9569404 0.4713963 0 0.8819215 0.6343941 0 0.7730098 0.7730091 0 0.634395 0.8819215 0 0.4713963 0.9569404 0 0.2902847 0.9951848 0 0.09801733 0.9951848 0 -0.09801721 0.9569404 0 -0.2902847 0.8819215 0 -0.4713963 0.7730091 0 -0.634395 0.6343932 0 -0.7730106 0.4713969 0 -0.8819212 0.2902847 0 -0.9569404 0.09801733 0 -0.9951848 -0.09801733 0 -0.9951848 -0.2902847 0 -0.9569404 -0.4713969 0 -0.8819212 -0.6343924 0 -0.7730113 -0.7730106 0 -0.6343932 -0.8819215 0 -0.4713963 -0.9569404 0 -0.2902847 -0.9951848 0 -0.09801721 -0.9951848 0 0.09801733 -0.9569404 0 0.2902847 -0.8819215 0 0.4713963 -0.7730106 0 0.6343932 -0.6343933 0 0.7730104 -0.4713963 0 0.8819215 0 -1 0 0 -1 0 0 -1 0 0 -1 0 0 -1 0 0 -1 0 0 -1 0 0 -1 0 0 -1 0 0 -1 0 0 -1 0 0 -1 0 0 -1 0 0 -1 0 0 -1 0 0 -1 0 0 -1 0 0 -1 0 0 -1 0 0 -1 0 0 -1 0 0 -1 0 0 -1 0 0 -1 0 0 -1 0 0 -1 0 0 -1 0 0 -1 0 0 -1 0 -0.2902847 0 0.9569404 -0.09801733 0 0.9951848 0 1 0 0 1 0 0 1 0 0 1 0 0 1 0 0 1 0 0 1 0 0 1 0 0 1 0 0 1 0 0 1 0 0 1 0 0 1 0 0 1 0 0 1 0 0 1 0 0 1 0 0 1 0 0 1 0 0 1 0 0 1 0 0 1 0 0 1 0 0 1 0 0 1 0 0 1 0 0 1 0 0 1 0 0 1 0 0.09801703 0 0.9951848 0.2902855 0 0.9569401 0.4713964 0 0.8819215 0.6343941 0 0.7730099 0.7730091 0 0.634395 0.8819227 0 0.471394 0.9569403 0 0.2902846 0.9951844 0 0.09802037 0.9951844 0 -0.09802019 0.9569403 0 -0.2902846 0.8819227 0 -0.471394 0.7730091 0 -0.634395 0.6343932 0 -0.7730106 0.4713969 0 -0.8819211 0.2902855 0 -0.9569401 0.09801703 0 -0.9951848 -0.09801703 0 -0.9951848 -0.2902855 0 -0.9569401 -0.4713969 0 -0.8819211 -0.6343932 0 -0.7730106 -0.7730106 0 -0.6343932 -0.8819215 0 -0.4713964 -0.9569403 0 -0.2902846 -0.9951844 0 -0.09802019 -0.9951844 0 0.09802037 -0.9569403 0 0.2902846 -0.8819215 0 0.4713964 -0.7730106 0 0.6343932 -0.6343941 0 0.7730099 -0.4713964 0 0.8819215 0 -1 0 0 -1 0 0 -1 0 0 -1 0 0 -1 0 0 -1 0 0 -1 0 0 -1 0 0 -1 0 0 -1 0 0 -1 0 0 -1 0 0 -1 0 0 -1 0 0 -1 0 0 -1 0 0 -1 0 0 -1 0 0 -1 0 0 -1 0 0 -1 0 0 -1 0 0 -1 0 0 -1 0 0 -1 0 0 -1 0 0 -1 0 0 -1 0 0 -1 0 -0.2902855 0 0.9569401 -0.09801703 0 0.9951848 0 1 0 0 1 0 0 1 0 0 1 0 0 1 0 0 1 0 0 1 0 0 1 0 0 1 0 0 1 0 0 1 0 0 1 0 0 1 0 0 1 0 0 1 0 0 1 0 0 1 0 0 1 0 0 1 0 0 1 0 0 1 0 0 1 0 0 1 0 0 1 0 0 1 0 0 1 0 0 1 0 0 1 0 0 1 0 0.09801703 0 0.9951848 0.2902855 0 0.9569401 0.4713963 0 0.8819215 0.6343941 0 0.7730098 0.7730091 0 0.634395 0.8819227 0 0.471394 0.9569404 0 0.2902847 0.9951845 0 0.09802037 0.9951844 0 -0.09802019 0.9569404 0 -0.2902847 0.8819227 0 -0.471394 0.7730091 0 -0.634395 0.6343932 0 -0.7730106 0.4713969 0 -0.8819212 0.2902855 0 -0.9569401 0.09801703 0 -0.9951848 -0.09801703 0 -0.9951848 -0.2902855 0 -0.9569401 -0.4713969 0 -0.8819212 -0.6343932 0 -0.7730106 -0.7730106 0 -0.6343932 -0.8819215 0 -0.4713963 -0.9569404 0 -0.2902847 -0.9951844 0 -0.09802019 -0.9951845 0 0.09802037 -0.9569404 0 0.2902847 -0.8819215 0 0.4713963 -0.7730106 0 0.6343932 -0.6343941 0 0.7730098 -0.4713963 0 0.8819215 0 -1 0 0 -1 0 0 -1 0 0 -1 0 0 -1 0 0 -1 0 0 -1 0 0 -1 0 0 -1 0 0 -1 0 0 -1 0 0 -1 0 0 -1 0 0 -1 0 0 -1 0 0 -1 0 0 -1 0 0 -1 0 0 -1 0 0 -1 0 0 -1 0 0 -1 0 0 -1 0 0 -1 0 0 -1 0 0 -1 0 0 -1 0 0 -1 0 0 -1 0 -0.2902855 0 0.9569401 -0.09801703 0 0.9951848 0 1 0 0 1 0 0 1 0 0 1 0 0 1 0 0 1 0 0 1 0 0 1 0 0 1 0 0 1 0 0 1 0 0 1 0 0 1 0 0 1 0 0 1 0 0 1 0 0 1 0 0 1 0 0 1 0 0 1 0 0 1 0 0 1 0 0 1 0 0 1 0 0 1 0 0 1 0 0 1 0 0 1 0 0 1 0 0.1950922 0 0.9807849 0.5555689 0 0.8314706 0.8314688 0 0.5555716 0.9807865 0 0.1950845 0.9807865 0 -0.1950845 0.8314694 0 -0.5555707 0.5555675 0 -0.8314714 0.1950904 0 -0.9807853 -0.1950904 0 -0.9807853 -0.5555675 0 -0.8314714 -0.8314694 0 -0.5555707 -0.9807865 0 -0.1950845 -0.9807865 0 0.1950845 -0.8314688 0 0.5555716 0 -1 0 0 -1 0 0 -1 0 0 -1 0 0 -1 0 0 -1 0 0 -1 0 0 -1 0 0 -1 0 0 -1 0 0 -1 0 0 -1 0 0 -1 0 -0.5555689 0 0.8314706 -0.1950922 0 0.9807849 0 1 0 0 1 0 0 1 0 0 1 0 0 1 0 0 1 0 0 1 0 0 1 0 0 1 0 0 1 0 0 1 0 0 1 0 0 1 0 0.1950922 0 0.9807849 0.5555689 0 0.8314706 0.8314688 0 0.5555716 0.9807865 0 0.1950845 0.9807865 0 -0.1950845 0.8314694 0 -0.5555707 0.5555675 0 -0.8314714 0.1950904 0 -0.9807853 -0.1950904 0 -0.9807853 -0.5555675 0 -0.8314714 -0.8314694 0 -0.5555707 -0.9807865 0 -0.1950845 -0.9807865 0 0.1950845 -0.8314688 0 0.5555716 0 -1 0 0 -1 0 0 -1 0 0 -1 0 0 -1 0 0 -1 0 0 -1 0 0 -1 0 0 -1 0 0 -1 0 0 -1 0 0 -1 0 0 -1 0 -0.5555689 0 0.8314706 -0.1950922 0 0.9807849 0 1 0 0 1 0 0 1 0 0 1 0 0 1 0 0 1 0 0 1 0 0 1 0 0 1 0 0 1 0 0 1 0 0 1 0 0 1 0 0.1950907 0 0.9807852 0.5555795 0 0.8314635 0.8314652 0 0.5555768 0.980785 0 0.1950919 0.980785 0 -0.1950919 0.8314658 0 -0.5555759 0.5555781 0 -0.8314643 0.1950889 0 -0.9807856 -0.1950889 0 -0.9807856 -0.5555711 0 -0.8314691 -0.8314729 0 -0.5555654 -0.980785 0 -0.1950919 -0.980785 0 0.1950919 -0.8314723 0 0.5555663 0 -1 0 0 -1 0 0 -1 0 0 -1 0 0 -1 0 0 -1 0 0 -1 0 0 -1 0 0 -1 0 0 -1 0 0 -1 0 0 -1 0 0 -1 0 -0.5555724 0 0.8314682 -0.1950907 0 0.9807852 0 1 0 0 1 0 0 1 0 0 1 0 0 1 0 0 1 0 0 1 0 0 1 0 0 1 0 0 1 0 0 1 0 0 1 0 0 1 0 0.1950907 0 0.9807852 0.5555795 0 0.8314635 0.8314652 0 0.5555768 0.980785 0 0.1950919 0.980785 0 -0.1950919 0.8314658 0 -0.5555759 0.5555781 0 -0.8314643 0.1950889 0 -0.9807856 -0.1950889 0 -0.9807856 -0.5555711 0 -0.8314691 -0.8314729 0 -0.5555654 -0.980785 0 -0.1950919 -0.980785 0 0.1950919 -0.8314723 0 0.5555663 0 -1 0 0 -1 0 0 -1 0 0 -1 0 0 -1 0 0 -1 0 0 -1 0 0 -1 0 0 -1 0 0 -1 0 0 -1 0 0 -1 0 0 -1 0 -0.5555724 0 0.8314682 -0.1950907 0 0.9807852 0 1 0 0 1 0 0 1 0 0 1 0 0 1 0 0 1 0 0 1 0 0 1 0 0 1 0 0 1 0 0 1 0 0 1 0 0 1 0 -1 0 0 0 1 0 1 0 0 0 -1 0 0 0 -1 0 0 1 0 0 -1 0 0 -1 0 0 -1 0 0 -1 0 0 -1 0 0 -1 0 0 -1 0 0 -1 0 0 -1 0 0 -1 0 0 -1 0 0 -1 0 0 -1 0 0 -1 0 0 -1 0 0 -1 0 0 -1 0 0 -1 0 0 -1 0 0 -1 0 0 -1 0 0 -1 0 0 -1 0 0 -1 0 0 -1 0 0 -1 0 0 -1 0 0 1 0 0 1 0 0 1 0 0 1 0 0 1 0 0 1 0 0 1 0 0 1 0 0 1 0 0 1 0 0 1 0 0 1 0 0 1 0 0 1 0 0 1 0 0 1 0 0 1 0 0 1 0 0 1 0 0 1 0 0 1 0 0 1 0 0 1 0 0 1 0 0 1 0 0 1 0 0 1 0.7071068 0.7071068 0 0 1 0 0 1 0 -0.9326695 0.3607321 0 -0.6099359 0.7924508 0 -0.3249822 0.9457201 0 -0.1017667 0.9948083 0 0.1017667 0.9948083 0 0.3249825 0.94572 0 0.6099355 0.7924511 0 0.9326695 0.3607321 0 0 1 0 0 1 0 -0.707107 0.7071065 0 -1 0 0 -0.7071071 -0.7071065 0 0 -1 0 0 -1 0 0.9326696 -0.3607318 0 0.6099352 -0.7924513 0 0.3249827 -0.9457199 0 0.1017667 -0.9948083 0 -0.1017667 -0.9948083 0 -0.3249825 -0.94572 0 -0.6099357 -0.792451 0 -0.9326696 -0.3607318 0 0 -1 0 0 -1 0 0.7071069 -0.7071067 0 1 0 0 0 0 -1 0 0 -1 0 0 -1 0 0 -1 0 0 -1 0 0 -1 0 0 -1 0 0 -1 0 0 -1 0 0 -1 0 0 -1 0 0 -1 0 0 -1 0 0 -1 0 0 -1 0 0 -1 0 0 -1 0 0 -1 0 0 -1 0 0 -1 0 0 -1 0 0 -1 0 0 -1 0 0 -1 0 0 -1 0 0 -1 0 0 -1 0 0 1 0 0 1 0 0 1 0 0 1 0 0 1 0 0 1 0 0 1 0 0 1 0 0 1 0 0 1 0 0 1 0 0 1 0 0 1 0 0 1 0 0 1 0 0 1 0 0 1 0 0 1 0 0 1 0 0 1 0 0 1 0 0 1 0 0 1 0 0 1 0 0 1 0 0 1 0 0 1 0.7071068 0.7071068 0 0 1 0 0 1 0 -0.9326695 0.3607321 0 -0.6099359 0.7924508 0 -0.3249822 0.9457201 0 -0.1017667 0.9948083 0 0.1017667 0.9948083 0 0.3249824 0.94572 0 0.6099355 0.7924511 0 0.9326695 0.3607321 0 0 1 0 0 1 0 -0.707107 0.7071066 0 -1 0 0 -0.7071071 -0.7071064 0 0 -1 0 0 -1 0 0.9326696 -0.3607318 0 0.6099352 -0.7924513 0 0.3249827 -0.9457199 0 0.1017667 -0.9948083 0 -0.1017667 -0.9948083 0 -0.3249825 -0.94572 0 -0.6099357 -0.792451 0 -0.9326696 -0.3607318 0 0 -1 0 0 -1 0 0.707107 -0.7071067 0 1 0 0 -1 0 0 0 1 0 1 0 0 0 -1 0 0 0 -1 0 0 1 0.09801846 0.9951846 0 0.2902871 0.9569396 0 0.4713975 0.8819209 0 0.6343906 0.7730127 0 0.7730101 0.6343936 0 0.8819223 0.4713948 0 0.9569414 0.2902813 0 0.9951846 0.09801846 0 0.9951845 -0.09801906 0 0.9569414 -0.2902813 0 0.8819223 -0.4713948 0 0.7730101 -0.6343936 0 0.6343906 -0.7730127 0 0.4714024 -0.8819183 0 0.2902813 -0.9569414 0 0.09801846 -0.9951846 0 -0.09801846 -0.9951846 0 -0.2902813 -0.9569414 0 -0.4714024 -0.8819183 0 -0.6343906 -0.7730127 0 -0.7730101 -0.6343936 0 -0.8819223 -0.4713948 0 -0.9569414 -0.2902813 0 -0.9951845 -0.09801906 0 -0.9951846 0.09801846 0 -0.9569414 0.2902813 0 -0.8819223 0.4713948 0 -0.7730101 0.6343936 0 -0.6343906 0.7730127 0 -0.4713975 0.8819209 0 0 0 1 0 0 1 0 0 1 0 0 1 0 0 1 0 0 1 0 0 1 0 0 1 0 0 1 0 0 1 0 0 1 0 0 1 0 0 1 0 0 1 0 0 1 0 0 1 0 0 1 0 0 1 0 0 1 0 0 1 0 0 1 0 0 1 0 0 1 0 0 1 0 0 1 0 0 1 0 0 1 0 0 1 0 0 1 -0.2902871 0.9569396 0 -0.09801846 0.9951846 0 0 0 -1 0 0 -1 0 0 -1 0 0 -1 0 0 -1 0 0 -1 0 0 -1 0 0 -1 0 0 -1 0 0 -1 0 0 -1 0 0 -1 0 0 -1 0 0 -1 0 0 -1 0 0 -1 0 0 -1 0 0 -1 0 0 -1 0 0 -1 0 0 -1 0 0 -1 0 0 -1 0 0 -1 0 0 -1 0 0 -1 0 0 -1 0 0 -1 0 0 -1 0.09801846 0.9951846 0 0.2902813 0.9569414 0 0.4713975 0.8819209 0 0.6343906 0.7730127 0 0.7730127 0.6343906 0 0.8819209 0.4713975 0 0.9569414 0.2902813 0 0.9951846 0.09801846 0 0.9951846 -0.09801846 0 0.9569402 -0.2902848 0 0.8819237 -0.4713922 0 0.7730127 -0.6343906 0 0.6343906 -0.7730127 0 0.4713975 -0.8819209 0 0.2902813 -0.9569414 0 0.09801846 -0.9951846 0 -0.09801846 -0.9951846 0 -0.2902813 -0.9569414 0 -0.4713975 -0.8819209 0 -0.6343906 -0.7730127 0 -0.7730127 -0.6343906 0 -0.8819237 -0.4713922 0 -0.9569402 -0.2902848 0 -0.9951846 -0.09801846 0 -0.9951846 0.09801846 0 -0.9569414 0.2902813 0 -0.8819209 0.4713975 0 -0.7730127 0.6343906 0 -0.6343906 0.7730127 0 -0.4713975 0.8819209 0 0 0 1 0 0 1 0 0 1 0 0 1 0 0 1 0 0 1 0 0 1 0 0 1 0 0 1 0 0 1 0 0 1 0 0 1 0 0 1 0 0 1 0 0 1 0 0 1 0 0 1 0 0 1 0 0 1 0 0 1 0 0 1 0 0 1 0 0 1 0 0 1 0 0 1 0 0 1 0 0 1 0 0 1 0 0 1 -0.2902813 0.9569414 0 -0.09801846 0.9951846 0 0 0 -1 0 0 -1 0 0 -1 0 0 -1 0 0 -1 0 0 -1 0 0 -1 0 0 -1 0 0 -1 0 0 -1 0 0 -1 0 0 -1 0 0 -1 0 0 -1 0 0 -1 0 0 -1 0 0 -1 0 0 -1 0 0 -1 0 0 -1 0 0 -1 0 0 -1 0 0 -1 0 0 -1 0 0 -1 0 0 -1 0 0 -1 0 0 -1 0 0 -1 0.09801846 0.9951846 0 0.2902836 0.9569406 0 0.4713922 0.8819237 0 0.6343968 0.7730076 0 0.7730039 0.6344013 0 0.8819276 0.471385 0 0.9569449 0.2902697 0 0.9951834 0.09803098 0 0.9951833 -0.09803164 0 0.9569449 -0.2902697 0 0.8819276 -0.471385 0 0.7730039 -0.6344013 0 0.6343968 -0.7730076 0 0.4713971 -0.881921 0 0.2902778 -0.9569424 0 0.09801846 -0.9951846 0 -0.09802091 -0.9951844 0 -0.2902778 -0.9569424 0 -0.4713971 -0.881921 0 -0.6343968 -0.7730076 0 -0.7730039 -0.6344013 0 -0.8819276 -0.471385 0 -0.9569379 -0.2902929 0 -0.9951857 -0.09800654 0 -0.9951859 0.09800589 0 -0.9569379 0.2902929 0 -0.8819276 0.471385 0 -0.7730039 0.6344013 0 -0.6343968 0.7730076 0 -0.4713922 0.8819237 0 0 0 1 0 0 1 0 0 1 0 0 1 0 0 1 0 0 1 0 0 1 0 0 1 0 0 1 0 0 1 0 0 1 0 0 1 0 0 1 0 0 1 0 0 1 0 0 1 0 0 1 0 0 1 0 0 1 0 0 1 0 0 1 0 0 1 0 0 1 0 0 1 0 0 1 0 0 1 0 0 1 0 0 1 0 0 1 -0.2902836 0.9569406 0 -0.09802091 0.9951844 0 0 0 -1 0 0 -1 0 0 -1 0 0 -1 0 0 -1 0 0 -1 0 0 -1 0 0 -1 0 0 -1 0 0 -1 0 0 -1 0 0 -1 0 0 -1 0 0 -1 0 0 -1 0 0 -1 0 0 -1 0 0 -1 0 0 -1 0 0 -1 0 0 -1 0 0 -1 0 0 -1 0 0 -1 0 0 -1 0 0 -1 0 0 -1 0 0 -1 0 0 -1 0.09801846 0.9951846 0 0.2902778 0.9569424 0 0.4713922 0.8819237 0 0.6343968 0.7730076 0 0.7730065 0.6343982 0 0.8819261 0.4713876 0 0.9569449 0.2902697 0 0.9951834 0.09803098 0 0.9951834 -0.09803098 0 0.9569439 -0.2902732 0 0.8819289 -0.4713824 0 0.7730065 -0.6343982 0 0.6343968 -0.7730076 0 0.4713922 -0.8819237 0 0.2902778 -0.9569424 0 0.09801846 -0.9951846 0 -0.09802091 -0.9951844 0 -0.2902778 -0.9569424 0 -0.4713922 -0.8819237 0 -0.6343968 -0.7730076 0 -0.7730065 -0.6343982 0 -0.8819289 -0.4713824 0 -0.9569368 -0.2902964 0 -0.9951859 -0.09800589 0 -0.9951859 0.09800589 0 -0.9569379 0.2902929 0 -0.8819261 0.4713876 0 -0.7730065 0.6343982 0 -0.6343968 0.7730076 0 -0.4713922 0.8819237 0 0 0 1 0 0 1 0 0 1 0 0 1 0 0 1 0 0 1 0 0 1 0 0 1 0 0 1 0 0 1 0 0 1 0 0 1 0 0 1 0 0 1 0 0 1 0 0 1 0 0 1 0 0 1 0 0 1 0 0 1 0 0 1 0 0 1 0 0 1 0 0 1 0 0 1 0 0 1 0 0 1 0 0 1 0 0 1 -0.2902778 0.9569424 0 -0.09802091 0.9951844 0 0 0 -1 0 0 -1 0 0 -1 0 0 -1 0 0 -1 0 0 -1 0 0 -1 0 0 -1 0 0 -1 0 0 -1 0 0 -1 0 0 -1 0 0 -1 0 0 -1 0 0 -1 0 0 -1 0 0 -1 0 0 -1 0 0 -1 0 0 -1 0 0 -1 0 0 -1 0 0 -1 0 0 -1 0 0 -1 0 0 -1 0 0 -1 0 0 -1 0 0 -1</float_array>
          <technique_common>
            <accessor source="#TMP_chassis_export-mesh-normals-array" count="1488" stride="3">
              <param name="X" type="float"/>
              <param name="Y" type="float"/>
              <param name="Z" type="float"/>
            </accessor>
          </technique_common>
        </source>
        <source id="TMP_chassis_export-mesh-map-0">
          <float_array id="TMP_chassis_export-mesh-map-0-array" count="8928">1 1 0.96875 0.5 1 0.5 0.96875 1 0.9375 0.5 0.96875 0.5 0.9375 1 0.90625 0.5 0.9375 0.5 0.90625 1 0.875 0.5 0.90625 0.5 0.875 1 0.84375 0.5 0.875 0.5 0.84375 1 0.8125 0.5 0.84375 0.5 0.8125 1 0.78125 0.5 0.8125 0.5 0.78125 1 0.75 0.5 0.78125 0.5 0.75 1 0.71875 0.5 0.75 0.5 0.71875 1 0.6875 0.5 0.71875 0.5 0.6875 1 0.65625 0.5 0.6875 0.5 0.65625 1 0.625 0.5 0.65625 0.5 0.625 1 0.59375 0.5 0.625 0.5 0.59375 1 0.5625 0.5 0.59375 0.5 0.5625 1 0.53125 0.5 0.5625 0.5 0.53125 1 0.5 0.5 0.53125 0.5 0.5 1 0.46875 0.5 0.5 0.5 0.46875 1 0.4375 0.5 0.46875 0.5 0.4375 1 0.40625 0.5 0.4375 0.5 0.40625 1 0.375 0.5 0.40625 0.5 0.375 1 0.34375 0.5 0.375 0.5 0.34375 0.5 0.3125 1 0.3125 0.5 0.3125 1 0.28125 0.5 0.3125 0.5 0.28125 1 0.25 0.5 0.28125 0.5 0.25 1 0.21875 0.5 0.25 0.5 0.21875 1 0.1875 0.5 0.21875 0.5 0.1875 0.5 0.15625 1 0.15625 0.5 0.15625 1 0.125 0.5 0.15625 0.5 0.125 1 0.09375 0.5 0.125 0.5 0.09375 1 0.0625 0.5 0.09375 0.5 0.341844 0.4717311 0.02826893 0.341844 0.1581559 0.02826893 0.0625 1 0.03125 0.5 0.0625 0.5 0.03125 1 0 0.5 0.03125 0.5 0.7968217 0.01461154 0.5146116 0.2031783 0.7031784 0.4853885 1 1 0.96875 0.5 1 0.5 0.96875 1 0.9375 0.5 0.96875 0.5 0.9375 1 0.90625 0.5 0.9375 0.5 0.90625 1 0.875 0.5 0.90625 0.5 0.875 1 0.84375 0.5 0.875 0.5 0.84375 1 0.8125 0.5 0.84375 0.5 0.8125 1 0.78125 0.5 0.8125 0.5 0.78125 1 0.75 0.5 0.78125 0.5 0.75 1 0.71875 0.5 0.75 0.5 0.71875 1 0.6875 0.5 0.71875 0.5 0.6875 1 0.65625 0.5 0.6875 0.5 0.65625 1 0.625 0.5 0.65625 0.5 0.625 1 0.59375 0.5 0.625 0.5 0.59375 1 0.5625 0.5 0.59375 0.5 0.5625 1 0.53125 0.5 0.5625 0.5 0.53125 1 0.5 0.5 0.53125 0.5 0.5 1 0.46875 0.5 0.5 0.5 0.46875 1 0.4375 0.5 0.46875 0.5 0.4375 1 0.40625 0.5 0.4375 0.5 0.40625 1 0.375 0.5 0.40625 0.5 0.375 1 0.34375 0.5 0.375 0.5 0.34375 0.5 0.3125 1 0.3125 0.5 0.3125 1 0.28125 0.5 0.3125 0.5 0.28125 1 0.25 0.5 0.28125 0.5 0.25 1 0.21875 0.5 0.25 0.5 0.21875 1 0.1875 0.5 0.21875 0.5 0.1875 0.5 0.15625 1 0.15625 0.5 0.15625 1 0.125 0.5 0.15625 0.5 0.125 1 0.09375 0.5 0.125 0.5 0.09375 1 0.0625 0.5 0.09375 0.5 0.341844 0.4717311 0.02826893 0.341844 0.1581559 0.02826893 0.0625 1 0.03125 0.5 0.0625 0.5 0.03125 1 0 0.5 0.03125 0.5 0.7968217 0.01461154 0.5146116 0.2031783 0.7031784 0.4853885 1 1 0.96875 0.5 1 0.5 0.96875 1 0.9375 0.5 0.96875 0.5 0.9375 1 0.90625 0.5 0.9375 0.5 0.90625 1 0.875 0.5 0.90625 0.5 0.875 1 0.84375 0.5 0.875 0.5 0.84375 1 0.8125 0.5 0.84375 0.5 0.8125 1 0.78125 0.5 0.8125 0.5 0.78125 1 0.75 0.5 0.78125 0.5 0.75 1 0.71875 0.5 0.75 0.5 0.71875 1 0.6875 0.5 0.71875 0.5 0.6875 1 0.65625 0.5 0.6875 0.5 0.65625 1 0.625 0.5 0.65625 0.5 0.625 1 0.59375 0.5 0.625 0.5 0.59375 1 0.5625 0.5 0.59375 0.5 0.5625 1 0.53125 0.5 0.5625 0.5 0.53125 1 0.5 0.5 0.53125 0.5 0.5 1 0.46875 0.5 0.5 0.5 0.46875 1 0.4375 0.5 0.46875 0.5 0.4375 1 0.40625 0.5 0.4375 0.5 0.40625 1 0.375 0.5 0.40625 0.5 0.375 1 0.34375 0.5 0.375 0.5 0.34375 0.5 0.3125 1 0.3125 0.5 0.3125 1 0.28125 0.5 0.3125 0.5 0.28125 1 0.25 0.5 0.28125 0.5 0.25 1 0.21875 0.5 0.25 0.5 0.21875 1 0.1875 0.5 0.21875 0.5 0.1875 0.5 0.15625 1 0.15625 0.5 0.15625 1 0.125 0.5 0.15625 0.5 0.125 1 0.09375 0.5 0.125 0.5 0.09375 1 0.0625 0.5 0.09375 0.5 0.02826893 0.341844 0.1581559 0.02826893 0.4717311 0.1581559 0.0625 1 0.03125 0.5 0.0625 0.5 0.03125 1 0 0.5 0.03125 0.5 0.9853885 0.2968217 0.7968217 0.01461154 0.5146116 0.2031783 1 1 0.96875 0.5 1 0.5 0.96875 1 0.9375 0.5 0.96875 0.5 0.9375 1 0.90625 0.5 0.9375 0.5 0.90625 1 0.875 0.5 0.90625 0.5 0.875 1 0.84375 0.5 0.875 0.5 0.84375 1 0.8125 0.5 0.84375 0.5 0.8125 1 0.78125 0.5 0.8125 0.5 0.78125 1 0.75 0.5 0.78125 0.5 0.75 1 0.71875 0.5 0.75 0.5 0.71875 1 0.6875 0.5 0.71875 0.5 0.6875 1 0.65625 0.5 0.6875 0.5 0.65625 1 0.625 0.5 0.65625 0.5 0.625 1 0.59375 0.5 0.625 0.5 0.59375 1 0.5625 0.5 0.59375 0.5 0.5625 1 0.53125 0.5 0.5625 0.5 0.53125 1 0.5 0.5 0.53125 0.5 0.5 1 0.46875 0.5 0.5 0.5 0.46875 1 0.4375 0.5 0.46875 0.5 0.4375 1 0.40625 0.5 0.4375 0.5 0.40625 1 0.375 0.5 0.40625 0.5 0.375 1 0.34375 0.5 0.375 0.5 0.34375 0.5 0.3125 1 0.3125 0.5 0.3125 1 0.28125 0.5 0.3125 0.5 0.28125 1 0.25 0.5 0.28125 0.5 0.25 1 0.21875 0.5 0.25 0.5 0.21875 1 0.1875 0.5 0.21875 0.5 0.1875 0.5 0.15625 1 0.15625 0.5 0.15625 1 0.125 0.5 0.15625 0.5 0.125 1 0.09375 0.5 0.125 0.5 0.09375 1 0.0625 0.5 0.09375 0.5 0.02826893 0.341844 0.1581559 0.02826893 0.4717311 0.1581559 0.0625 1 0.03125 0.5 0.0625 0.5 0.03125 1 0 0.5 0.03125 0.5 0.9853885 0.2968217 0.7968217 0.01461154 0.5146116 0.2031783 1 1 0.9375 0.5 1 0.5 0.9375 1 0.875 0.5 0.9375 0.5 0.875 1 0.8125 0.5 0.875 0.5 0.8125 1 0.75 0.5 0.8125 0.5 0.75 1 0.6875 0.5 0.75 0.5 0.6875 1 0.625 0.5 0.6875 0.5 0.625 1 0.5625 0.5 0.625 0.5 0.5625 1 0.5 0.5 0.5625 0.5 0.5 1 0.4375 0.5 0.5 0.5 0.4375 1 0.375 0.5 0.4375 0.5 0.375 1 0.3125 0.5 0.375 0.5 0.3125 1 0.25 0.5 0.3125 0.5 0.25 1 0.1875 0.5 0.25 0.5 0.1875 1 0.125 0.5 0.1875 0.5 0.49 0.25 0.4197056 0.4197056 0.08029437 0.08029437 0.125 1 0.0625 0.5 0.125 0.5 0.0625 1 0 0.5 0.0625 0.5 0.658156 0.02826887 0.5282689 0.1581559 0.658156 0.4717311 1 1 0.9375 0.5 1 0.5 0.9375 1 0.875 0.5 0.9375 0.5 0.875 1 0.8125 0.5 0.875 0.5 0.8125 1 0.75 0.5 0.8125 0.5 0.75 1 0.6875 0.5 0.75 0.5 0.6875 1 0.625 0.5 0.6875 0.5 0.625 1 0.5625 0.5 0.625 0.5 0.5625 1 0.5 0.5 0.5625 0.5 0.5 1 0.4375 0.5 0.5 0.5 0.4375 1 0.375 0.5 0.4375 0.5 0.375 1 0.3125 0.5 0.375 0.5 0.3125 1 0.25 0.5 0.3125 0.5 0.25 1 0.1875 0.5 0.25 0.5 0.1875 1 0.125 0.5 0.1875 0.5 0.49 0.25 0.4197056 0.4197056 0.08029437 0.08029437 0.125 1 0.0625 0.5 0.125 0.5 0.0625 1 0 0.5 0.0625 0.5 0.658156 0.02826887 0.5282689 0.1581559 0.658156 0.4717311 1 1 0.9375 0.5 1 0.5 0.9375 1 0.875 0.5 0.9375 0.5 0.875 1 0.8125 0.5 0.875 0.5 0.8125 1 0.75 0.5 0.8125 0.5 0.75 1 0.6875 0.5 0.75 0.5 0.6875 1 0.625 0.5 0.6875 0.5 0.625 1 0.5625 0.5 0.625 0.5 0.5625 1 0.5 0.5 0.5625 0.5 0.5 1 0.4375 0.5 0.5 0.5 0.4375 1 0.375 0.5 0.4375 0.5 0.375 1 0.3125 0.5 0.375 0.5 0.3125 1 0.25 0.5 0.3125 0.5 0.25 1 0.1875 0.5 0.25 0.5 0.1875 1 0.125 0.5 0.1875 0.5 0.08029437 0.08029437 0.4197056 0.08029437 0.4197056 0.4197056 0.125 1 0.0625 0.5 0.125 0.5 0.0625 1 0 0.5 0.0625 0.5 0.9717311 0.341844 0.841844 0.02826887 0.5282689 0.1581559 1 1 0.9375 0.5 1 0.5 0.9375 1 0.875 0.5 0.9375 0.5 0.875 1 0.8125 0.5 0.875 0.5 0.8125 1 0.75 0.5 0.8125 0.5 0.75 1 0.6875 0.5 0.75 0.5 0.6875 1 0.625 0.5 0.6875 0.5 0.625 1 0.5625 0.5 0.625 0.5 0.5625 1 0.5 0.5 0.5625 0.5 0.5 1 0.4375 0.5 0.5 0.5 0.4375 1 0.375 0.5 0.4375 0.5 0.375 1 0.3125 0.5 0.375 0.5 0.3125 1 0.25 0.5 0.3125 0.5 0.25 1 0.1875 0.5 0.25 0.5 0.1875 1 0.125 0.5 0.1875 0.5 0.08029437 0.08029437 0.4197056 0.08029437 0.4197056 0.4197056 0.125 1 0.0625 0.5 0.125 0.5 0.0625 1 0 0.5 0.0625 0.5 0.9717311 0.341844 0.841844 0.02826887 0.5282689 0.1581559 0.625 0 0.375 0.25 0.375 0 0.625 0.25 0.375 0.5 0.375 0.25 0.625 0.5 0.375 0.75 0.375 0.5 0.625 0.75 0.375 1 0.375 0.75 0.375 0.5 0.125 0.75 0.125 0.5 0.875 0.5 0.625 0.75 0.625 0.5 0 0 0 0 0 0 0 0 0 0 0 0 0 0 0 0 0 0 0 0 0 0 0 0 0 0 0 0 0 0 0 0 0 0 0 0 0 0 0 0 0 0 0 0 0 0 0 0 0 0 0 0 0 0 0 0 0 0 0 0 0 0 0 0 0 0 0 0 0 0 0 0 0 0 0 0 0 0 0 0 0 0 0 0 0 0 0 0 0 0 0 0 0 0 0 0 0 0 0 0 0 0 0 0 0 0 0 0 0 0 0 0 0 0 0 0 0 0 0 0 0 0 0 0 0 0 0 0 0 0 0 0 0 0 0 0 0 0 0 0 0 0 0 0 0 0 0 0 0 0 0 0 0 0 0 0 0 0 0 0 0 0 0 0 0 0 0 0 0 0 0 0 0 0 0 0 0 0 0 0 0 0 0 0 0 0 0 0 0 0 0 0 0 0 0 0 0 0 0 0 0 0 0 0 0 0 0 0 0 0 0 0 0 0 0 0 0 0 0 0 0 0 0 0 0 0 0 0 0 0 0 0 0 0 0 0 0 0 0 0 0 0 0 0 0 0 0 0 0 0 0 0 0 0 0 0 0 0 0 0 0 0 0 0 0 0 0 0 0 0 0 0 0 0 0 0 0 0 0 0 0 0 0 0 0 0 0 0 0 0 0 0 0 0 0 0 0 0 0 0 0 0 0 0 0 0 0 0 0 0 0 0 0 0 0 0 0 0 0 0 0 0 0 0 0 0 0 0 0 0 0 0 0 0 0 0 0 0 0 0 0 0 0 0 0 0 0 0 0 0 0 0 0 0 0 0 0 0 0 0 0 0 0 0 0 0 0 0 0 0 0 0 0 0 0 0 0 0 0 0 0 0 0 0 0.625 0 0.375 0.25 0.375 0 0.625 0.25 0.375 0.5 0.375 0.25 0.625 0.5 0.375 0.75 0.375 0.5 0.625 0.75 0.375 1 0.375 0.75 0.375 0.5 0.125 0.75 0.125 0.5 0.875 0.5 0.625 0.75 0.625 0.5 1 1 0.96875 0.5 1 0.5 0.96875 1 0.9375 0.5 0.96875 0.5 0.9375 1 0.90625 0.5 0.9375 0.5 0.90625 1 0.875 0.5 0.90625 0.5 0.875 1 0.84375 0.5 0.875 0.5 0.84375 1 0.8125 0.5 0.84375 0.5 0.8125 1 0.78125 0.5 0.8125 0.5 0.78125 1 0.75 0.5 0.78125 0.5 0.75 1 0.71875 0.5 0.75 0.5 0.71875 1 0.6875 0.5 0.71875 0.5 0.6875 1 0.65625 0.5 0.6875 0.5 0.65625 1 0.625 0.5 0.65625 0.5 0.625 1 0.59375 0.5 0.625 0.5 0.59375 1 0.5625 0.5 0.59375 0.5 0.5625 1 0.53125 0.5 0.5625 0.5 0.53125 1 0.5 0.5 0.53125 0.5 0.5 1 0.46875 0.5 0.5 0.5 0.46875 1 0.4375 0.5 0.46875 0.5 0.4375 1 0.40625 0.5 0.4375 0.5 0.40625 1 0.375 0.5 0.40625 0.5 0.375 1 0.34375 0.5 0.375 0.5 0.34375 1 0.3125 0.5 0.34375 0.5 0.3125 1 0.28125 0.5 0.3125 0.5 0.28125 1 0.25 0.5 0.28125 0.5 0.25 1 0.21875 0.5 0.25 0.5 0.21875 1 0.1875 0.5 0.21875 0.5 0.1875 1 0.15625 0.5 0.1875 0.5 0.15625 1 0.125 0.5 0.15625 0.5 0.125 1 0.09375 0.5 0.125 0.5 0.09375 1 0.0625 0.5 0.09375 0.5 0.1581559 0.02826893 0.4717311 0.1581559 0.341844 0.4717311 0.0625 1 0.03125 0.5 0.0625 0.5 0.03125 1 0 0.5 0.03125 0.5 0.9853885 0.2968217 0.7968217 0.01461154 0.5146116 0.2031783 1 1 0.96875 0.5 1 0.5 0.96875 1 0.9375 0.5 0.96875 0.5 0.9375 1 0.90625 0.5 0.9375 0.5 0.90625 1 0.875 0.5 0.90625 0.5 0.875 1 0.84375 0.5 0.875 0.5 0.84375 1 0.8125 0.5 0.84375 0.5 0.8125 1 0.78125 0.5 0.8125 0.5 0.78125 1 0.75 0.5 0.78125 0.5 0.75 1 0.71875 0.5 0.75 0.5 0.71875 1 0.6875 0.5 0.71875 0.5 0.6875 1 0.65625 0.5 0.6875 0.5 0.65625 1 0.625 0.5 0.65625 0.5 0.625 1 0.59375 0.5 0.625 0.5 0.59375 1 0.5625 0.5 0.59375 0.5 0.5625 1 0.53125 0.5 0.5625 0.5 0.53125 1 0.5 0.5 0.53125 0.5 0.5 1 0.46875 0.5 0.5 0.5 0.46875 1 0.4375 0.5 0.46875 0.5 0.4375 1 0.40625 0.5 0.4375 0.5 0.40625 1 0.375 0.5 0.40625 0.5 0.375 1 0.34375 0.5 0.375 0.5 0.34375 1 0.3125 0.5 0.34375 0.5 0.3125 1 0.28125 0.5 0.3125 0.5 0.28125 1 0.25 0.5 0.28125 0.5 0.25 1 0.21875 0.5 0.25 0.5 0.21875 1 0.1875 0.5 0.21875 0.5 0.1875 1 0.15625 0.5 0.1875 0.5 0.15625 1 0.125 0.5 0.15625 0.5 0.125 1 0.09375 0.5 0.125 0.5 0.09375 1 0.0625 0.5 0.09375 0.5 0.1581559 0.02826893 0.4717311 0.1581559 0.341844 0.4717311 0.0625 1 0.03125 0.5 0.0625 0.5 0.03125 1 0 0.5 0.03125 0.5 0.7968217 0.01461154 0.5146116 0.2031783 0.7031784 0.4853885 1 1 0.96875 0.5 1 0.5 0.96875 1 0.9375 0.5 0.96875 0.5 0.9375 1 0.90625 0.5 0.9375 0.5 0.90625 1 0.875 0.5 0.90625 0.5 0.875 1 0.84375 0.5 0.875 0.5 0.84375 1 0.8125 0.5 0.84375 0.5 0.8125 1 0.78125 0.5 0.8125 0.5 0.78125 1 0.75 0.5 0.78125 0.5 0.75 1 0.71875 0.5 0.75 0.5 0.71875 1 0.6875 0.5 0.71875 0.5 0.6875 1 0.65625 0.5 0.6875 0.5 0.65625 1 0.625 0.5 0.65625 0.5 0.625 1 0.59375 0.5 0.625 0.5 0.59375 1 0.5625 0.5 0.59375 0.5 0.5625 1 0.53125 0.5 0.5625 0.5 0.53125 1 0.5 0.5 0.53125 0.5 0.5 1 0.46875 0.5 0.5 0.5 0.46875 1 0.4375 0.5 0.46875 0.5 0.4375 1 0.40625 0.5 0.4375 0.5 0.40625 1 0.375 0.5 0.40625 0.5 0.375 1 0.34375 0.5 0.375 0.5 0.34375 1 0.3125 0.5 0.34375 0.5 0.3125 1 0.28125 0.5 0.3125 0.5 0.28125 1 0.25 0.5 0.28125 0.5 0.25 1 0.21875 0.5 0.25 0.5 0.21875 1 0.1875 0.5 0.21875 0.5 0.1875 1 0.15625 0.5 0.1875 0.5 0.15625 1 0.125 0.5 0.15625 0.5 0.125 1 0.09375 0.5 0.125 0.5 0.09375 1 0.0625 0.5 0.09375 0.5 0.1581559 0.02826893 0.4717311 0.1581559 0.341844 0.4717311 0.0625 1 0.03125 0.5 0.0625 0.5 0.03125 1 0 0.5 0.03125 0.5 0.9853885 0.2968217 0.7968217 0.01461154 0.5146116 0.2031783 1 1 0.96875 0.5 1 0.5 0.96875 1 0.9375 0.5 0.96875 0.5 0.9375 1 0.90625 0.5 0.9375 0.5 0.90625 1 0.875 0.5 0.90625 0.5 0.875 1 0.84375 0.5 0.875 0.5 0.84375 1 0.8125 0.5 0.84375 0.5 0.8125 1 0.78125 0.5 0.8125 0.5 0.78125 1 0.75 0.5 0.78125 0.5 0.75 1 0.71875 0.5 0.75 0.5 0.71875 1 0.6875 0.5 0.71875 0.5 0.6875 1 0.65625 0.5 0.6875 0.5 0.65625 1 0.625 0.5 0.65625 0.5 0.625 1 0.59375 0.5 0.625 0.5 0.59375 1 0.5625 0.5 0.59375 0.5 0.5625 1 0.53125 0.5 0.5625 0.5 0.53125 1 0.5 0.5 0.53125 0.5 0.5 1 0.46875 0.5 0.5 0.5 0.46875 1 0.4375 0.5 0.46875 0.5 0.4375 1 0.40625 0.5 0.4375 0.5 0.40625 1 0.375 0.5 0.40625 0.5 0.375 1 0.34375 0.5 0.375 0.5 0.34375 1 0.3125 0.5 0.34375 0.5 0.3125 1 0.28125 0.5 0.3125 0.5 0.28125 1 0.25 0.5 0.28125 0.5 0.25 1 0.21875 0.5 0.25 0.5 0.21875 1 0.1875 0.5 0.21875 0.5 0.1875 1 0.15625 0.5 0.1875 0.5 0.15625 1 0.125 0.5 0.15625 0.5 0.125 1 0.09375 0.5 0.125 0.5 0.09375 1 0.0625 0.5 0.09375 0.5 0.1581559 0.02826893 0.4717311 0.1581559 0.341844 0.4717311 0.0625 1 0.03125 0.5 0.0625 0.5 0.03125 1 0 0.5 0.03125 0.5 0.7968217 0.01461154 0.5146116 0.2031783 0.7031784 0.4853885 1 1 0.96875 1 0.96875 0.5 0.96875 1 0.9375 1 0.9375 0.5 0.9375 1 0.90625 1 0.90625 0.5 0.90625 1 0.875 1 0.875 0.5 0.875 1 0.84375 1 0.84375 0.5 0.84375 1 0.8125 1 0.8125 0.5 0.8125 1 0.78125 1 0.78125 0.5 0.78125 1 0.75 1 0.75 0.5 0.75 1 0.71875 1 0.71875 0.5 0.71875 1 0.6875 1 0.6875 0.5 0.6875 1 0.65625 1 0.65625 0.5 0.65625 1 0.625 1 0.625 0.5 0.625 1 0.59375 1 0.59375 0.5 0.59375 1 0.5625 1 0.5625 0.5 0.5625 1 0.53125 1 0.53125 0.5 0.53125 1 0.5 1 0.5 0.5 0.5 1 0.46875 1 0.46875 0.5 0.46875 1 0.4375 1 0.4375 0.5 0.4375 1 0.40625 1 0.40625 0.5 0.40625 1 0.375 1 0.375 0.5 0.375 1 0.34375 1 0.34375 0.5 0.34375 0.5 0.34375 1 0.3125 1 0.3125 1 0.28125 1 0.28125 0.5 0.28125 1 0.25 1 0.25 0.5 0.25 1 0.21875 1 0.21875 0.5 0.21875 1 0.1875 1 0.1875 0.5 0.1875 0.5 0.1875 1 0.15625 1 0.15625 1 0.125 1 0.125 0.5 0.125 1 0.09375 1 0.09375 0.5 0.09375 1 0.0625 1 0.0625 0.5 0.341844 0.4717311 0.2968217 0.4853885 0.25 0.49 0.25 0.49 0.2031783 0.4853885 0.341844 0.4717311 0.2031783 0.4853885 0.1581559 0.4717311 0.341844 0.4717311 0.1581559 0.4717311 0.1166631 0.4495527 0.02826893 0.341844 0.1166631 0.4495527 0.08029437 0.4197056 0.02826893 0.341844 0.08029437 0.4197056 0.05044728 0.3833369 0.02826893 0.341844 0.02826893 0.341844 0.01461154 0.2968217 0.00999999 0.25 0.00999999 0.25 0.01461154 0.2031783 0.02826893 0.341844 0.01461154 0.2031783 0.02826893 0.1581559 0.02826893 0.341844 0.02826893 0.1581559 0.05044728 0.1166631 0.08029437 0.08029437 0.08029437 0.08029437 0.1166631 0.05044728 0.02826893 0.1581559 0.1166631 0.05044728 0.1581559 0.02826893 0.02826893 0.1581559 0.1581559 0.02826893 0.2031783 0.01461154 0.341844 0.02826893 0.2031783 0.01461154 0.25 0.00999999 0.341844 0.02826893 0.25 0.00999999 0.2968217 0.01461154 0.341844 0.02826893 0.341844 0.02826893 0.3833369 0.05044728 0.4197056 0.08029437 0.4197056 0.08029437 0.4495527 0.1166631 0.4717311 0.1581559 0.4717311 0.1581559 0.4853885 0.2031783 0.4717311 0.341844 0.4853885 0.2031783 0.49 0.25 0.4717311 0.341844 0.49 0.25 0.4853885 0.2968217 0.4717311 0.341844 0.4717311 0.341844 0.4495527 0.3833369 0.4197056 0.4197056 0.4197056 0.4197056 0.3833369 0.4495527 0.341844 0.4717311 0.341844 0.02826893 0.4197056 0.08029437 0.4717311 0.1581559 0.4717311 0.341844 0.4197056 0.4197056 0.4717311 0.1581559 0.4197056 0.4197056 0.341844 0.4717311 0.4717311 0.1581559 0.341844 0.4717311 0.1581559 0.4717311 0.02826893 0.341844 0.02826893 0.341844 0.02826893 0.1581559 0.1581559 0.02826893 0.1581559 0.02826893 0.341844 0.02826893 0.341844 0.4717311 0.341844 0.02826893 0.4717311 0.1581559 0.341844 0.4717311 0.0625 1 0.03125 1 0.03125 0.5 0.03125 1 0 1 0 0.5 0.7031784 0.4853885 0.75 0.49 0.7968217 0.4853885 0.7968217 0.4853885 0.841844 0.4717311 0.8833369 0.4495527 0.8833369 0.4495527 0.9197056 0.4197056 0.9853885 0.2968217 0.9197056 0.4197056 0.9495527 0.3833369 0.9853885 0.2968217 0.9495527 0.3833369 0.9717311 0.341844 0.9853885 0.2968217 0.9853885 0.2968217 0.99 0.25 0.9853885 0.2031783 0.9853885 0.2031783 0.9717311 0.1581559 0.9495527 0.1166631 0.9495527 0.1166631 0.9197056 0.08029437 0.7968217 0.01461154 0.9197056 0.08029437 0.8833369 0.05044728 0.7968217 0.01461154 0.8833369 0.05044728 0.841844 0.02826893 0.7968217 0.01461154 0.7968217 0.01461154 0.75 0.00999999 0.7031784 0.01461154 0.7031784 0.01461154 0.658156 0.02826893 0.6166632 0.05044728 0.6166632 0.05044728 0.5802944 0.08029437 0.5504474 0.1166631 0.5504474 0.1166631 0.5282689 0.1581559 0.5146116 0.2031783 0.5146116 0.2031783 0.51 0.25 0.5146116 0.2968217 0.5146116 0.2968217 0.5282689 0.341844 0.5504474 0.3833369 0.5504474 0.3833369 0.5802944 0.4197056 0.6166632 0.4495527 0.6166632 0.4495527 0.658156 0.4717311 0.7031784 0.4853885 0.7031784 0.4853885 0.7968217 0.4853885 0.8833369 0.4495527 0.9853885 0.2968217 0.9853885 0.2031783 0.7968217 0.01461154 0.9853885 0.2031783 0.9495527 0.1166631 0.7968217 0.01461154 0.7968217 0.01461154 0.7031784 0.01461154 0.5146116 0.2031783 0.7031784 0.01461154 0.6166632 0.05044728 0.5146116 0.2031783 0.6166632 0.05044728 0.5504474 0.1166631 0.5146116 0.2031783 0.5146116 0.2031783 0.5146116 0.2968217 0.5504474 0.3833369 0.5504474 0.3833369 0.6166632 0.4495527 0.5146116 0.2031783 0.6166632 0.4495527 0.7031784 0.4853885 0.5146116 0.2031783 0.7031784 0.4853885 0.8833369 0.4495527 0.7968217 0.01461154 0.8833369 0.4495527 0.9853885 0.2968217 0.7968217 0.01461154 1 1 0.96875 1 0.96875 0.5 0.96875 1 0.9375 1 0.9375 0.5 0.9375 1 0.90625 1 0.90625 0.5 0.90625 1 0.875 1 0.875 0.5 0.875 1 0.84375 1 0.84375 0.5 0.84375 1 0.8125 1 0.8125 0.5 0.8125 1 0.78125 1 0.78125 0.5 0.78125 1 0.75 1 0.75 0.5 0.75 1 0.71875 1 0.71875 0.5 0.71875 1 0.6875 1 0.6875 0.5 0.6875 1 0.65625 1 0.65625 0.5 0.65625 1 0.625 1 0.625 0.5 0.625 1 0.59375 1 0.59375 0.5 0.59375 1 0.5625 1 0.5625 0.5 0.5625 1 0.53125 1 0.53125 0.5 0.53125 1 0.5 1 0.5 0.5 0.5 1 0.46875 1 0.46875 0.5 0.46875 1 0.4375 1 0.4375 0.5 0.4375 1 0.40625 1 0.40625 0.5 0.40625 1 0.375 1 0.375 0.5 0.375 1 0.34375 1 0.34375 0.5 0.34375 0.5 0.34375 1 0.3125 1 0.3125 1 0.28125 1 0.28125 0.5 0.28125 1 0.25 1 0.25 0.5 0.25 1 0.21875 1 0.21875 0.5 0.21875 1 0.1875 1 0.1875 0.5 0.1875 0.5 0.1875 1 0.15625 1 0.15625 1 0.125 1 0.125 0.5 0.125 1 0.09375 1 0.09375 0.5 0.09375 1 0.0625 1 0.0625 0.5 0.341844 0.4717311 0.2968217 0.4853885 0.25 0.49 0.25 0.49 0.2031783 0.4853885 0.341844 0.4717311 0.2031783 0.4853885 0.1581559 0.4717311 0.341844 0.4717311 0.1581559 0.4717311 0.1166631 0.4495527 0.02826893 0.341844 0.1166631 0.4495527 0.08029437 0.4197056 0.02826893 0.341844 0.08029437 0.4197056 0.05044728 0.3833369 0.02826893 0.341844 0.02826893 0.341844 0.01461154 0.2968217 0.00999999 0.25 0.00999999 0.25 0.01461154 0.2031783 0.02826893 0.341844 0.01461154 0.2031783 0.02826893 0.1581559 0.02826893 0.341844 0.02826893 0.1581559 0.05044728 0.1166631 0.08029437 0.08029437 0.08029437 0.08029437 0.1166631 0.05044728 0.02826893 0.1581559 0.1166631 0.05044728 0.1581559 0.02826893 0.02826893 0.1581559 0.1581559 0.02826893 0.2031783 0.01461154 0.341844 0.02826893 0.2031783 0.01461154 0.25 0.00999999 0.341844 0.02826893 0.25 0.00999999 0.2968217 0.01461154 0.341844 0.02826893 0.341844 0.02826893 0.3833369 0.05044728 0.4197056 0.08029437 0.4197056 0.08029437 0.4495527 0.1166631 0.4717311 0.1581559 0.4717311 0.1581559 0.4853885 0.2031783 0.4717311 0.341844 0.4853885 0.2031783 0.49 0.25 0.4717311 0.341844 0.49 0.25 0.4853885 0.2968217 0.4717311 0.341844 0.4717311 0.341844 0.4495527 0.3833369 0.4197056 0.4197056 0.4197056 0.4197056 0.3833369 0.4495527 0.341844 0.4717311 0.341844 0.02826893 0.4197056 0.08029437 0.4717311 0.1581559 0.4717311 0.341844 0.4197056 0.4197056 0.4717311 0.1581559 0.4197056 0.4197056 0.341844 0.4717311 0.4717311 0.1581559 0.341844 0.4717311 0.1581559 0.4717311 0.02826893 0.341844 0.02826893 0.341844 0.02826893 0.1581559 0.1581559 0.02826893 0.1581559 0.02826893 0.341844 0.02826893 0.341844 0.4717311 0.341844 0.02826893 0.4717311 0.1581559 0.341844 0.4717311 0.0625 1 0.03125 1 0.03125 0.5 0.03125 1 0 1 0 0.5 0.7031784 0.4853885 0.75 0.49 0.7968217 0.4853885 0.7968217 0.4853885 0.841844 0.4717311 0.8833369 0.4495527 0.8833369 0.4495527 0.9197056 0.4197056 0.9853885 0.2968217 0.9197056 0.4197056 0.9495527 0.3833369 0.9853885 0.2968217 0.9495527 0.3833369 0.9717311 0.341844 0.9853885 0.2968217 0.9853885 0.2968217 0.99 0.25 0.9853885 0.2031783 0.9853885 0.2031783 0.9717311 0.1581559 0.9495527 0.1166631 0.9495527 0.1166631 0.9197056 0.08029437 0.7968217 0.01461154 0.9197056 0.08029437 0.8833369 0.05044728 0.7968217 0.01461154 0.8833369 0.05044728 0.841844 0.02826893 0.7968217 0.01461154 0.7968217 0.01461154 0.75 0.00999999 0.7031784 0.01461154 0.7031784 0.01461154 0.658156 0.02826893 0.6166632 0.05044728 0.6166632 0.05044728 0.5802944 0.08029437 0.5504474 0.1166631 0.5504474 0.1166631 0.5282689 0.1581559 0.5146116 0.2031783 0.5146116 0.2031783 0.51 0.25 0.5146116 0.2968217 0.5146116 0.2968217 0.5282689 0.341844 0.5504474 0.3833369 0.5504474 0.3833369 0.5802944 0.4197056 0.6166632 0.4495527 0.6166632 0.4495527 0.658156 0.4717311 0.7031784 0.4853885 0.7031784 0.4853885 0.7968217 0.4853885 0.8833369 0.4495527 0.9853885 0.2968217 0.9853885 0.2031783 0.9495527 0.1166631 0.7968217 0.01461154 0.7031784 0.01461154 0.5146116 0.2031783 0.7031784 0.01461154 0.6166632 0.05044728 0.5146116 0.2031783 0.6166632 0.05044728 0.5504474 0.1166631 0.5146116 0.2031783 0.5146116 0.2031783 0.5146116 0.2968217 0.5504474 0.3833369 0.5504474 0.3833369 0.6166632 0.4495527 0.5146116 0.2031783 0.6166632 0.4495527 0.7031784 0.4853885 0.5146116 0.2031783 0.7031784 0.4853885 0.8833369 0.4495527 0.7968217 0.01461154 0.8833369 0.4495527 0.9853885 0.2968217 0.7968217 0.01461154 0.9853885 0.2968217 0.9495527 0.1166631 0.7968217 0.01461154 1 1 0.96875 1 0.96875 0.5 0.96875 1 0.9375 1 0.9375 0.5 0.9375 1 0.90625 1 0.90625 0.5 0.90625 1 0.875 1 0.875 0.5 0.875 1 0.84375 1 0.84375 0.5 0.84375 1 0.8125 1 0.8125 0.5 0.8125 1 0.78125 1 0.78125 0.5 0.78125 1 0.75 1 0.75 0.5 0.75 1 0.71875 1 0.71875 0.5 0.71875 1 0.6875 1 0.6875 0.5 0.6875 1 0.65625 1 0.65625 0.5 0.65625 1 0.625 1 0.625 0.5 0.625 1 0.59375 1 0.59375 0.5 0.59375 1 0.5625 1 0.5625 0.5 0.5625 1 0.53125 1 0.53125 0.5 0.53125 1 0.5 1 0.5 0.5 0.5 1 0.46875 1 0.46875 0.5 0.46875 1 0.4375 1 0.4375 0.5 0.4375 1 0.40625 1 0.40625 0.5 0.40625 1 0.375 1 0.375 0.5 0.375 1 0.34375 1 0.34375 0.5 0.34375 0.5 0.34375 1 0.3125 1 0.3125 1 0.28125 1 0.28125 0.5 0.28125 1 0.25 1 0.25 0.5 0.25 1 0.21875 1 0.21875 0.5 0.21875 1 0.1875 1 0.1875 0.5 0.1875 0.5 0.1875 1 0.15625 1 0.15625 1 0.125 1 0.125 0.5 0.125 1 0.09375 1 0.09375 0.5 0.09375 1 0.0625 1 0.0625 0.5 0.341844 0.4717311 0.2968217 0.4853885 0.25 0.49 0.25 0.49 0.2031783 0.4853885 0.1581559 0.4717311 0.1581559 0.4717311 0.1166631 0.4495527 0.08029437 0.4197056 0.08029437 0.4197056 0.05044728 0.3833369 0.02826893 0.341844 0.02826893 0.341844 0.01461154 0.2968217 0.02826893 0.1581559 0.01461154 0.2968217 0.00999999 0.25 0.02826893 0.1581559 0.00999999 0.25 0.01461154 0.2031783 0.02826893 0.1581559 0.02826893 0.1581559 0.05044728 0.1166631 0.08029437 0.08029437 0.08029437 0.08029437 0.1166631 0.05044728 0.02826893 0.1581559 0.1166631 0.05044728 0.1581559 0.02826893 0.02826893 0.1581559 0.1581559 0.02826893 0.2031783 0.01461154 0.25 0.00999999 0.25 0.00999999 0.2968217 0.01461154 0.341844 0.02826893 0.341844 0.02826893 0.3833369 0.05044728 0.4717311 0.1581559 0.3833369 0.05044728 0.4197056 0.08029437 0.4717311 0.1581559 0.4197056 0.08029437 0.4495527 0.1166631 0.4717311 0.1581559 0.4717311 0.1581559 0.4853885 0.2031783 0.49 0.25 0.49 0.25 0.4853885 0.2968217 0.4717311 0.1581559 0.4853885 0.2968217 0.4717311 0.341844 0.4717311 0.1581559 0.4717311 0.341844 0.4495527 0.3833369 0.4197056 0.4197056 0.4197056 0.4197056 0.3833369 0.4495527 0.341844 0.4717311 0.341844 0.4717311 0.25 0.49 0.1581559 0.4717311 0.1581559 0.4717311 0.08029437 0.4197056 0.341844 0.4717311 0.08029437 0.4197056 0.02826893 0.341844 0.341844 0.4717311 0.1581559 0.02826893 0.25 0.00999999 0.341844 0.02826893 0.4717311 0.341844 0.4197056 0.4197056 0.341844 0.4717311 0.02826893 0.341844 0.02826893 0.1581559 0.1581559 0.02826893 0.1581559 0.02826893 0.341844 0.02826893 0.4717311 0.1581559 0.4717311 0.1581559 0.4717311 0.341844 0.341844 0.4717311 0.341844 0.4717311 0.02826893 0.341844 0.4717311 0.1581559 0.0625 1 0.03125 1 0.03125 0.5 0.03125 1 0 1 0 0.5 0.7031784 0.4853885 0.75 0.49 0.8833369 0.4495527 0.75 0.49 0.7968217 0.4853885 0.8833369 0.4495527 0.7968217 0.4853885 0.841844 0.4717311 0.8833369 0.4495527 0.8833369 0.4495527 0.9197056 0.4197056 0.9495527 0.3833369 0.9495527 0.3833369 0.9717311 0.341844 0.8833369 0.4495527 0.9717311 0.341844 0.9853885 0.2968217 0.8833369 0.4495527 0.9853885 0.2968217 0.99 0.25 0.9853885 0.2031783 0.9853885 0.2031783 0.9717311 0.1581559 0.9495527 0.1166631 0.9495527 0.1166631 0.9197056 0.08029437 0.7968217 0.01461154 0.9197056 0.08029437 0.8833369 0.05044728 0.7968217 0.01461154 0.8833369 0.05044728 0.841844 0.02826893 0.7968217 0.01461154 0.7968217 0.01461154 0.75 0.00999999 0.7031784 0.01461154 0.7031784 0.01461154 0.658156 0.02826893 0.7968217 0.01461154 0.658156 0.02826893 0.6166632 0.05044728 0.7968217 0.01461154 0.6166632 0.05044728 0.5802944 0.08029437 0.5504474 0.1166631 0.5504474 0.1166631 0.5282689 0.1581559 0.5146116 0.2031783 0.5146116 0.2031783 0.51 0.25 0.5146116 0.2968217 0.5146116 0.2968217 0.5282689 0.341844 0.5504474 0.3833369 0.5504474 0.3833369 0.5802944 0.4197056 0.6166632 0.4495527 0.6166632 0.4495527 0.658156 0.4717311 0.7031784 0.4853885 0.9853885 0.2968217 0.9853885 0.2031783 0.7968217 0.01461154 0.9853885 0.2031783 0.9495527 0.1166631 0.7968217 0.01461154 0.6166632 0.05044728 0.5504474 0.1166631 0.7968217 0.01461154 0.5504474 0.1166631 0.5146116 0.2031783 0.7968217 0.01461154 0.5146116 0.2031783 0.5146116 0.2968217 0.5504474 0.3833369 0.5504474 0.3833369 0.6166632 0.4495527 0.5146116 0.2031783 0.6166632 0.4495527 0.7031784 0.4853885 0.5146116 0.2031783 0.7031784 0.4853885 0.8833369 0.4495527 0.9853885 0.2968217 0.7031784 0.4853885 0.9853885 0.2968217 0.5146116 0.2031783 1 1 0.96875 1 0.96875 0.5 0.96875 1 0.9375 1 0.9375 0.5 0.9375 1 0.90625 1 0.90625 0.5 0.90625 1 0.875 1 0.875 0.5 0.875 1 0.84375 1 0.84375 0.5 0.84375 1 0.8125 1 0.8125 0.5 0.8125 1 0.78125 1 0.78125 0.5 0.78125 1 0.75 1 0.75 0.5 0.75 1 0.71875 1 0.71875 0.5 0.71875 1 0.6875 1 0.6875 0.5 0.6875 1 0.65625 1 0.65625 0.5 0.65625 1 0.625 1 0.625 0.5 0.625 1 0.59375 1 0.59375 0.5 0.59375 1 0.5625 1 0.5625 0.5 0.5625 1 0.53125 1 0.53125 0.5 0.53125 1 0.5 1 0.5 0.5 0.5 1 0.46875 1 0.46875 0.5 0.46875 1 0.4375 1 0.4375 0.5 0.4375 1 0.40625 1 0.40625 0.5 0.40625 1 0.375 1 0.375 0.5 0.375 1 0.34375 1 0.34375 0.5 0.34375 0.5 0.34375 1 0.3125 1 0.3125 1 0.28125 1 0.28125 0.5 0.28125 1 0.25 1 0.25 0.5 0.25 1 0.21875 1 0.21875 0.5 0.21875 1 0.1875 1 0.1875 0.5 0.1875 0.5 0.1875 1 0.15625 1 0.15625 1 0.125 1 0.125 0.5 0.125 1 0.09375 1 0.09375 0.5 0.09375 1 0.0625 1 0.0625 0.5 0.341844 0.4717311 0.2968217 0.4853885 0.25 0.49 0.25 0.49 0.2031783 0.4853885 0.1581559 0.4717311 0.1581559 0.4717311 0.1166631 0.4495527 0.08029437 0.4197056 0.08029437 0.4197056 0.05044728 0.3833369 0.02826893 0.341844 0.02826893 0.341844 0.01461154 0.2968217 0.02826893 0.1581559 0.01461154 0.2968217 0.00999999 0.25 0.02826893 0.1581559 0.00999999 0.25 0.01461154 0.2031783 0.02826893 0.1581559 0.02826893 0.1581559 0.05044728 0.1166631 0.08029437 0.08029437 0.08029437 0.08029437 0.1166631 0.05044728 0.02826893 0.1581559 0.1166631 0.05044728 0.1581559 0.02826893 0.02826893 0.1581559 0.1581559 0.02826893 0.2031783 0.01461154 0.25 0.00999999 0.25 0.00999999 0.2968217 0.01461154 0.341844 0.02826893 0.341844 0.02826893 0.3833369 0.05044728 0.4717311 0.1581559 0.3833369 0.05044728 0.4197056 0.08029437 0.4717311 0.1581559 0.4197056 0.08029437 0.4495527 0.1166631 0.4717311 0.1581559 0.4717311 0.1581559 0.4853885 0.2031783 0.49 0.25 0.49 0.25 0.4853885 0.2968217 0.4717311 0.1581559 0.4853885 0.2968217 0.4717311 0.341844 0.4717311 0.1581559 0.4717311 0.341844 0.4495527 0.3833369 0.4197056 0.4197056 0.4197056 0.4197056 0.3833369 0.4495527 0.341844 0.4717311 0.341844 0.4717311 0.25 0.49 0.1581559 0.4717311 0.1581559 0.4717311 0.08029437 0.4197056 0.341844 0.4717311 0.08029437 0.4197056 0.02826893 0.341844 0.341844 0.4717311 0.1581559 0.02826893 0.25 0.00999999 0.341844 0.02826893 0.4717311 0.341844 0.4197056 0.4197056 0.341844 0.4717311 0.02826893 0.341844 0.02826893 0.1581559 0.1581559 0.02826893 0.1581559 0.02826893 0.341844 0.02826893 0.4717311 0.1581559 0.4717311 0.1581559 0.4717311 0.341844 0.341844 0.4717311 0.341844 0.4717311 0.02826893 0.341844 0.4717311 0.1581559 0.0625 1 0.03125 1 0.03125 0.5 0.03125 1 0 1 0 0.5 0.7031784 0.4853885 0.75 0.49 0.8833369 0.4495527 0.75 0.49 0.7968217 0.4853885 0.8833369 0.4495527 0.7968217 0.4853885 0.841844 0.4717311 0.8833369 0.4495527 0.8833369 0.4495527 0.9197056 0.4197056 0.9495527 0.3833369 0.9495527 0.3833369 0.9717311 0.341844 0.8833369 0.4495527 0.9717311 0.341844 0.9853885 0.2968217 0.8833369 0.4495527 0.9853885 0.2968217 0.99 0.25 0.9853885 0.2031783 0.9853885 0.2031783 0.9717311 0.1581559 0.9495527 0.1166631 0.9495527 0.1166631 0.9197056 0.08029437 0.7968217 0.01461154 0.9197056 0.08029437 0.8833369 0.05044728 0.7968217 0.01461154 0.8833369 0.05044728 0.841844 0.02826893 0.7968217 0.01461154 0.7968217 0.01461154 0.75 0.00999999 0.7031784 0.01461154 0.7031784 0.01461154 0.658156 0.02826893 0.7968217 0.01461154 0.658156 0.02826893 0.6166632 0.05044728 0.7968217 0.01461154 0.6166632 0.05044728 0.5802944 0.08029437 0.5504474 0.1166631 0.5504474 0.1166631 0.5282689 0.1581559 0.5146116 0.2031783 0.5146116 0.2031783 0.51 0.25 0.5146116 0.2968217 0.5146116 0.2968217 0.5282689 0.341844 0.5504474 0.3833369 0.5504474 0.3833369 0.5802944 0.4197056 0.6166632 0.4495527 0.6166632 0.4495527 0.658156 0.4717311 0.7031784 0.4853885 0.9853885 0.2968217 0.9853885 0.2031783 0.7968217 0.01461154 0.9853885 0.2031783 0.9495527 0.1166631 0.7968217 0.01461154 0.6166632 0.05044728 0.5504474 0.1166631 0.7968217 0.01461154 0.5504474 0.1166631 0.5146116 0.2031783 0.7968217 0.01461154 0.5146116 0.2031783 0.5146116 0.2968217 0.7031784 0.4853885 0.5146116 0.2968217 0.5504474 0.3833369 0.7031784 0.4853885 0.5504474 0.3833369 0.6166632 0.4495527 0.7031784 0.4853885 0.7031784 0.4853885 0.8833369 0.4495527 0.9853885 0.2968217 0.7031784 0.4853885 0.9853885 0.2968217 0.5146116 0.2031783 1 1 0.9375 1 0.9375 0.5 0.9375 1 0.875 1 0.875 0.5 0.875 1 0.8125 1 0.8125 0.5 0.8125 1 0.75 1 0.75 0.5 0.75 1 0.6875 1 0.6875 0.5 0.6875 1 0.625 1 0.625 0.5 0.625 1 0.5625 1 0.5625 0.5 0.5625 1 0.5 1 0.5 0.5 0.5 1 0.4375 1 0.4375 0.5 0.4375 1 0.375 1 0.375 0.5 0.375 1 0.3125 1 0.3125 0.5 0.3125 1 0.25 1 0.25 0.5 0.25 1 0.1875 1 0.1875 0.5 0.1875 1 0.125 1 0.125 0.5 0.4197056 0.4197056 0.341844 0.4717311 0.08029437 0.4197056 0.341844 0.4717311 0.25 0.49 0.08029437 0.4197056 0.25 0.49 0.1581559 0.4717311 0.08029437 0.4197056 0.08029437 0.4197056 0.02826887 0.341844 0.00999999 0.25 0.00999999 0.25 0.02826887 0.1581559 0.08029437 0.08029437 0.08029437 0.08029437 0.1581559 0.02826887 0.4197056 0.08029437 0.1581559 0.02826887 0.25 0.00999999 0.4197056 0.08029437 0.25 0.00999999 0.341844 0.02826887 0.4197056 0.08029437 0.4197056 0.08029437 0.4717311 0.1581559 0.49 0.25 0.49 0.25 0.4717311 0.341844 0.4197056 0.4197056 0.08029437 0.4197056 0.00999999 0.25 0.4197056 0.4197056 0.00999999 0.25 0.08029437 0.08029437 0.4197056 0.4197056 0.4197056 0.08029437 0.49 0.25 0.08029437 0.08029437 0.125 1 0.0625 1 0.0625 0.5 0.0625 1 0 1 0 0.5 0.658156 0.4717311 0.75 0.49 0.841844 0.4717311 0.841844 0.4717311 0.9197056 0.4197056 0.9717311 0.341844 0.9717311 0.341844 0.99 0.25 0.841844 0.02826887 0.99 0.25 0.9717311 0.1581559 0.841844 0.02826887 0.9717311 0.1581559 0.9197056 0.08029437 0.841844 0.02826887 0.841844 0.02826887 0.75 0.00999999 0.658156 0.02826887 0.658156 0.02826887 0.5802944 0.08029437 0.5282689 0.1581559 0.5282689 0.1581559 0.51 0.25 0.658156 0.4717311 0.51 0.25 0.5282689 0.341844 0.658156 0.4717311 0.5282689 0.341844 0.5802944 0.4197056 0.658156 0.4717311 0.658156 0.4717311 0.841844 0.4717311 0.841844 0.02826887 0.841844 0.4717311 0.9717311 0.341844 0.841844 0.02826887 0.841844 0.02826887 0.658156 0.02826887 0.658156 0.4717311 1 1 0.9375 1 0.9375 0.5 0.9375 1 0.875 1 0.875 0.5 0.875 1 0.8125 1 0.8125 0.5 0.8125 1 0.75 1 0.75 0.5 0.75 1 0.6875 1 0.6875 0.5 0.6875 1 0.625 1 0.625 0.5 0.625 1 0.5625 1 0.5625 0.5 0.5625 1 0.5 1 0.5 0.5 0.5 1 0.4375 1 0.4375 0.5 0.4375 1 0.375 1 0.375 0.5 0.375 1 0.3125 1 0.3125 0.5 0.3125 1 0.25 1 0.25 0.5 0.25 1 0.1875 1 0.1875 0.5 0.1875 1 0.125 1 0.125 0.5 0.4197056 0.4197056 0.341844 0.4717311 0.08029437 0.4197056 0.341844 0.4717311 0.25 0.49 0.08029437 0.4197056 0.25 0.49 0.1581559 0.4717311 0.08029437 0.4197056 0.08029437 0.4197056 0.02826887 0.341844 0.00999999 0.25 0.00999999 0.25 0.02826887 0.1581559 0.08029437 0.08029437 0.08029437 0.08029437 0.1581559 0.02826887 0.4197056 0.08029437 0.1581559 0.02826887 0.25 0.00999999 0.4197056 0.08029437 0.25 0.00999999 0.341844 0.02826887 0.4197056 0.08029437 0.4197056 0.08029437 0.4717311 0.1581559 0.49 0.25 0.49 0.25 0.4717311 0.341844 0.4197056 0.4197056 0.08029437 0.4197056 0.00999999 0.25 0.4197056 0.4197056 0.00999999 0.25 0.08029437 0.08029437 0.4197056 0.4197056 0.4197056 0.08029437 0.49 0.25 0.08029437 0.08029437 0.125 1 0.0625 1 0.0625 0.5 0.0625 1 0 1 0 0.5 0.658156 0.4717311 0.75 0.49 0.841844 0.4717311 0.841844 0.4717311 0.9197056 0.4197056 0.9717311 0.341844 0.9717311 0.341844 0.99 0.25 0.841844 0.02826887 0.99 0.25 0.9717311 0.1581559 0.841844 0.02826887 0.9717311 0.1581559 0.9197056 0.08029437 0.841844 0.02826887 0.841844 0.02826887 0.75 0.00999999 0.658156 0.02826887 0.658156 0.02826887 0.5802944 0.08029437 0.5282689 0.1581559 0.5282689 0.1581559 0.51 0.25 0.658156 0.4717311 0.51 0.25 0.5282689 0.341844 0.658156 0.4717311 0.5282689 0.341844 0.5802944 0.4197056 0.658156 0.4717311 0.658156 0.4717311 0.841844 0.4717311 0.841844 0.02826887 0.841844 0.4717311 0.9717311 0.341844 0.841844 0.02826887 0.841844 0.02826887 0.658156 0.02826887 0.658156 0.4717311 1 1 0.9375 1 0.9375 0.5 0.9375 1 0.875 1 0.875 0.5 0.875 1 0.8125 1 0.8125 0.5 0.8125 1 0.75 1 0.75 0.5 0.75 1 0.6875 1 0.6875 0.5 0.6875 1 0.625 1 0.625 0.5 0.625 1 0.5625 1 0.5625 0.5 0.5625 1 0.5 1 0.5 0.5 0.5 1 0.4375 1 0.4375 0.5 0.4375 1 0.375 1 0.375 0.5 0.375 1 0.3125 1 0.3125 0.5 0.3125 1 0.25 1 0.25 0.5 0.25 1 0.1875 1 0.1875 0.5 0.1875 1 0.125 1 0.125 0.5 0.4197056 0.4197056 0.341844 0.4717311 0.25 0.49 0.25 0.49 0.1581559 0.4717311 0.4197056 0.4197056 0.1581559 0.4717311 0.08029437 0.4197056 0.4197056 0.4197056 0.08029437 0.4197056 0.02826887 0.341844 0.00999999 0.25 0.00999999 0.25 0.02826887 0.1581559 0.08029437 0.08029437 0.08029437 0.08029437 0.1581559 0.02826887 0.25 0.00999999 0.25 0.00999999 0.341844 0.02826887 0.4197056 0.08029437 0.4197056 0.08029437 0.4717311 0.1581559 0.49 0.25 0.49 0.25 0.4717311 0.341844 0.4197056 0.4197056 0.08029437 0.4197056 0.00999999 0.25 0.4197056 0.4197056 0.00999999 0.25 0.08029437 0.08029437 0.4197056 0.4197056 0.08029437 0.08029437 0.25 0.00999999 0.4197056 0.08029437 0.4197056 0.08029437 0.49 0.25 0.4197056 0.4197056 0.125 1 0.0625 1 0.0625 0.5 0.0625 1 0 1 0 0.5 0.658156 0.4717311 0.75 0.49 0.841844 0.4717311 0.841844 0.4717311 0.9197056 0.4197056 0.658156 0.4717311 0.9197056 0.4197056 0.9717311 0.341844 0.658156 0.4717311 0.9717311 0.341844 0.99 0.25 0.9717311 0.1581559 0.9717311 0.1581559 0.9197056 0.08029437 0.9717311 0.341844 0.9197056 0.08029437 0.841844 0.02826887 0.9717311 0.341844 0.841844 0.02826887 0.75 0.00999999 0.5282689 0.1581559 0.75 0.00999999 0.658156 0.02826887 0.5282689 0.1581559 0.658156 0.02826887 0.5802944 0.08029437 0.5282689 0.1581559 0.5282689 0.1581559 0.51 0.25 0.5282689 0.341844 0.5282689 0.341844 0.5802944 0.4197056 0.658156 0.4717311 0.5282689 0.1581559 0.5282689 0.341844 0.658156 0.4717311 0.658156 0.4717311 0.9717311 0.341844 0.5282689 0.1581559 1 1 0.9375 1 0.9375 0.5 0.9375 1 0.875 1 0.875 0.5 0.875 1 0.8125 1 0.8125 0.5 0.8125 1 0.75 1 0.75 0.5 0.75 1 0.6875 1 0.6875 0.5 0.6875 1 0.625 1 0.625 0.5 0.625 1 0.5625 1 0.5625 0.5 0.5625 1 0.5 1 0.5 0.5 0.5 1 0.4375 1 0.4375 0.5 0.4375 1 0.375 1 0.375 0.5 0.375 1 0.3125 1 0.3125 0.5 0.3125 1 0.25 1 0.25 0.5 0.25 1 0.1875 1 0.1875 0.5 0.1875 1 0.125 1 0.125 0.5 0.4197056 0.4197056 0.341844 0.4717311 0.25 0.49 0.25 0.49 0.1581559 0.4717311 0.4197056 0.4197056 0.1581559 0.4717311 0.08029437 0.4197056 0.4197056 0.4197056 0.08029437 0.4197056 0.02826887 0.341844 0.00999999 0.25 0.00999999 0.25 0.02826887 0.1581559 0.08029437 0.08029437 0.08029437 0.08029437 0.1581559 0.02826887 0.25 0.00999999 0.25 0.00999999 0.341844 0.02826887 0.4197056 0.08029437 0.4197056 0.08029437 0.4717311 0.1581559 0.49 0.25 0.49 0.25 0.4717311 0.341844 0.4197056 0.4197056 0.08029437 0.4197056 0.00999999 0.25 0.4197056 0.4197056 0.00999999 0.25 0.08029437 0.08029437 0.4197056 0.4197056 0.08029437 0.08029437 0.25 0.00999999 0.4197056 0.08029437 0.4197056 0.08029437 0.49 0.25 0.4197056 0.4197056 0.125 1 0.0625 1 0.0625 0.5 0.0625 1 0 1 0 0.5 0.658156 0.4717311 0.75 0.49 0.841844 0.4717311 0.841844 0.4717311 0.9197056 0.4197056 0.658156 0.4717311 0.9197056 0.4197056 0.9717311 0.341844 0.658156 0.4717311 0.9717311 0.341844 0.99 0.25 0.9717311 0.1581559 0.9717311 0.1581559 0.9197056 0.08029437 0.9717311 0.341844 0.9197056 0.08029437 0.841844 0.02826887 0.9717311 0.341844 0.841844 0.02826887 0.75 0.00999999 0.5282689 0.1581559 0.75 0.00999999 0.658156 0.02826887 0.5282689 0.1581559 0.658156 0.02826887 0.5802944 0.08029437 0.5282689 0.1581559 0.5282689 0.1581559 0.51 0.25 0.5282689 0.341844 0.5282689 0.341844 0.5802944 0.4197056 0.658156 0.4717311 0.5282689 0.1581559 0.5282689 0.341844 0.658156 0.4717311 0.658156 0.4717311 0.9717311 0.341844 0.5282689 0.1581559 0.625 0 0.625 0.25 0.375 0.25 0.625 0.25 0.625 0.5 0.375 0.5 0.625 0.5 0.625 0.75 0.375 0.75 0.625 0.75 0.625 1 0.375 1 0.375 0.5 0.375 0.75 0.125 0.75 0.875 0.5 0.875 0.75 0.625 0.75 0 0 0 0 0 0 0 0 0 0 0 0 0 0 0 0 0 0 0 0 0 0 0 0 0 0 0 0 0 0 0 0 0 0 0 0 0 0 0 0 0 0 0 0 0 0 0 0 0 0 0 0 0 0 0 0 0 0 0 0 0 0 0 0 0 0 0 0 0 0 0 0 0 0 0 0 0 0 0 0 0 0 0 0 0 0 0 0 0 0 0 0 0 0 0 0 0 0 0 0 0 0 0 0 0 0 0 0 0 0 0 0 0 0 0 0 0 0 0 0 0 0 0 0 0 0 0 0 0 0 0 0 0 0 0 0 0 0 0 0 0 0 0 0 0 0 0 0 0 0 0 0 0 0 0 0 0 0 0 0 0 0 0 0 0 0 0 0 0 0 0 0 0 0 0 0 0 0 0 0 0 0 0 0 0 0 0 0 0 0 0 0 0 0 0 0 0 0 0 0 0 0 0 0 0 0 0 0 0 0 0 0 0 0 0 0 0 0 0 0 0 0 0 0 0 0 0 0 0 0 0 0 0 0 0 0 0 0 0 0 0 0 0 0 0 0 0 0 0 0 0 0 0 0 0 0 0 0 0 0 0 0 0 0 0 0 0 0 0 0 0 0 0 0 0 0 0 0 0 0 0 0 0 0 0 0 0 0 0 0 0 0 0 0 0 0 0 0 0 0 0 0 0 0 0 0 0 0 0 0 0 0 0 0 0 0 0 0 0 0 0 0 0 0 0 0 0 0 0 0 0 0 0 0 0 0 0 0 0 0 0 0 0 0 0 0 0 0 0 0 0 0 0 0 0 0 0 0 0 0 0 0 0 0 0 0 0 0 0 0 0 0 0 0 0 0 0 0 0 0 0 0 0 0 0 0 0 0 0 0 0 0 0 0 0 0 0 0 0 0 0 0 0 0 0 0 0 0 0 0 0 0 0 0 0 0 0 0 0 0 0 0 0 0 0 0 0 0 0 0 0 0 0 0 0 0 0 0 0 0 0 0 0 0 0 0 0 0 0 0 0 0 0 0 0 0 0 0 0 0 0 0 0 0 0 0 0 0 0 0 0 0 0 0 0 0 0 0 0 0 0 0 0 0 0 0 0 0 0 0 0 0 0 0 0 0 0 0 0 0 0 0 0 0 0 0 0 0 0 0 0 0 0 0 0 0 0 0 0 0 0 0 0 0 0 0 0 0 0 0 0 0 0 0 0 0 0 0 0 0 0 0 0 0 0 0 0 0 0 0 0 0 0 0 0 0 0 0 0 0 0 0 0 0 0 0 0 0 0 0 0 0 0 0 0 0 0 0 0 0 0 0 0 0 0 0 0 0 0 0 0 0 0 0 0 0 0 0 0 0 0 0 0 0 0 0 0 0 0 0 0 0 0 0 0 0 0 0 0 0 0 0 0 0 0 0 0 0 0 0 0 0 0 0 0 0 0 0 0 0 0 0 0 0 0 0 0 0 0 0 0 0 0 0 0 0 0 0 0 0 0 0 0 0 0 0 0 0 0 0 0 0 0 0 0 0 0 0 0 0 0 0 0 0 0 0 0 0 0 0 0 0 0 0 0 0 0 0 0 0 0 0 0 0 0 0 0 0 0 0 0 0 0 0 0 0 0 0 0 0 0 0 0 0 0 0 0 0 0 0 0 0 0 0 0 0 0 0 0 0 0 0 0 0 0 0 0 0 0 0 0 0 0 0 0 0 0 0 0 0 0 0 0 0 0 0 0 0 0 0 0 0 0 0 0 0 0 0 0 0 0 0 0 0 0 0 0 0 0 0 0 0 0 0 0 0 0 0 0 0 0 0 0 0 0 0 0 0 0 0 0 0 0 0 0 0 0 0 0 0 0 0 0 0 0 0 0 0 0 0 0 0 0 0 0 0 0 0 0 0 0 0 0 0 0 0 0 0 0 0 0 0 0 0 0 0 0 0 0 0 0 0 0 0 0 0 0 0 0 0 0 0 0 0 0 0 0 0 0 0 0 0 0 0 0 0 0 0 0 0 0 0 0 0 0 0 0 0 0 0 0 0 0 0 0 0 0 0 0 0 0 0 0 0 0 0 0 0 0 0 0 0 0 0 0 0 0 0 0 0 0 0 0 0 0 0 0 0 0 0 0 0 0 0 0 0 0 0 0 0 0 0 0 0 0 0 0 0 0 0 0 0 0 0 0 0 0 0 0 0 0 0 0 0 0 0 0 0 0 0 0 0 0 0 0 0 0 0 0 0 0 0 0 0 0 0 0 0 0 0 0 0 0 0 0 0 0 0 0.625 0 0.625 0.25 0.375 0.25 0.625 0.25 0.625 0.5 0.375 0.5 0.625 0.5 0.625 0.75 0.375 0.75 0.625 0.75 0.625 1 0.375 1 0.375 0.5 0.375 0.75 0.125 0.75 0.875 0.5 0.875 0.75 0.625 0.75 1 1 0.96875 1 0.96875 0.5 0.96875 1 0.9375 1 0.9375 0.5 0.9375 1 0.90625 1 0.90625 0.5 0.90625 1 0.875 1 0.875 0.5 0.875 1 0.84375 1 0.84375 0.5 0.84375 1 0.8125 1 0.8125 0.5 0.8125 1 0.78125 1 0.78125 0.5 0.78125 1 0.75 1 0.75 0.5 0.75 1 0.71875 1 0.71875 0.5 0.71875 1 0.6875 1 0.6875 0.5 0.6875 1 0.65625 1 0.65625 0.5 0.65625 1 0.625 1 0.625 0.5 0.625 1 0.59375 1 0.59375 0.5 0.59375 1 0.5625 1 0.5625 0.5 0.5625 1 0.53125 1 0.53125 0.5 0.53125 1 0.5 1 0.5 0.5 0.5 1 0.46875 1 0.46875 0.5 0.46875 1 0.4375 1 0.4375 0.5 0.4375 1 0.40625 1 0.40625 0.5 0.40625 1 0.375 1 0.375 0.5 0.375 1 0.34375 1 0.34375 0.5 0.34375 1 0.3125 1 0.3125 0.5 0.3125 1 0.28125 1 0.28125 0.5 0.28125 1 0.25 1 0.25 0.5 0.25 1 0.21875 1 0.21875 0.5 0.21875 1 0.1875 1 0.1875 0.5 0.1875 1 0.15625 1 0.15625 0.5 0.15625 1 0.125 1 0.125 0.5 0.125 1 0.09375 1 0.09375 0.5 0.09375 1 0.0625 1 0.0625 0.5 0.341844 0.4717311 0.2968217 0.4853885 0.25 0.49 0.25 0.49 0.2031783 0.4853885 0.341844 0.4717311 0.2031783 0.4853885 0.1581559 0.4717311 0.341844 0.4717311 0.1581559 0.4717311 0.1166631 0.4495527 0.02826893 0.341844 0.1166631 0.4495527 0.08029437 0.4197056 0.02826893 0.341844 0.08029437 0.4197056 0.05044728 0.3833369 0.02826893 0.341844 0.02826893 0.341844 0.01461154 0.2968217 0.02826893 0.1581559 0.01461154 0.2968217 0.00999999 0.25 0.02826893 0.1581559 0.00999999 0.25 0.01461154 0.2031783 0.02826893 0.1581559 0.02826893 0.1581559 0.05044728 0.1166631 0.08029437 0.08029437 0.08029437 0.08029437 0.1166631 0.05044728 0.02826893 0.1581559 0.1166631 0.05044728 0.1581559 0.02826893 0.02826893 0.1581559 0.1581559 0.02826893 0.2031783 0.01461154 0.25 0.00999999 0.25 0.00999999 0.2968217 0.01461154 0.341844 0.02826893 0.341844 0.02826893 0.3833369 0.05044728 0.4717311 0.1581559 0.3833369 0.05044728 0.4197056 0.08029437 0.4717311 0.1581559 0.4197056 0.08029437 0.4495527 0.1166631 0.4717311 0.1581559 0.4717311 0.1581559 0.4853885 0.2031783 0.49 0.25 0.49 0.25 0.4853885 0.2968217 0.4717311 0.341844 0.4717311 0.341844 0.4495527 0.3833369 0.4197056 0.4197056 0.4197056 0.4197056 0.3833369 0.4495527 0.4717311 0.341844 0.3833369 0.4495527 0.341844 0.4717311 0.4717311 0.341844 0.1581559 0.02826893 0.25 0.00999999 0.4717311 0.1581559 0.25 0.00999999 0.341844 0.02826893 0.4717311 0.1581559 0.4717311 0.1581559 0.49 0.25 0.341844 0.4717311 0.49 0.25 0.4717311 0.341844 0.341844 0.4717311 0.341844 0.4717311 0.1581559 0.4717311 0.02826893 0.341844 0.02826893 0.341844 0.02826893 0.1581559 0.341844 0.4717311 0.02826893 0.1581559 0.1581559 0.02826893 0.341844 0.4717311 0.0625 1 0.03125 1 0.03125 0.5 0.03125 1 0 1 0 0.5 0.7031784 0.4853885 0.75 0.49 0.7968217 0.4853885 0.7968217 0.4853885 0.841844 0.4717311 0.7031784 0.4853885 0.841844 0.4717311 0.8833369 0.4495527 0.7031784 0.4853885 0.8833369 0.4495527 0.9197056 0.4197056 0.9495527 0.3833369 0.9495527 0.3833369 0.9717311 0.341844 0.8833369 0.4495527 0.9717311 0.341844 0.9853885 0.2968217 0.8833369 0.4495527 0.9853885 0.2968217 0.99 0.25 0.9853885 0.2031783 0.9853885 0.2031783 0.9717311 0.1581559 0.9495527 0.1166631 0.9495527 0.1166631 0.9197056 0.08029437 0.8833369 0.05044728 0.8833369 0.05044728 0.841844 0.02826893 0.7968217 0.01461154 0.7968217 0.01461154 0.75 0.00999999 0.7031784 0.01461154 0.7031784 0.01461154 0.658156 0.02826893 0.6166632 0.05044728 0.6166632 0.05044728 0.5802944 0.08029437 0.5504473 0.1166631 0.5504473 0.1166631 0.5282689 0.1581559 0.6166632 0.05044728 0.5282689 0.1581559 0.5146116 0.2031783 0.6166632 0.05044728 0.5146116 0.2031783 0.51 0.25 0.5146116 0.2968217 0.5146116 0.2968217 0.5282689 0.341844 0.5504473 0.3833369 0.5504473 0.3833369 0.5802944 0.4197056 0.6166632 0.4495527 0.6166632 0.4495527 0.658156 0.4717311 0.7031784 0.4853885 0.9853885 0.2968217 0.9853885 0.2031783 0.9495527 0.1166631 0.9495527 0.1166631 0.8833369 0.05044728 0.9853885 0.2968217 0.8833369 0.05044728 0.7968217 0.01461154 0.9853885 0.2968217 0.7968217 0.01461154 0.7031784 0.01461154 0.6166632 0.05044728 0.5146116 0.2031783 0.5146116 0.2968217 0.5504473 0.3833369 0.5504473 0.3833369 0.6166632 0.4495527 0.5146116 0.2031783 0.6166632 0.4495527 0.7031784 0.4853885 0.5146116 0.2031783 0.7031784 0.4853885 0.8833369 0.4495527 0.9853885 0.2968217 0.7968217 0.01461154 0.6166632 0.05044728 0.5146116 0.2031783 0.7031784 0.4853885 0.9853885 0.2968217 0.5146116 0.2031783 1 1 0.96875 1 0.96875 0.5 0.96875 1 0.9375 1 0.9375 0.5 0.9375 1 0.90625 1 0.90625 0.5 0.90625 1 0.875 1 0.875 0.5 0.875 1 0.84375 1 0.84375 0.5 0.84375 1 0.8125 1 0.8125 0.5 0.8125 1 0.78125 1 0.78125 0.5 0.78125 1 0.75 1 0.75 0.5 0.75 1 0.71875 1 0.71875 0.5 0.71875 1 0.6875 1 0.6875 0.5 0.6875 1 0.65625 1 0.65625 0.5 0.65625 1 0.625 1 0.625 0.5 0.625 1 0.59375 1 0.59375 0.5 0.59375 1 0.5625 1 0.5625 0.5 0.5625 1 0.53125 1 0.53125 0.5 0.53125 1 0.5 1 0.5 0.5 0.5 1 0.46875 1 0.46875 0.5 0.46875 1 0.4375 1 0.4375 0.5 0.4375 1 0.40625 1 0.40625 0.5 0.40625 1 0.375 1 0.375 0.5 0.375 1 0.34375 1 0.34375 0.5 0.34375 1 0.3125 1 0.3125 0.5 0.3125 1 0.28125 1 0.28125 0.5 0.28125 1 0.25 1 0.25 0.5 0.25 1 0.21875 1 0.21875 0.5 0.21875 1 0.1875 1 0.1875 0.5 0.1875 1 0.15625 1 0.15625 0.5 0.15625 1 0.125 1 0.125 0.5 0.125 1 0.09375 1 0.09375 0.5 0.09375 1 0.0625 1 0.0625 0.5 0.341844 0.4717311 0.2968217 0.4853885 0.25 0.49 0.25 0.49 0.2031783 0.4853885 0.1581559 0.4717311 0.1581559 0.4717311 0.1166631 0.4495527 0.02826893 0.341844 0.1166631 0.4495527 0.08029437 0.4197056 0.02826893 0.341844 0.08029437 0.4197056 0.05044728 0.3833369 0.02826893 0.341844 0.02826893 0.341844 0.01461154 0.2968217 0.02826893 0.1581559 0.01461154 0.2968217 0.00999999 0.25 0.02826893 0.1581559 0.00999999 0.25 0.01461154 0.2031783 0.02826893 0.1581559 0.02826893 0.1581559 0.05044728 0.1166631 0.08029437 0.08029437 0.08029437 0.08029437 0.1166631 0.05044728 0.02826893 0.1581559 0.1166631 0.05044728 0.1581559 0.02826893 0.02826893 0.1581559 0.1581559 0.02826893 0.2031783 0.01461154 0.25 0.00999999 0.25 0.00999999 0.2968217 0.01461154 0.341844 0.02826893 0.341844 0.02826893 0.3833369 0.05044728 0.4717311 0.1581559 0.3833369 0.05044728 0.4197056 0.08029437 0.4717311 0.1581559 0.4197056 0.08029437 0.4495527 0.1166631 0.4717311 0.1581559 0.4717311 0.1581559 0.4853885 0.2031783 0.49 0.25 0.49 0.25 0.4853885 0.2968217 0.4717311 0.1581559 0.4853885 0.2968217 0.4717311 0.341844 0.4717311 0.1581559 0.4717311 0.341844 0.4495527 0.3833369 0.341844 0.4717311 0.4495527 0.3833369 0.4197056 0.4197056 0.341844 0.4717311 0.4197056 0.4197056 0.3833369 0.4495527 0.341844 0.4717311 0.341844 0.4717311 0.25 0.49 0.02826893 0.341844 0.25 0.49 0.1581559 0.4717311 0.02826893 0.341844 0.1581559 0.02826893 0.25 0.00999999 0.4717311 0.1581559 0.25 0.00999999 0.341844 0.02826893 0.4717311 0.1581559 0.02826893 0.341844 0.02826893 0.1581559 0.341844 0.4717311 0.02826893 0.1581559 0.1581559 0.02826893 0.341844 0.4717311 0.4717311 0.1581559 0.4717311 0.341844 0.341844 0.4717311 0.0625 1 0.03125 1 0.03125 0.5 0.03125 1 0 1 0 0.5 0.7031784 0.4853885 0.75 0.49 0.7968217 0.4853885 0.7968217 0.4853885 0.841844 0.4717311 0.8833369 0.4495527 0.8833369 0.4495527 0.9197056 0.4197056 0.9495527 0.3833369 0.9495527 0.3833369 0.9717311 0.341844 0.9853885 0.2968217 0.9853885 0.2968217 0.99 0.25 0.9853885 0.2031783 0.9853885 0.2031783 0.9717311 0.1581559 0.9495527 0.1166631 0.9495527 0.1166631 0.9197056 0.08029437 0.8833369 0.05044728 0.8833369 0.05044728 0.841844 0.02826893 0.7968217 0.01461154 0.7968217 0.01461154 0.75 0.00999999 0.7031784 0.01461154 0.7031784 0.01461154 0.658156 0.02826893 0.6166632 0.05044728 0.6166632 0.05044728 0.5802944 0.08029437 0.5504473 0.1166631 0.5504473 0.1166631 0.5282689 0.1581559 0.6166632 0.05044728 0.5282689 0.1581559 0.5146116 0.2031783 0.6166632 0.05044728 0.5146116 0.2031783 0.51 0.25 0.5146116 0.2968217 0.5146116 0.2968217 0.5282689 0.341844 0.5504473 0.3833369 0.5504473 0.3833369 0.5802944 0.4197056 0.6166632 0.4495527 0.6166632 0.4495527 0.658156 0.4717311 0.7031784 0.4853885 0.7031784 0.4853885 0.7968217 0.4853885 0.9853885 0.2968217 0.7968217 0.4853885 0.8833369 0.4495527 0.9853885 0.2968217 0.8833369 0.4495527 0.9495527 0.3833369 0.9853885 0.2968217 0.9853885 0.2968217 0.9853885 0.2031783 0.7968217 0.01461154 0.9853885 0.2031783 0.9495527 0.1166631 0.7968217 0.01461154 0.9495527 0.1166631 0.8833369 0.05044728 0.7968217 0.01461154 0.7968217 0.01461154 0.7031784 0.01461154 0.5146116 0.2031783 0.7031784 0.01461154 0.6166632 0.05044728 0.5146116 0.2031783 0.5146116 0.2031783 0.5146116 0.2968217 0.7031784 0.4853885 0.5146116 0.2968217 0.5504473 0.3833369 0.7031784 0.4853885 0.5504473 0.3833369 0.6166632 0.4495527 0.7031784 0.4853885 0.7031784 0.4853885 0.9853885 0.2968217 0.7968217 0.01461154 1 1 0.96875 1 0.96875 0.5 0.96875 1 0.9375 1 0.9375 0.5 0.9375 1 0.90625 1 0.90625 0.5 0.90625 1 0.875 1 0.875 0.5 0.875 1 0.84375 1 0.84375 0.5 0.84375 1 0.8125 1 0.8125 0.5 0.8125 1 0.78125 1 0.78125 0.5 0.78125 1 0.75 1 0.75 0.5 0.75 1 0.71875 1 0.71875 0.5 0.71875 1 0.6875 1 0.6875 0.5 0.6875 1 0.65625 1 0.65625 0.5 0.65625 1 0.625 1 0.625 0.5 0.625 1 0.59375 1 0.59375 0.5 0.59375 1 0.5625 1 0.5625 0.5 0.5625 1 0.53125 1 0.53125 0.5 0.53125 1 0.5 1 0.5 0.5 0.5 1 0.46875 1 0.46875 0.5 0.46875 1 0.4375 1 0.4375 0.5 0.4375 1 0.40625 1 0.40625 0.5 0.40625 1 0.375 1 0.375 0.5 0.375 1 0.34375 1 0.34375 0.5 0.34375 1 0.3125 1 0.3125 0.5 0.3125 1 0.28125 1 0.28125 0.5 0.28125 1 0.25 1 0.25 0.5 0.25 1 0.21875 1 0.21875 0.5 0.21875 1 0.1875 1 0.1875 0.5 0.1875 1 0.15625 1 0.15625 0.5 0.15625 1 0.125 1 0.125 0.5 0.125 1 0.09375 1 0.09375 0.5 0.09375 1 0.0625 1 0.0625 0.5 0.341844 0.4717311 0.2968217 0.4853885 0.25 0.49 0.25 0.49 0.2031783 0.4853885 0.341844 0.4717311 0.2031783 0.4853885 0.1581559 0.4717311 0.341844 0.4717311 0.1581559 0.4717311 0.1166631 0.4495527 0.08029437 0.4197056 0.08029437 0.4197056 0.05044728 0.3833369 0.02826893 0.341844 0.02826893 0.341844 0.01461154 0.2968217 0.00999999 0.25 0.00999999 0.25 0.01461154 0.2031783 0.02826893 0.1581559 0.02826893 0.1581559 0.05044728 0.1166631 0.08029437 0.08029437 0.08029437 0.08029437 0.1166631 0.05044728 0.1581559 0.02826893 0.1581559 0.02826893 0.2031783 0.01461154 0.25 0.00999999 0.25 0.00999999 0.2968217 0.01461154 0.1581559 0.02826893 0.2968217 0.01461154 0.341844 0.02826893 0.1581559 0.02826893 0.341844 0.02826893 0.3833369 0.05044728 0.4197056 0.08029437 0.4197056 0.08029437 0.4495527 0.1166631 0.4717311 0.1581559 0.4717311 0.1581559 0.4853885 0.2031783 0.4717311 0.341844 0.4853885 0.2031783 0.49 0.25 0.4717311 0.341844 0.49 0.25 0.4853885 0.2968217 0.4717311 0.341844 0.4717311 0.341844 0.4495527 0.3833369 0.4197056 0.4197056 0.4197056 0.4197056 0.3833369 0.4495527 0.341844 0.4717311 0.1581559 0.4717311 0.08029437 0.4197056 0.02826893 0.341844 0.02826893 0.341844 0.00999999 0.25 0.02826893 0.1581559 0.02826893 0.1581559 0.08029437 0.08029437 0.1581559 0.02826893 0.341844 0.02826893 0.4197056 0.08029437 0.1581559 0.02826893 0.4197056 0.08029437 0.4717311 0.1581559 0.1581559 0.02826893 0.4717311 0.341844 0.4197056 0.4197056 0.341844 0.4717311 0.341844 0.4717311 0.1581559 0.4717311 0.02826893 0.341844 0.02826893 0.341844 0.02826893 0.1581559 0.341844 0.4717311 0.02826893 0.1581559 0.1581559 0.02826893 0.341844 0.4717311 0.4717311 0.1581559 0.4717311 0.341844 0.341844 0.4717311 0.0625 1 0.03125 1 0.03125 0.5 0.03125 1 0 1 0 0.5 0.7031784 0.4853885 0.75 0.49 0.7968217 0.4853885 0.7968217 0.4853885 0.841844 0.4717311 0.8833369 0.4495527 0.8833369 0.4495527 0.9197056 0.4197056 0.9853885 0.2968217 0.9197056 0.4197056 0.9495527 0.3833369 0.9853885 0.2968217 0.9495527 0.3833369 0.9717311 0.341844 0.9853885 0.2968217 0.9853885 0.2968217 0.99 0.25 0.9853885 0.2031783 0.9853885 0.2031783 0.9717311 0.1581559 0.9495527 0.1166631 0.9495527 0.1166631 0.9197056 0.08029437 0.7968217 0.01461154 0.9197056 0.08029437 0.8833369 0.05044728 0.7968217 0.01461154 0.8833369 0.05044728 0.841844 0.02826893 0.7968217 0.01461154 0.7968217 0.01461154 0.75 0.00999999 0.7031784 0.01461154 0.7031784 0.01461154 0.658156 0.02826893 0.6166632 0.05044728 0.6166632 0.05044728 0.5802944 0.08029437 0.5504473 0.1166631 0.5504473 0.1166631 0.5282689 0.1581559 0.6166632 0.05044728 0.5282689 0.1581559 0.5146116 0.2031783 0.6166632 0.05044728 0.5146116 0.2031783 0.51 0.25 0.5504473 0.3833369 0.51 0.25 0.5146116 0.2968217 0.5504473 0.3833369 0.5146116 0.2968217 0.5282689 0.341844 0.5504473 0.3833369 0.5504473 0.3833369 0.5802944 0.4197056 0.7031784 0.4853885 0.5802944 0.4197056 0.6166632 0.4495527 0.7031784 0.4853885 0.6166632 0.4495527 0.658156 0.4717311 0.7031784 0.4853885 0.7031784 0.4853885 0.7968217 0.4853885 0.9853885 0.2968217 0.7968217 0.4853885 0.8833369 0.4495527 0.9853885 0.2968217 0.9853885 0.2968217 0.9853885 0.2031783 0.7968217 0.01461154 0.9853885 0.2031783 0.9495527 0.1166631 0.7968217 0.01461154 0.7968217 0.01461154 0.7031784 0.01461154 0.5146116 0.2031783 0.7031784 0.01461154 0.6166632 0.05044728 0.5146116 0.2031783 0.5146116 0.2031783 0.5504473 0.3833369 0.7031784 0.4853885 0.7031784 0.4853885 0.9853885 0.2968217 0.5146116 0.2031783 1 1 0.96875 1 0.96875 0.5 0.96875 1 0.9375 1 0.9375 0.5 0.9375 1 0.90625 1 0.90625 0.5 0.90625 1 0.875 1 0.875 0.5 0.875 1 0.84375 1 0.84375 0.5 0.84375 1 0.8125 1 0.8125 0.5 0.8125 1 0.78125 1 0.78125 0.5 0.78125 1 0.75 1 0.75 0.5 0.75 1 0.71875 1 0.71875 0.5 0.71875 1 0.6875 1 0.6875 0.5 0.6875 1 0.65625 1 0.65625 0.5 0.65625 1 0.625 1 0.625 0.5 0.625 1 0.59375 1 0.59375 0.5 0.59375 1 0.5625 1 0.5625 0.5 0.5625 1 0.53125 1 0.53125 0.5 0.53125 1 0.5 1 0.5 0.5 0.5 1 0.46875 1 0.46875 0.5 0.46875 1 0.4375 1 0.4375 0.5 0.4375 1 0.40625 1 0.40625 0.5 0.40625 1 0.375 1 0.375 0.5 0.375 1 0.34375 1 0.34375 0.5 0.34375 1 0.3125 1 0.3125 0.5 0.3125 1 0.28125 1 0.28125 0.5 0.28125 1 0.25 1 0.25 0.5 0.25 1 0.21875 1 0.21875 0.5 0.21875 1 0.1875 1 0.1875 0.5 0.1875 1 0.15625 1 0.15625 0.5 0.15625 1 0.125 1 0.125 0.5 0.125 1 0.09375 1 0.09375 0.5 0.09375 1 0.0625 1 0.0625 0.5 0.341844 0.4717311 0.2968217 0.4853885 0.25 0.49 0.25 0.49 0.2031783 0.4853885 0.341844 0.4717311 0.2031783 0.4853885 0.1581559 0.4717311 0.341844 0.4717311 0.1581559 0.4717311 0.1166631 0.4495527 0.08029437 0.4197056 0.08029437 0.4197056 0.05044728 0.3833369 0.02826893 0.341844 0.02826893 0.341844 0.01461154 0.2968217 0.00999999 0.25 0.00999999 0.25 0.01461154 0.2031783 0.02826893 0.1581559 0.02826893 0.1581559 0.05044728 0.1166631 0.08029437 0.08029437 0.08029437 0.08029437 0.1166631 0.05044728 0.1581559 0.02826893 0.1581559 0.02826893 0.2031783 0.01461154 0.25 0.00999999 0.25 0.00999999 0.2968217 0.01461154 0.1581559 0.02826893 0.2968217 0.01461154 0.341844 0.02826893 0.1581559 0.02826893 0.341844 0.02826893 0.3833369 0.05044728 0.4197056 0.08029437 0.4197056 0.08029437 0.4495527 0.1166631 0.4717311 0.1581559 0.4717311 0.1581559 0.4853885 0.2031783 0.49 0.25 0.49 0.25 0.4853885 0.2968217 0.4717311 0.1581559 0.4853885 0.2968217 0.4717311 0.341844 0.4717311 0.1581559 0.4717311 0.341844 0.4495527 0.3833369 0.4197056 0.4197056 0.4197056 0.4197056 0.3833369 0.4495527 0.341844 0.4717311 0.1581559 0.4717311 0.08029437 0.4197056 0.02826893 0.341844 0.02826893 0.341844 0.00999999 0.25 0.02826893 0.1581559 0.02826893 0.1581559 0.08029437 0.08029437 0.1581559 0.02826893 0.341844 0.02826893 0.4197056 0.08029437 0.4717311 0.1581559 0.4717311 0.341844 0.4197056 0.4197056 0.341844 0.4717311 0.341844 0.4717311 0.1581559 0.4717311 0.02826893 0.341844 0.02826893 0.341844 0.02826893 0.1581559 0.341844 0.4717311 0.02826893 0.1581559 0.1581559 0.02826893 0.341844 0.4717311 0.1581559 0.02826893 0.341844 0.02826893 0.4717311 0.1581559 0.4717311 0.1581559 0.4717311 0.341844 0.341844 0.4717311 0.0625 1 0.03125 1 0.03125 0.5 0.03125 1 0 1 0 0.5 0.7031784 0.4853885 0.75 0.49 0.7968217 0.4853885 0.7968217 0.4853885 0.841844 0.4717311 0.8833369 0.4495527 0.8833369 0.4495527 0.9197056 0.4197056 0.9853885 0.2968217 0.9197056 0.4197056 0.9495527 0.3833369 0.9853885 0.2968217 0.9495527 0.3833369 0.9717311 0.341844 0.9853885 0.2968217 0.9853885 0.2968217 0.99 0.25 0.9853885 0.2031783 0.9853885 0.2031783 0.9717311 0.1581559 0.9495527 0.1166631 0.9495527 0.1166631 0.9197056 0.08029437 0.7968217 0.01461154 0.9197056 0.08029437 0.8833369 0.05044728 0.7968217 0.01461154 0.8833369 0.05044728 0.841844 0.02826893 0.7968217 0.01461154 0.7968217 0.01461154 0.75 0.00999999 0.7031784 0.01461154 0.7031784 0.01461154 0.658156 0.02826893 0.6166632 0.05044728 0.6166632 0.05044728 0.5802944 0.08029437 0.5504473 0.1166631 0.5504473 0.1166631 0.5282689 0.1581559 0.6166632 0.05044728 0.5282689 0.1581559 0.5146116 0.2031783 0.6166632 0.05044728 0.5146116 0.2031783 0.51 0.25 0.5504473 0.3833369 0.51 0.25 0.5146116 0.2968217 0.5504473 0.3833369 0.5146116 0.2968217 0.5282689 0.341844 0.5504473 0.3833369 0.5504473 0.3833369 0.5802944 0.4197056 0.7031784 0.4853885 0.5802944 0.4197056 0.6166632 0.4495527 0.7031784 0.4853885 0.6166632 0.4495527 0.658156 0.4717311 0.7031784 0.4853885 0.7031784 0.4853885 0.7968217 0.4853885 0.9853885 0.2968217 0.7968217 0.4853885 0.8833369 0.4495527 0.9853885 0.2968217 0.9853885 0.2968217 0.9853885 0.2031783 0.7968217 0.01461154 0.9853885 0.2031783 0.9495527 0.1166631 0.7968217 0.01461154 0.7968217 0.01461154 0.7031784 0.01461154 0.5146116 0.2031783 0.7031784 0.01461154 0.6166632 0.05044728 0.5146116 0.2031783 0.5146116 0.2031783 0.5504473 0.3833369 0.7031784 0.4853885 0.7031784 0.4853885 0.9853885 0.2968217 0.7968217 0.01461154</float_array>
          <technique_common>
            <accessor source="#TMP_chassis_export-mesh-map-0-array" count="4464" stride="2">
              <param name="S" type="float"/>
              <param name="T" type="float"/>
            </accessor>
          </technique_common>
        </source>
        <vertices id="TMP_chassis_export-mesh-vertices">
          <input semantic="POSITION" source="#TMP_chassis_export-mesh-positions"/>
        </vertices>
        <triangles material="Mat_Motor-material" count="496">
          <input semantic="VERTEX" source="#TMP_chassis_export-mesh-vertices" offset="0"/>
          <input semantic="NORMAL" source="#TMP_chassis_export-mesh-normals" offset="1"/>
          <input semantic="TEXCOORD" source="#TMP_chassis_export-mesh-map-0" offset="2" set="0"/>
          <p>1 0 0 2 0 1 0 0 2 3 1 3 4 1 4 2 1 5 5 2 6 6 2 7 4 2 8 7 3 9 8 3 10 6 3 11 9 4 12 10 4 13 8 4 14 11 5 15 12 5 16 10 5 17 13 6 18 14 6 19 12 6 20 15 7 21 16 7 22 14 7 23 17 8 24 18 8 25 16 8 26 19 9 27 20 9 28 18 9 29 21 10 30 22 10 31 20 10 32 23 11 33 24 11 34 22 11 35 25 12 36 26 12 37 24 12 38 27 13 39 28 13 40 26 13 41 29 14 42 30 14 43 28 14 44 31 15 45 32 15 46 30 15 47 33 16 48 34 16 49 32 16 50 35 17 51 36 17 52 34 17 53 37 18 54 38 18 55 36 18 56 39 19 57 40 19 58 38 19 59 41 20 60 42 20 61 40 20 62 42 21 63 45 21 64 44 21 65 45 22 66 46 22 67 44 22 68 47 23 69 48 23 70 46 23 71 49 24 72 50 24 73 48 24 74 51 25 75 52 25 76 50 25 77 52 26 78 55 26 79 54 26 80 55 27 81 56 27 82 54 27 83 57 28 84 58 28 85 56 28 86 59 29 87 60 29 88 58 29 89 5 30 90 53 30 91 37 30 92 61 31 93 62 31 94 60 31 95 63 32 96 0 32 97 62 32 98 30 33 99 46 33 100 62 33 101 65 34 102 66 34 103 64 34 104 67 35 105 68 35 106 66 35 107 69 36 108 70 36 109 68 36 110 71 37 111 72 37 112 70 37 113 73 38 114 74 38 115 72 38 116 75 39 117 76 39 118 74 39 119 77 40 120 78 40 121 76 40 122 79 41 123 80 41 124 78 41 125 81 42 126 82 42 127 80 42 128 83 43 129 84 43 130 82 43 131 85 44 132 86 44 133 84 44 134 87 45 135 88 45 136 86 45 137 89 46 138 90 46 139 88 46 140 91 47 141 92 47 142 90 47 143 93 48 144 94 48 145 92 48 146 95 49 147 96 49 148 94 49 149 97 50 150 98 50 151 96 50 152 99 51 153 100 51 154 98 51 155 101 52 156 102 52 157 100 52 158 103 53 159 104 53 160 102 53 161 105 54 162 106 54 163 104 54 164 106 55 165 109 55 166 108 55 167 109 56 168 110 56 169 108 56 170 111 57 171 112 57 172 110 57 173 113 58 174 114 58 175 112 58 176 115 59 177 116 59 178 114 59 179 116 60 180 119 60 181 118 60 182 119 61 183 120 61 184 118 61 185 121 62 186 122 62 187 120 62 188 123 63 189 124 63 190 122 63 191 69 64 192 117 64 193 101 64 194 125 65 195 126 65 196 124 65 197 127 66 198 64 66 199 126 66 200 94 67 201 110 67 202 126 67 203 129 68 204 130 68 205 128 68 206 131 69 207 132 69 208 130 69 209 133 70 210 134 70 211 132 70 212 135 71 213 136 71 214 134 71 215 137 72 216 138 72 217 136 72 218 139 73 219 140 73 220 138 73 221 141 74 222 142 74 223 140 74 224 143 75 225 144 75 226 142 75 227 145 76 228 146 76 229 144 76 230 147 77 231 148 77 232 146 77 233 149 78 234 150 78 235 148 78 236 151 79 237 152 79 238 150 79 239 153 80 240 154 80 241 152 80 242 155 81 243 156 81 244 154 81 245 157 82 246 158 82 247 156 82 248 159 83 249 160 83 250 158 83 251 161 84 252 162 84 253 160 84 254 163 85 255 164 85 256 162 85 257 165 86 258 166 86 259 164 86 260 167 87 261 168 87 262 166 87 263 169 88 264 170 88 265 168 88 266 170 89 267 173 89 268 172 89 269 173 90 270 174 90 271 172 90 272 175 91 273 176 91 274 174 91 275 177 92 276 178 92 277 176 92 278 179 93 279 180 93 280 178 93 281 180 94 282 183 94 283 182 94 284 183 95 285 184 95 286 182 95 287 185 96 288 186 96 289 184 96 290 187 97 291 188 97 292 186 97 293 181 98 294 165 98 295 149 98 296 189 99 297 190 99 298 188 99 299 191 100 300 128 100 301 190 100 302 142 101 303 158 101 304 174 101 305 193 102 306 194 102 307 192 102 308 195 103 309 196 103 310 194 103 311 197 104 312 198 104 313 196 104 314 199 105 315 200 105 316 198 105 317 201 106 318 202 106 319 200 106 320 203 107 321 204 107 322 202 107 323 205 108 324 206 108 325 204 108 326 207 109 327 208 109 328 206 109 329 209 110 330 210 110 331 208 110 332 211 111 333 212 111 334 210 111 335 213 112 336 214 112 337 212 112 338 215 113 339 216 113 340 214 113 341 217 114 342 218 114 343 216 114 344 219 115 345 220 115 346 218 115 347 221 116 348 222 116 349 220 116 350 223 117 351 224 117 352 222 117 353 225 118 354 226 118 355 224 118 356 227 119 357 228 119 358 226 119 359 229 120 360 230 120 361 228 120 362 231 121 363 232 121 364 230 121 365 233 122 366 234 122 367 232 122 368 234 123 369 237 123 370 236 123 371 237 124 372 238 124 373 236 124 374 239 125 375 240 125 376 238 125 377 241 126 378 242 126 379 240 126 380 243 127 381 244 127 382 242 127 383 244 128 384 247 128 385 246 128 386 247 129 387 248 129 388 246 129 389 249 130 390 250 130 391 248 130 392 251 131 393 252 131 394 250 131 395 245 132 396 229 132 397 213 132 398 253 133 399 254 133 400 252 133 401 255 134 402 192 134 403 254 134 404 206 135 405 222 135 406 238 135 407 1 420 1260 3 420 1261 2 420 1262 3 421 1263 5 421 1264 4 421 1265 5 422 1266 7 422 1267 6 422 1268 7 423 1269 9 423 1270 8 423 1271 9 424 1272 11 424 1273 10 424 1274 11 425 1275 13 425 1276 12 425 1277 13 426 1278 15 426 1279 14 426 1280 15 427 1281 17 427 1282 16 427 1283 17 428 1284 19 428 1285 18 428 1286 19 429 1287 21 429 1288 20 429 1289 21 430 1290 23 430 1291 22 430 1292 23 431 1293 25 431 1294 24 431 1295 25 432 1296 27 432 1297 26 432 1298 27 433 1299 29 433 1300 28 433 1301 29 434 1302 31 434 1303 30 434 1304 31 435 1305 33 435 1306 32 435 1307 33 436 1308 35 436 1309 34 436 1310 35 437 1311 37 437 1312 36 437 1313 37 438 1314 39 438 1315 38 438 1316 39 439 1317 41 439 1318 40 439 1319 41 440 1320 43 440 1321 42 440 1322 42 441 1323 43 441 1324 45 441 1325 45 442 1326 47 442 1327 46 442 1328 47 443 1329 49 443 1330 48 443 1331 49 444 1332 51 444 1333 50 444 1334 51 445 1335 53 445 1336 52 445 1337 52 446 1338 53 446 1339 55 446 1340 55 447 1341 57 447 1342 56 447 1343 57 448 1344 59 448 1345 58 448 1346 59 449 1347 61 449 1348 60 449 1349 5 450 1350 3 450 1351 1 450 1352 1 451 1353 63 451 1354 5 451 1355 63 452 1356 61 452 1357 5 452 1358 61 453 1359 59 453 1360 53 453 1361 59 454 1362 57 454 1363 53 454 1364 57 455 1365 55 455 1366 53 455 1367 53 456 1368 51 456 1369 49 456 1370 49 457 1371 47 457 1372 53 457 1373 47 458 1374 45 458 1375 53 458 1376 45 459 1377 43 459 1378 41 459 1379 41 460 1380 39 460 1381 45 460 1382 39 461 1383 37 461 1384 45 461 1385 37 462 1386 35 462 1387 29 462 1388 35 463 1389 33 463 1390 29 463 1391 33 464 1392 31 464 1393 29 464 1394 29 465 1395 27 465 1396 25 465 1397 25 466 1398 23 466 1399 21 466 1400 21 467 1401 19 467 1402 13 467 1403 19 468 1404 17 468 1405 13 468 1406 17 469 1407 15 469 1408 13 469 1409 13 470 1410 11 470 1411 9 470 1412 9 471 1413 7 471 1414 5 471 1415 29 472 1416 25 472 1417 21 472 1418 13 473 1419 9 473 1420 21 473 1421 9 474 1422 5 474 1423 21 474 1424 5 475 1425 61 475 1426 53 475 1427 53 476 1428 45 476 1429 37 476 1430 37 477 1431 29 477 1432 5 477 1433 29 478 1434 21 478 1435 5 478 1436 61 479 1437 63 479 1438 62 479 1439 63 480 1440 1 480 1441 0 480 1442 62 481 1443 0 481 1444 2 481 1445 2 482 1446 4 482 1447 6 482 1448 6 483 1449 8 483 1450 14 483 1451 8 484 1452 10 484 1453 14 484 1454 10 485 1455 12 485 1456 14 485 1457 14 486 1458 16 486 1459 18 486 1460 18 487 1461 20 487 1462 22 487 1463 22 488 1464 24 488 1465 30 488 1466 24 489 1467 26 489 1468 30 489 1469 26 490 1470 28 490 1471 30 490 1472 30 491 1473 32 491 1474 34 491 1475 34 492 1476 36 492 1477 38 492 1478 38 493 1479 40 493 1480 42 493 1481 42 494 1482 44 494 1483 46 494 1484 46 495 1485 48 495 1486 50 495 1487 50 496 1488 52 496 1489 54 496 1490 54 497 1491 56 497 1492 58 497 1493 58 498 1494 60 498 1495 62 498 1496 62 499 1497 2 499 1498 6 499 1499 14 500 1500 18 500 1501 30 500 1502 18 501 1503 22 501 1504 30 501 1505 30 502 1506 34 502 1507 46 502 1508 34 503 1509 38 503 1510 46 503 1511 38 504 1512 42 504 1513 46 504 1514 46 505 1515 50 505 1516 54 505 1517 54 506 1518 58 506 1519 46 506 1520 58 507 1521 62 507 1522 46 507 1523 62 508 1524 6 508 1525 30 508 1526 6 509 1527 14 509 1528 30 509 1529 65 510 1530 67 510 1531 66 510 1532 67 511 1533 69 511 1534 68 511 1535 69 512 1536 71 512 1537 70 512 1538 71 513 1539 73 513 1540 72 513 1541 73 514 1542 75 514 1543 74 514 1544 75 515 1545 77 515 1546 76 515 1547 77 516 1548 79 516 1549 78 516 1550 79 517 1551 81 517 1552 80 517 1553 81 518 1554 83 518 1555 82 518 1556 83 519 1557 85 519 1558 84 519 1559 85 520 1560 87 520 1561 86 520 1562 87 521 1563 89 521 1564 88 521 1565 89 522 1566 91 522 1567 90 522 1568 91 523 1569 93 523 1570 92 523 1571 93 524 1572 95 524 1573 94 524 1574 95 525 1575 97 525 1576 96 525 1577 97 526 1578 99 526 1579 98 526 1580 99 527 1581 101 527 1582 100 527 1583 101 528 1584 103 528 1585 102 528 1586 103 529 1587 105 529 1588 104 529 1589 105 530 1590 107 530 1591 106 530 1592 106 531 1593 107 531 1594 109 531 1595 109 532 1596 111 532 1597 110 532 1598 111 533 1599 113 533 1600 112 533 1601 113 534 1602 115 534 1603 114 534 1604 115 535 1605 117 535 1606 116 535 1607 116 536 1608 117 536 1609 119 536 1610 119 537 1611 121 537 1612 120 537 1613 121 538 1614 123 538 1615 122 538 1616 123 539 1617 125 539 1618 124 539 1619 69 540 1620 67 540 1621 65 540 1622 65 541 1623 127 541 1624 69 541 1625 127 542 1626 125 542 1627 69 542 1628 125 543 1629 123 543 1630 117 543 1631 123 544 1632 121 544 1633 117 544 1634 121 545 1635 119 545 1636 117 545 1637 117 546 1638 115 546 1639 113 546 1640 113 547 1641 111 547 1642 117 547 1643 111 548 1644 109 548 1645 117 548 1646 109 549 1647 107 549 1648 105 549 1649 105 550 1650 103 550 1651 109 550 1652 103 551 1653 101 551 1654 109 551 1655 101 552 1656 99 552 1657 93 552 1658 99 553 1659 97 553 1660 93 553 1661 97 554 1662 95 554 1663 93 554 1664 93 555 1665 91 555 1666 89 555 1667 89 556 1668 87 556 1669 85 556 1670 85 557 1671 83 557 1672 77 557 1673 83 558 1674 81 558 1675 77 558 1676 81 559 1677 79 559 1678 77 559 1679 77 560 1680 75 560 1681 73 560 1682 73 561 1683 71 561 1684 69 561 1685 93 562 1686 89 562 1687 85 562 1688 77 563 1689 73 563 1690 85 563 1691 73 564 1692 69 564 1693 85 564 1694 69 565 1695 125 565 1696 117 565 1697 117 566 1698 109 566 1699 101 566 1700 101 567 1701 93 567 1702 69 567 1703 93 568 1704 85 568 1705 69 568 1706 125 569 1707 127 569 1708 126 569 1709 127 570 1710 65 570 1711 64 570 1712 126 571 1713 64 571 1714 66 571 1715 66 572 1716 68 572 1717 70 572 1718 70 573 1719 72 573 1720 78 573 1721 72 574 1722 74 574 1723 78 574 1724 74 575 1725 76 575 1726 78 575 1727 78 576 1728 80 576 1729 82 576 1730 82 577 1731 84 577 1732 86 577 1733 86 578 1734 88 578 1735 94 578 1736 88 579 1737 90 579 1738 94 579 1739 90 580 1740 92 580 1741 94 580 1742 94 581 1743 96 581 1744 98 581 1745 98 582 1746 100 582 1747 102 582 1748 102 583 1749 104 583 1750 106 583 1751 106 584 1752 108 584 1753 110 584 1754 110 585 1755 112 585 1756 114 585 1757 114 586 1758 116 586 1759 118 586 1760 118 587 1761 120 587 1762 122 587 1763 122 588 1764 124 588 1765 126 588 1766 126 589 1767 66 589 1768 70 589 1769 78 590 1770 82 590 1771 86 590 1772 94 591 1773 98 591 1774 110 591 1775 98 592 1776 102 592 1777 110 592 1778 102 593 1779 106 593 1780 110 593 1781 110 594 1782 114 594 1783 118 594 1784 118 595 1785 122 595 1786 110 595 1787 122 596 1788 126 596 1789 110 596 1790 126 597 1791 70 597 1792 94 597 1793 70 598 1794 78 598 1795 94 598 1796 78 599 1797 86 599 1798 94 599 1799 129 600 1800 131 600 1801 130 600 1802 131 601 1803 133 601 1804 132 601 1805 133 602 1806 135 602 1807 134 602 1808 135 603 1809 137 603 1810 136 603 1811 137 604 1812 139 604 1813 138 604 1814 139 605 1815 141 605 1816 140 605 1817 141 606 1818 143 606 1819 142 606 1820 143 607 1821 145 607 1822 144 607 1823 145 608 1824 147 608 1825 146 608 1826 147 609 1827 149 609 1828 148 609 1829 149 610 1830 151 610 1831 150 610 1832 151 611 1833 153 611 1834 152 611 1835 153 612 1836 155 612 1837 154 612 1838 155 613 1839 157 613 1840 156 613 1841 157 614 1842 159 614 1843 158 614 1844 159 615 1845 161 615 1846 160 615 1847 161 616 1848 163 616 1849 162 616 1850 163 617 1851 165 617 1852 164 617 1853 165 618 1854 167 618 1855 166 618 1856 167 619 1857 169 619 1858 168 619 1859 169 620 1860 171 620 1861 170 620 1862 170 621 1863 171 621 1864 173 621 1865 173 622 1866 175 622 1867 174 622 1868 175 623 1869 177 623 1870 176 623 1871 177 624 1872 179 624 1873 178 624 1874 179 625 1875 181 625 1876 180 625 1877 180 626 1878 181 626 1879 183 626 1880 183 627 1881 185 627 1882 184 627 1883 185 628 1884 187 628 1885 186 628 1886 187 629 1887 189 629 1888 188 629 1889 133 630 1890 131 630 1891 129 630 1892 129 631 1893 191 631 1894 189 631 1895 189 632 1896 187 632 1897 185 632 1898 185 633 1899 183 633 1900 181 633 1901 181 634 1902 179 634 1903 173 634 1904 179 635 1905 177 635 1906 173 635 1907 177 636 1908 175 636 1909 173 636 1910 173 637 1911 171 637 1912 169 637 1913 169 638 1914 167 638 1915 173 638 1916 167 639 1917 165 639 1918 173 639 1919 165 640 1920 163 640 1921 161 640 1922 161 641 1923 159 641 1924 157 641 1925 157 642 1926 155 642 1927 149 642 1928 155 643 1929 153 643 1930 149 643 1931 153 644 1932 151 644 1933 149 644 1934 149 645 1935 147 645 1936 145 645 1937 145 646 1938 143 646 1939 149 646 1940 143 647 1941 141 647 1942 149 647 1943 141 648 1944 139 648 1945 137 648 1946 137 649 1947 135 649 1948 133 649 1949 133 650 1950 129 650 1951 189 650 1952 189 651 1953 185 651 1954 133 651 1955 185 652 1956 181 652 1957 133 652 1958 165 653 1959 161 653 1960 157 653 1961 141 654 1962 137 654 1963 133 654 1964 181 655 1965 173 655 1966 165 655 1967 165 656 1968 157 656 1969 149 656 1970 149 657 1971 141 657 1972 133 657 1973 133 658 1974 181 658 1975 149 658 1976 189 659 1977 191 659 1978 190 659 1979 191 660 1980 129 660 1981 128 660 1982 190 661 1983 128 661 1984 134 661 1985 128 662 1986 130 662 1987 134 662 1988 130 663 1989 132 663 1990 134 663 1991 134 664 1992 136 664 1993 138 664 1994 138 665 1995 140 665 1996 134 665 1997 140 666 1998 142 666 1999 134 666 2000 142 667 2001 144 667 2002 146 667 2003 146 668 2004 148 668 2005 150 668 2006 150 669 2007 152 669 2008 158 669 2009 152 670 2010 154 670 2011 158 670 2012 154 671 2013 156 671 2014 158 671 2015 158 672 2016 160 672 2017 162 672 2018 162 673 2019 164 673 2020 158 673 2021 164 674 2022 166 674 2023 158 674 2024 166 675 2025 168 675 2026 170 675 2027 170 676 2028 172 676 2029 174 676 2030 174 677 2031 176 677 2032 178 677 2033 178 678 2034 180 678 2035 182 678 2036 182 679 2037 184 679 2038 186 679 2039 186 680 2040 188 680 2041 190 680 2042 142 681 2043 146 681 2044 158 681 2045 146 682 2046 150 682 2047 158 682 2048 166 683 2049 170 683 2050 158 683 2051 170 684 2052 174 684 2053 158 684 2054 174 685 2055 178 685 2056 182 685 2057 182 686 2058 186 686 2059 174 686 2060 186 687 2061 190 687 2062 174 687 2063 190 688 2064 134 688 2065 142 688 2066 190 689 2067 142 689 2068 174 689 2069 193 690 2070 195 690 2071 194 690 2072 195 691 2073 197 691 2074 196 691 2075 197 692 2076 199 692 2077 198 692 2078 199 693 2079 201 693 2080 200 693 2081 201 694 2082 203 694 2083 202 694 2084 203 695 2085 205 695 2086 204 695 2087 205 696 2088 207 696 2089 206 696 2090 207 697 2091 209 697 2092 208 697 2093 209 698 2094 211 698 2095 210 698 2096 211 699 2097 213 699 2098 212 699 2099 213 700 2100 215 700 2101 214 700 2102 215 701 2103 217 701 2104 216 701 2105 217 702 2106 219 702 2107 218 702 2108 219 703 2109 221 703 2110 220 703 2111 221 704 2112 223 704 2113 222 704 2114 223 705 2115 225 705 2116 224 705 2117 225 706 2118 227 706 2119 226 706 2120 227 707 2121 229 707 2122 228 707 2123 229 708 2124 231 708 2125 230 708 2126 231 709 2127 233 709 2128 232 709 2129 233 710 2130 235 710 2131 234 710 2132 234 711 2133 235 711 2134 237 711 2135 237 712 2136 239 712 2137 238 712 2138 239 713 2139 241 713 2140 240 713 2141 241 714 2142 243 714 2143 242 714 2144 243 715 2145 245 715 2146 244 715 2147 244 716 2148 245 716 2149 247 716 2150 247 717 2151 249 717 2152 248 717 2153 249 718 2154 251 718 2155 250 718 2156 251 719 2157 253 719 2158 252 719 2159 197 720 2160 195 720 2161 193 720 2162 193 721 2163 255 721 2164 253 721 2165 253 722 2166 251 722 2167 249 722 2168 249 723 2169 247 723 2170 245 723 2171 245 724 2172 243 724 2173 237 724 2174 243 725 2175 241 725 2176 237 725 2177 241 726 2178 239 726 2179 237 726 2180 237 727 2181 235 727 2182 233 727 2183 233 728 2184 231 728 2185 237 728 2186 231 729 2187 229 729 2188 237 729 2189 229 730 2190 227 730 2191 225 730 2192 225 731 2193 223 731 2194 221 731 2195 221 732 2196 219 732 2197 213 732 2198 219 733 2199 217 733 2200 213 733 2201 217 734 2202 215 734 2203 213 734 2204 213 735 2205 211 735 2206 209 735 2207 209 736 2208 207 736 2209 213 736 2210 207 737 2211 205 737 2212 213 737 2213 205 738 2214 203 738 2215 201 738 2216 201 739 2217 199 739 2218 197 739 2219 197 740 2220 193 740 2221 253 740 2222 253 741 2223 249 741 2224 197 741 2225 249 742 2226 245 742 2227 197 742 2228 229 743 2229 225 743 2230 221 743 2231 205 744 2232 201 744 2233 197 744 2234 245 745 2235 237 745 2236 229 745 2237 229 746 2238 221 746 2239 213 746 2240 213 747 2241 205 747 2242 197 747 2243 197 748 2244 245 748 2245 213 748 2246 253 749 2247 255 749 2248 254 749 2249 255 750 2250 193 750 2251 192 750 2252 254 751 2253 192 751 2254 198 751 2255 192 752 2256 194 752 2257 198 752 2258 194 753 2259 196 753 2260 198 753 2261 198 754 2262 200 754 2263 202 754 2264 202 755 2265 204 755 2266 198 755 2267 204 756 2268 206 756 2269 198 756 2270 206 757 2271 208 757 2272 210 757 2273 210 758 2274 212 758 2275 214 758 2276 214 759 2277 216 759 2278 222 759 2279 216 760 2280 218 760 2281 222 760 2282 218 761 2283 220 761 2284 222 761 2285 222 762 2286 224 762 2287 226 762 2288 226 763 2289 228 763 2290 222 763 2291 228 764 2292 230 764 2293 222 764 2294 230 765 2295 232 765 2296 234 765 2297 234 766 2298 236 766 2299 238 766 2300 238 767 2301 240 767 2302 242 767 2303 242 768 2304 244 768 2305 246 768 2306 246 769 2307 248 769 2308 250 769 2309 250 770 2310 252 770 2311 254 770 2312 206 771 2313 210 771 2314 222 771 2315 210 772 2316 214 772 2317 222 772 2318 230 773 2319 234 773 2320 222 773 2321 234 774 2322 238 774 2323 222 774 2324 238 775 2325 242 775 2326 254 775 2327 242 776 2328 246 776 2329 254 776 2330 246 777 2331 250 777 2332 254 777 2333 254 778 2334 198 778 2335 206 778 2336 254 779 2337 206 779 2338 238 779 2339</p>
        </triangles>
        <triangles material="Mat_Shaft-material" count="240">
          <input semantic="VERTEX" source="#TMP_chassis_export-mesh-vertices" offset="0"/>
          <input semantic="NORMAL" source="#TMP_chassis_export-mesh-normals" offset="1"/>
          <input semantic="TEXCOORD" source="#TMP_chassis_export-mesh-map-0" offset="2" set="0"/>
          <p>257 136 408 258 136 409 256 136 410 259 137 411 260 137 412 258 137 413 261 138 414 262 138 415 260 138 416 263 139 417 264 139 418 262 139 419 265 140 420 266 140 421 264 140 422 267 141 423 268 141 424 266 141 425 269 142 426 270 142 427 268 142 428 271 143 429 272 143 430 270 143 431 273 144 432 274 144 433 272 144 434 275 145 435 276 145 436 274 145 437 277 146 438 278 146 439 276 146 440 279 147 441 280 147 442 278 147 443 281 148 444 282 148 445 280 148 446 283 149 447 284 149 448 282 149 449 265 150 450 261 150 451 277 150 452 285 151 453 286 151 454 284 151 455 287 152 456 256 152 457 286 152 458 274 153 459 278 153 460 286 153 461 289 154 462 290 154 463 288 154 464 291 155 465 292 155 466 290 155 467 293 156 468 294 156 469 292 156 470 295 157 471 296 157 472 294 157 473 297 158 474 298 158 475 296 158 476 299 159 477 300 159 478 298 159 479 301 160 480 302 160 481 300 160 482 303 161 483 304 161 484 302 161 485 305 162 486 306 162 487 304 162 488 307 163 489 308 163 490 306 163 491 309 164 492 310 164 493 308 164 494 311 165 495 312 165 496 310 165 497 313 166 498 314 166 499 312 166 500 315 167 501 316 167 502 314 167 503 297 168 504 293 168 505 309 168 506 317 169 507 318 169 508 316 169 509 319 170 510 288 170 511 318 170 512 306 171 513 310 171 514 318 171 515 321 172 516 322 172 517 320 172 518 323 173 519 324 173 520 322 173 521 325 174 522 326 174 523 324 174 524 327 175 525 328 175 526 326 175 527 329 176 528 330 176 529 328 176 530 331 177 531 332 177 532 330 177 533 333 178 534 334 178 535 332 178 536 335 179 537 336 179 538 334 179 539 337 180 540 338 180 541 336 180 542 339 181 543 340 181 544 338 181 545 341 182 546 342 182 547 340 182 548 343 183 549 344 183 550 342 183 551 345 184 552 346 184 553 344 184 554 347 185 555 348 185 556 346 185 557 341 186 558 333 186 559 325 186 560 349 187 561 350 187 562 348 187 563 351 188 564 320 188 565 350 188 566 326 189 567 334 189 568 342 189 569 353 190 570 354 190 571 352 190 572 355 191 573 356 191 574 354 191 575 357 192 576 358 192 577 356 192 578 359 193 579 360 193 580 358 193 581 361 194 582 362 194 583 360 194 584 363 195 585 364 195 586 362 195 587 365 196 588 366 196 589 364 196 590 367 197 591 368 197 592 366 197 593 369 198 594 370 198 595 368 198 596 371 199 597 372 199 598 370 199 599 373 200 600 374 200 601 372 200 602 375 201 603 376 201 604 374 201 605 377 202 606 378 202 607 376 202 608 379 203 609 380 203 610 378 203 611 373 204 612 365 204 613 357 204 614 381 205 615 382 205 616 380 205 617 383 206 618 352 206 619 382 206 620 358 207 621 366 207 622 374 207 623 257 780 2340 259 780 2341 258 780 2342 259 781 2343 261 781 2344 260 781 2345 261 782 2346 263 782 2347 262 782 2348 263 783 2349 265 783 2350 264 783 2351 265 784 2352 267 784 2353 266 784 2354 267 785 2355 269 785 2356 268 785 2357 269 786 2358 271 786 2359 270 786 2360 271 787 2361 273 787 2362 272 787 2363 273 788 2364 275 788 2365 274 788 2366 275 789 2367 277 789 2368 276 789 2369 277 790 2370 279 790 2371 278 790 2372 279 791 2373 281 791 2374 280 791 2375 281 792 2376 283 792 2377 282 792 2378 283 793 2379 285 793 2380 284 793 2381 261 794 2382 259 794 2383 285 794 2384 259 795 2385 257 795 2386 285 795 2387 257 796 2388 287 796 2389 285 796 2390 285 797 2391 283 797 2392 281 797 2393 281 798 2394 279 798 2395 277 798 2396 277 799 2397 275 799 2398 269 799 2399 275 800 2400 273 800 2401 269 800 2402 273 801 2403 271 801 2404 269 801 2405 269 802 2406 267 802 2407 265 802 2408 265 803 2409 263 803 2410 261 803 2411 285 804 2412 281 804 2413 261 804 2414 281 805 2415 277 805 2416 261 805 2417 269 806 2418 265 806 2419 277 806 2420 285 807 2421 287 807 2422 286 807 2423 287 808 2424 257 808 2425 256 808 2426 286 809 2427 256 809 2428 258 809 2429 258 810 2430 260 810 2431 262 810 2432 262 811 2433 264 811 2434 270 811 2435 264 812 2436 266 812 2437 270 812 2438 266 813 2439 268 813 2440 270 813 2441 270 814 2442 272 814 2443 274 814 2444 274 815 2445 276 815 2446 278 815 2447 278 816 2448 280 816 2449 286 816 2450 280 817 2451 282 817 2452 286 817 2453 282 818 2454 284 818 2455 286 818 2456 286 819 2457 258 819 2458 270 819 2459 258 820 2460 262 820 2461 270 820 2462 270 821 2463 274 821 2464 286 821 2465 289 822 2466 291 822 2467 290 822 2468 291 823 2469 293 823 2470 292 823 2471 293 824 2472 295 824 2473 294 824 2474 295 825 2475 297 825 2476 296 825 2477 297 826 2478 299 826 2479 298 826 2480 299 827 2481 301 827 2482 300 827 2483 301 828 2484 303 828 2485 302 828 2486 303 829 2487 305 829 2488 304 829 2489 305 830 2490 307 830 2491 306 830 2492 307 831 2493 309 831 2494 308 831 2495 309 832 2496 311 832 2497 310 832 2498 311 833 2499 313 833 2500 312 833 2501 313 834 2502 315 834 2503 314 834 2504 315 835 2505 317 835 2506 316 835 2507 293 836 2508 291 836 2509 317 836 2510 291 837 2511 289 837 2512 317 837 2513 289 838 2514 319 838 2515 317 838 2516 317 839 2517 315 839 2518 313 839 2519 313 840 2520 311 840 2521 309 840 2522 309 841 2523 307 841 2524 301 841 2525 307 842 2526 305 842 2527 301 842 2528 305 843 2529 303 843 2530 301 843 2531 301 844 2532 299 844 2533 297 844 2534 297 845 2535 295 845 2536 293 845 2537 317 846 2538 313 846 2539 293 846 2540 313 847 2541 309 847 2542 293 847 2543 301 848 2544 297 848 2545 309 848 2546 317 849 2547 319 849 2548 318 849 2549 319 850 2550 289 850 2551 288 850 2552 318 851 2553 288 851 2554 290 851 2555 290 852 2556 292 852 2557 294 852 2558 294 853 2559 296 853 2560 302 853 2561 296 854 2562 298 854 2563 302 854 2564 298 855 2565 300 855 2566 302 855 2567 302 856 2568 304 856 2569 306 856 2570 306 857 2571 308 857 2572 310 857 2573 310 858 2574 312 858 2575 318 858 2576 312 859 2577 314 859 2578 318 859 2579 314 860 2580 316 860 2581 318 860 2582 318 861 2583 290 861 2584 302 861 2585 290 862 2586 294 862 2587 302 862 2588 302 863 2589 306 863 2590 318 863 2591 321 864 2592 323 864 2593 322 864 2594 323 865 2595 325 865 2596 324 865 2597 325 866 2598 327 866 2599 326 866 2600 327 867 2601 329 867 2602 328 867 2603 329 868 2604 331 868 2605 330 868 2606 331 869 2607 333 869 2608 332 869 2609 333 870 2610 335 870 2611 334 870 2612 335 871 2613 337 871 2614 336 871 2615 337 872 2616 339 872 2617 338 872 2618 339 873 2619 341 873 2620 340 873 2621 341 874 2622 343 874 2623 342 874 2624 343 875 2625 345 875 2626 344 875 2627 345 876 2628 347 876 2629 346 876 2630 347 877 2631 349 877 2632 348 877 2633 325 878 2634 323 878 2635 321 878 2636 321 879 2637 351 879 2638 325 879 2639 351 880 2640 349 880 2641 325 880 2642 349 881 2643 347 881 2644 345 881 2645 345 882 2646 343 882 2647 341 882 2648 341 883 2649 339 883 2650 337 883 2651 337 884 2652 335 884 2653 333 884 2654 333 885 2655 331 885 2656 329 885 2657 329 886 2658 327 886 2659 325 886 2660 349 887 2661 345 887 2662 325 887 2663 345 888 2664 341 888 2665 325 888 2666 341 889 2667 337 889 2668 333 889 2669 333 890 2670 329 890 2671 325 890 2672 349 891 2673 351 891 2674 350 891 2675 351 892 2676 321 892 2677 320 892 2678 350 893 2679 320 893 2680 322 893 2681 322 894 2682 324 894 2683 350 894 2684 324 895 2685 326 895 2686 350 895 2687 326 896 2688 328 896 2689 330 896 2690 330 897 2691 332 897 2692 326 897 2693 332 898 2694 334 898 2695 326 898 2696 334 899 2697 336 899 2698 342 899 2699 336 900 2700 338 900 2701 342 900 2702 338 901 2703 340 901 2704 342 901 2705 342 902 2706 344 902 2707 346 902 2708 346 903 2709 348 903 2710 350 903 2711 342 904 2712 346 904 2713 350 904 2714 350 905 2715 326 905 2716 342 905 2717 353 906 2718 355 906 2719 354 906 2720 355 907 2721 357 907 2722 356 907 2723 357 908 2724 359 908 2725 358 908 2726 359 909 2727 361 909 2728 360 909 2729 361 910 2730 363 910 2731 362 910 2732 363 911 2733 365 911 2734 364 911 2735 365 912 2736 367 912 2737 366 912 2738 367 913 2739 369 913 2740 368 913 2741 369 914 2742 371 914 2743 370 914 2744 371 915 2745 373 915 2746 372 915 2747 373 916 2748 375 916 2749 374 916 2750 375 917 2751 377 917 2752 376 917 2753 377 918 2754 379 918 2755 378 918 2756 379 919 2757 381 919 2758 380 919 2759 357 920 2760 355 920 2761 353 920 2762 353 921 2763 383 921 2764 357 921 2765 383 922 2766 381 922 2767 357 922 2768 381 923 2769 379 923 2770 377 923 2771 377 924 2772 375 924 2773 373 924 2774 373 925 2775 371 925 2776 369 925 2777 369 926 2778 367 926 2779 365 926 2780 365 927 2781 363 927 2782 361 927 2783 361 928 2784 359 928 2785 357 928 2786 381 929 2787 377 929 2788 357 929 2789 377 930 2790 373 930 2791 357 930 2792 373 931 2793 369 931 2794 365 931 2795 365 932 2796 361 932 2797 357 932 2798 381 933 2799 383 933 2800 382 933 2801 383 934 2802 353 934 2803 352 934 2804 382 935 2805 352 935 2806 354 935 2807 354 936 2808 356 936 2809 382 936 2810 356 937 2811 358 937 2812 382 937 2813 358 938 2814 360 938 2815 362 938 2816 362 939 2817 364 939 2818 358 939 2819 364 940 2820 366 940 2821 358 940 2822 366 941 2823 368 941 2824 374 941 2825 368 942 2826 370 942 2827 374 942 2828 370 943 2829 372 943 2830 374 943 2831 374 944 2832 376 944 2833 378 944 2834 378 945 2835 380 945 2836 382 945 2837 374 946 2838 378 946 2839 382 946 2840 382 947 2841 358 947 2842 374 947 2843</p>
        </triangles>
        <triangles material="Mat_HATBlue-material" count="12">
          <input semantic="VERTEX" source="#TMP_chassis_export-mesh-vertices" offset="0"/>
          <input semantic="NORMAL" source="#TMP_chassis_export-mesh-normals" offset="1"/>
          <input semantic="TEXCOORD" source="#TMP_chassis_export-mesh-map-0" offset="2" set="0"/>
          <p>385 208 624 386 208 625 384 208 626 387 209 627 390 209 628 386 209 629 391 210 630 388 210 631 390 210 632 389 211 633 384 211 634 388 211 635 390 212 636 384 212 637 386 212 638 387 213 639 389 213 640 391 213 641 385 948 2844 387 948 2845 386 948 2846 387 949 2847 391 949 2848 390 949 2849 391 950 2850 389 950 2851 388 950 2852 389 951 2853 385 951 2854 384 951 2855 390 952 2856 388 952 2857 384 952 2858 387 953 2859 385 953 2860 389 953 2861</p>
        </triangles>
        <triangles material="Mat_ChassisBlack-material" count="232">
          <input semantic="VERTEX" source="#TMP_chassis_export-mesh-vertices" offset="0"/>
          <input semantic="NORMAL" source="#TMP_chassis_export-mesh-normals" offset="1"/>
          <input semantic="TEXCOORD" source="#TMP_chassis_export-mesh-map-0" offset="2" set="0"/>
          <p>404 214 642 402 214 643 406 214 644 439 215 645 441 215 646 437 215 647 393 216 648 422 216 649 392 216 650 394 217 651 423 217 652 393 217 653 395 218 654 424 218 655 394 218 656 396 219 657 425 219 658 395 219 659 397 220 660 426 220 661 396 220 662 398 221 663 427 221 664 397 221 665 399 222 666 428 222 667 398 222 668 400 223 669 429 223 670 399 223 671 401 224 672 430 224 673 400 224 674 402 225 675 431 225 676 401 225 677 403 226 678 432 226 679 402 226 680 404 227 681 433 227 682 403 227 683 405 228 684 434 228 685 404 228 686 406 229 687 435 229 688 405 229 689 407 230 690 436 230 691 406 230 692 408 231 693 437 231 694 407 231 695 409 232 696 438 232 697 408 232 698 410 233 699 439 233 700 409 233 701 411 234 702 440 234 703 410 234 704 412 235 705 441 235 706 411 235 707 413 236 708 442 236 709 412 236 710 414 237 711 443 237 712 413 237 713 415 238 714 444 238 715 414 238 716 416 239 717 445 239 718 415 239 719 417 240 720 446 240 721 416 240 722 418 241 723 447 241 724 417 241 725 419 242 726 448 242 727 418 242 728 420 243 729 449 243 730 419 243 731 421 244 732 450 244 733 420 244 734 392 245 735 451 245 736 421 245 737 464 246 738 462 246 739 466 246 740 499 247 741 501 247 742 497 247 743 453 248 744 482 248 745 452 248 746 454 249 747 483 249 748 453 249 749 455 250 750 484 250 751 454 250 752 456 251 753 485 251 754 455 251 755 457 252 756 486 252 757 456 252 758 458 253 759 487 253 760 457 253 761 459 254 762 488 254 763 458 254 764 460 255 765 489 255 766 459 255 767 461 256 768 490 256 769 460 256 770 462 257 771 491 257 772 461 257 773 463 258 774 492 258 775 462 258 776 464 259 777 493 259 778 463 259 779 465 260 780 494 260 781 464 260 782 466 261 783 495 261 784 465 261 785 467 262 786 496 262 787 466 262 788 468 263 789 497 263 790 467 263 791 469 264 792 498 264 793 468 264 794 470 265 795 499 265 796 469 265 797 471 266 798 500 266 799 470 266 800 472 267 801 501 267 802 471 267 803 473 268 804 502 268 805 472 268 806 474 269 807 503 269 808 473 269 809 475 270 810 504 270 811 474 270 812 476 271 813 505 271 814 475 271 815 477 272 816 506 272 817 476 272 818 478 273 819 507 273 820 477 273 821 479 274 822 508 274 823 478 274 824 480 275 825 509 275 826 479 275 827 481 276 828 510 276 829 480 276 830 452 277 831 511 277 832 481 277 833 392 954 2862 421 954 2863 416 954 2864 421 955 2865 420 955 2866 419 955 2867 419 956 2868 418 956 2869 417 956 2870 421 957 2871 419 957 2872 417 957 2873 416 958 2874 421 958 2875 417 958 2876 394 959 2877 393 959 2878 392 959 2879 396 960 2880 395 960 2881 394 960 2882 397 961 2883 396 961 2884 392 961 2885 396 962 2886 394 962 2887 392 962 2888 392 963 2889 416 963 2890 397 963 2891 397 964 2892 416 964 2893 415 964 2894 398 965 2895 397 965 2896 415 965 2897 398 966 2898 415 966 2899 414 966 2900 399 967 2901 398 967 2902 414 967 2903 399 968 2904 414 968 2905 413 968 2906 400 969 2907 399 969 2908 413 969 2909 400 970 2910 413 970 2911 412 970 2912 401 971 2913 400 971 2914 412 971 2915 411 972 2916 410 972 2917 409 972 2918 401 973 2919 412 973 2920 406 973 2921 412 974 2922 411 974 2923 407 974 2924 406 975 2925 412 975 2926 407 975 2927 404 976 2928 403 976 2929 402 976 2930 402 977 2931 401 977 2932 406 977 2933 411 978 2934 409 978 2935 407 978 2936 409 979 2937 408 979 2938 407 979 2939 406 980 2940 405 980 2941 404 980 2942 451 981 2943 422 981 2944 427 981 2945 422 982 2946 423 982 2947 424 982 2948 424 983 2949 425 983 2950 426 983 2951 422 984 2952 424 984 2953 426 984 2954 427 985 2955 422 985 2956 426 985 2957 449 986 2958 450 986 2959 451 986 2960 447 987 2961 448 987 2962 449 987 2963 446 988 2964 447 988 2965 451 988 2966 447 989 2967 449 989 2968 451 989 2969 451 990 2970 427 990 2971 446 990 2972 446 991 2973 427 991 2974 428 991 2975 445 992 2976 446 992 2977 428 992 2978 445 993 2979 428 993 2980 429 993 2981 444 994 2982 445 994 2983 429 994 2984 444 995 2985 429 995 2986 430 995 2987 443 996 2988 444 996 2989 430 996 2990 443 997 2991 430 997 2992 431 997 2993 442 998 2994 443 998 2995 431 998 2996 432 999 2997 433 999 2998 434 999 2999 442 1000 3000 431 1000 3001 437 1000 3002 431 1001 3003 432 1001 3004 436 1001 3005 437 1002 3006 431 1002 3007 436 1002 3008 439 1003 3009 440 1003 3010 441 1003 3011 441 1004 3012 442 1004 3013 437 1004 3014 432 1005 3015 434 1005 3016 436 1005 3017 434 1006 3018 435 1006 3019 436 1006 3020 437 1007 3021 438 1007 3022 439 1007 3023 393 1008 3024 423 1008 3025 422 1008 3026 394 1009 3027 424 1009 3028 423 1009 3029 395 1010 3030 425 1010 3031 424 1010 3032 396 1011 3033 426 1011 3034 425 1011 3035 397 1012 3036 427 1012 3037 426 1012 3038 398 1013 3039 428 1013 3040 427 1013 3041 399 1014 3042 429 1014 3043 428 1014 3044 400 1015 3045 430 1015 3046 429 1015 3047 401 1016 3048 431 1016 3049 430 1016 3050 402 1017 3051 432 1017 3052 431 1017 3053 403 1018 3054 433 1018 3055 432 1018 3056 404 1019 3057 434 1019 3058 433 1019 3059 405 1020 3060 435 1020 3061 434 1020 3062 406 1021 3063 436 1021 3064 435 1021 3065 407 1022 3066 437 1022 3067 436 1022 3068 408 1023 3069 438 1023 3070 437 1023 3071 409 1024 3072 439 1024 3073 438 1024 3074 410 1025 3075 440 1025 3076 439 1025 3077 411 1026 3078 441 1026 3079 440 1026 3080 412 1027 3081 442 1027 3082 441 1027 3083 413 1028 3084 443 1028 3085 442 1028 3086 414 1029 3087 444 1029 3088 443 1029 3089 415 1030 3090 445 1030 3091 444 1030 3092 416 1031 3093 446 1031 3094 445 1031 3095 417 1032 3096 447 1032 3097 446 1032 3098 418 1033 3099 448 1033 3100 447 1033 3101 419 1034 3102 449 1034 3103 448 1034 3104 420 1035 3105 450 1035 3106 449 1035 3107 421 1036 3108 451 1036 3109 450 1036 3110 392 1037 3111 422 1037 3112 451 1037 3113 452 1038 3114 481 1038 3115 476 1038 3116 481 1039 3117 480 1039 3118 479 1039 3119 479 1040 3120 478 1040 3121 477 1040 3122 481 1041 3123 479 1041 3124 477 1041 3125 476 1042 3126 481 1042 3127 477 1042 3128 454 1043 3129 453 1043 3130 452 1043 3131 456 1044 3132 455 1044 3133 454 1044 3134 457 1045 3135 456 1045 3136 452 1045 3137 456 1046 3138 454 1046 3139 452 1046 3140 452 1047 3141 476 1047 3142 457 1047 3143 457 1048 3144 476 1048 3145 475 1048 3146 458 1049 3147 457 1049 3148 475 1049 3149 458 1050 3150 475 1050 3151 474 1050 3152 459 1051 3153 458 1051 3154 474 1051 3155 459 1052 3156 474 1052 3157 473 1052 3158 460 1053 3159 459 1053 3160 473 1053 3161 460 1054 3162 473 1054 3163 472 1054 3164 461 1055 3165 460 1055 3166 472 1055 3167 471 1056 3168 470 1056 3169 469 1056 3170 461 1057 3171 472 1057 3172 466 1057 3173 472 1058 3174 471 1058 3175 467 1058 3176 466 1059 3177 472 1059 3178 467 1059 3179 464 1060 3180 463 1060 3181 462 1060 3182 462 1061 3183 461 1061 3184 466 1061 3185 471 1062 3186 469 1062 3187 467 1062 3188 469 1063 3189 468 1063 3190 467 1063 3191 466 1064 3192 465 1064 3193 464 1064 3194 511 1065 3195 482 1065 3196 487 1065 3197 482 1066 3198 483 1066 3199 484 1066 3200 484 1067 3201 485 1067 3202 486 1067 3203 482 1068 3204 484 1068 3205 486 1068 3206 487 1069 3207 482 1069 3208 486 1069 3209 509 1070 3210 510 1070 3211 511 1070 3212 507 1071 3213 508 1071 3214 509 1071 3215 506 1072 3216 507 1072 3217 511 1072 3218 507 1073 3219 509 1073 3220 511 1073 3221 511 1074 3222 487 1074 3223 506 1074 3224 506 1075 3225 487 1075 3226 488 1075 3227 505 1076 3228 506 1076 3229 488 1076 3230 505 1077 3231 488 1077 3232 489 1077 3233 504 1078 3234 505 1078 3235 489 1078 3236 504 1079 3237 489 1079 3238 490 1079 3239 503 1080 3240 504 1080 3241 490 1080 3242 503 1081 3243 490 1081 3244 491 1081 3245 502 1082 3246 503 1082 3247 491 1082 3248 492 1083 3249 493 1083 3250 494 1083 3251 502 1084 3252 491 1084 3253 497 1084 3254 491 1085 3255 492 1085 3256 496 1085 3257 497 1086 3258 491 1086 3259 496 1086 3260 499 1087 3261 500 1087 3262 501 1087 3263 501 1088 3264 502 1088 3265 497 1088 3266 492 1089 3267 494 1089 3268 496 1089 3269 494 1090 3270 495 1090 3271 496 1090 3272 497 1091 3273 498 1091 3274 499 1091 3275 453 1092 3276 483 1092 3277 482 1092 3278 454 1093 3279 484 1093 3280 483 1093 3281 455 1094 3282 485 1094 3283 484 1094 3284 456 1095 3285 486 1095 3286 485 1095 3287 457 1096 3288 487 1096 3289 486 1096 3290 458 1097 3291 488 1097 3292 487 1097 3293 459 1098 3294 489 1098 3295 488 1098 3296 460 1099 3297 490 1099 3298 489 1099 3299 461 1100 3300 491 1100 3301 490 1100 3302 462 1101 3303 492 1101 3304 491 1101 3305 463 1102 3306 493 1102 3307 492 1102 3308 464 1103 3309 494 1103 3310 493 1103 3311 465 1104 3312 495 1104 3313 494 1104 3314 466 1105 3315 496 1105 3316 495 1105 3317 467 1106 3318 497 1106 3319 496 1106 3320 468 1107 3321 498 1107 3322 497 1107 3323 469 1108 3324 499 1108 3325 498 1108 3326 470 1109 3327 500 1109 3328 499 1109 3329 471 1110 3330 501 1110 3331 500 1110 3332 472 1111 3333 502 1111 3334 501 1111 3335 473 1112 3336 503 1112 3337 502 1112 3338 474 1113 3339 504 1113 3340 503 1113 3341 475 1114 3342 505 1114 3343 504 1114 3344 476 1115 3345 506 1115 3346 505 1115 3347 477 1116 3348 507 1116 3349 506 1116 3350 478 1117 3351 508 1117 3352 507 1117 3353 479 1118 3354 509 1118 3355 508 1118 3356 480 1119 3357 510 1119 3358 509 1119 3359 481 1120 3360 511 1120 3361 510 1120 3362 452 1121 3363 482 1121 3364 511 1121 3365</p>
        </triangles>
        <triangles material="Mat_PCBGreen-material" count="12">
          <input semantic="VERTEX" source="#TMP_chassis_export-mesh-vertices" offset="0"/>
          <input semantic="NORMAL" source="#TMP_chassis_export-mesh-normals" offset="1"/>
          <input semantic="TEXCOORD" source="#TMP_chassis_export-mesh-map-0" offset="2" set="0"/>
          <p>513 278 834 514 278 835 512 278 836 515 279 837 518 279 838 514 279 839 519 280 840 516 280 841 518 280 842 517 281 843 512 281 844 516 281 845 518 282 846 512 282 847 514 282 848 515 283 849 517 283 850 519 283 851 513 1122 3366 515 1122 3367 514 1122 3368 515 1123 3369 519 1123 3370 518 1123 3371 519 1124 3372 517 1124 3373 516 1124 3374 517 1125 3375 513 1125 3376 512 1125 3377 518 1126 3378 516 1126 3379 512 1126 3380 515 1127 3381 513 1127 3382 517 1127 3383</p>
        </triangles>
        <triangles material="Mat_Brass-material" count="496">
          <input semantic="VERTEX" source="#TMP_chassis_export-mesh-vertices" offset="0"/>
          <input semantic="NORMAL" source="#TMP_chassis_export-mesh-normals" offset="1"/>
          <input semantic="TEXCOORD" source="#TMP_chassis_export-mesh-map-0" offset="2" set="0"/>
          <p>521 284 852 522 284 853 520 284 854 523 285 855 524 285 856 522 285 857 525 286 858 526 286 859 524 286 860 527 287 861 528 287 862 526 287 863 529 288 864 530 288 865 528 288 866 531 289 867 532 289 868 530 289 869 533 290 870 534 290 871 532 290 872 535 291 873 536 291 874 534 291 875 537 292 876 538 292 877 536 292 878 539 293 879 540 293 880 538 293 881 541 294 882 542 294 883 540 294 884 543 295 885 544 295 886 542 295 887 545 296 888 546 296 889 544 296 890 547 297 891 548 297 892 546 297 893 549 298 894 550 298 895 548 298 896 551 299 897 552 299 898 550 299 899 553 300 900 554 300 901 552 300 902 555 301 903 556 301 904 554 301 905 557 302 906 558 302 907 556 302 908 559 303 909 560 303 910 558 303 911 561 304 912 562 304 913 560 304 914 563 305 915 564 305 916 562 305 917 565 306 918 566 306 919 564 306 920 567 307 921 568 307 922 566 307 923 569 308 924 570 308 925 568 308 926 571 309 927 572 309 928 570 309 929 573 310 930 574 310 931 572 310 932 575 311 933 576 311 934 574 311 935 577 312 936 578 312 937 576 312 938 579 313 939 580 313 940 578 313 941 557 314 942 541 314 943 525 314 944 581 315 945 582 315 946 580 315 947 583 316 948 520 316 949 582 316 950 534 317 951 550 317 952 566 317 953 585 318 954 586 318 955 584 318 956 587 319 957 588 319 958 586 319 959 589 320 960 590 320 961 588 320 962 591 321 963 592 321 964 590 321 965 593 322 966 594 322 967 592 322 968 595 323 969 596 323 970 594 323 971 597 324 972 598 324 973 596 324 974 599 325 975 600 325 976 598 325 977 601 326 978 602 326 979 600 326 980 603 327 981 604 327 982 602 327 983 605 328 984 606 328 985 604 328 986 607 329 987 608 329 988 606 329 989 609 330 990 610 330 991 608 330 992 611 331 993 612 331 994 610 331 995 613 332 996 614 332 997 612 332 998 615 333 999 616 333 1000 614 333 1001 617 334 1002 618 334 1003 616 334 1004 619 335 1005 620 335 1006 618 335 1007 621 336 1008 622 336 1009 620 336 1010 623 337 1011 624 337 1012 622 337 1013 625 338 1014 626 338 1015 624 338 1016 627 339 1017 628 339 1018 626 339 1019 629 340 1020 630 340 1021 628 340 1022 631 341 1023 632 341 1024 630 341 1025 633 342 1026 634 342 1027 632 342 1028 635 343 1029 636 343 1030 634 343 1031 637 344 1032 638 344 1033 636 344 1034 639 345 1035 640 345 1036 638 345 1037 641 346 1038 642 346 1039 640 346 1040 643 347 1041 644 347 1042 642 347 1043 621 348 1044 605 348 1045 589 348 1046 645 349 1047 646 349 1048 644 349 1049 647 350 1050 584 350 1051 646 350 1052 614 351 1053 630 351 1054 646 351 1055 649 352 1056 650 352 1057 648 352 1058 651 353 1059 652 353 1060 650 353 1061 653 354 1062 654 354 1063 652 354 1064 655 355 1065 656 355 1066 654 355 1067 657 356 1068 658 356 1069 656 356 1070 659 357 1071 660 357 1072 658 357 1073 661 358 1074 662 358 1075 660 358 1076 663 359 1077 664 359 1078 662 359 1079 665 360 1080 666 360 1081 664 360 1082 667 361 1083 668 361 1084 666 361 1085 669 362 1086 670 362 1087 668 362 1088 671 363 1089 672 363 1090 670 363 1091 673 364 1092 674 364 1093 672 364 1094 675 365 1095 676 365 1096 674 365 1097 677 366 1098 678 366 1099 676 366 1100 679 367 1101 680 367 1102 678 367 1103 681 368 1104 682 368 1105 680 368 1106 683 369 1107 684 369 1108 682 369 1109 685 370 1110 686 370 1111 684 370 1112 687 371 1113 688 371 1114 686 371 1115 689 372 1116 690 372 1117 688 372 1118 691 373 1119 692 373 1120 690 373 1121 693 374 1122 694 374 1123 692 374 1124 695 375 1125 696 375 1126 694 375 1127 697 376 1128 698 376 1129 696 376 1130 699 377 1131 700 377 1132 698 377 1133 701 378 1134 702 378 1135 700 378 1136 703 379 1137 704 379 1138 702 379 1139 705 380 1140 706 380 1141 704 380 1142 707 381 1143 708 381 1144 706 381 1145 685 382 1146 669 382 1147 653 382 1148 709 383 1149 710 383 1150 708 383 1151 711 384 1152 648 384 1153 710 384 1154 662 385 1155 678 385 1156 694 385 1157 713 386 1158 714 386 1159 712 386 1160 715 387 1161 716 387 1162 714 387 1163 717 388 1164 718 388 1165 716 388 1166 719 389 1167 720 389 1168 718 389 1169 721 390 1170 722 390 1171 720 390 1172 723 391 1173 724 391 1174 722 391 1175 725 392 1176 726 392 1177 724 392 1178 727 393 1179 728 393 1180 726 393 1181 729 394 1182 730 394 1183 728 394 1184 731 395 1185 732 395 1186 730 395 1187 733 396 1188 734 396 1189 732 396 1190 735 397 1191 736 397 1192 734 397 1193 737 398 1194 738 398 1195 736 398 1196 739 399 1197 740 399 1198 738 399 1199 741 400 1200 742 400 1201 740 400 1202 743 401 1203 744 401 1204 742 401 1205 745 402 1206 746 402 1207 744 402 1208 747 403 1209 748 403 1210 746 403 1211 749 404 1212 750 404 1213 748 404 1214 751 405 1215 752 405 1216 750 405 1217 753 406 1218 754 406 1219 752 406 1220 755 407 1221 756 407 1222 754 407 1223 757 408 1224 758 408 1225 756 408 1226 759 409 1227 760 409 1228 758 409 1229 761 410 1230 762 410 1231 760 410 1232 763 411 1233 764 411 1234 762 411 1235 765 412 1236 766 412 1237 764 412 1238 767 413 1239 768 413 1240 766 413 1241 769 414 1242 770 414 1243 768 414 1244 771 415 1245 772 415 1246 770 415 1247 749 416 1248 733 416 1249 717 416 1250 773 417 1251 774 417 1252 772 417 1253 775 418 1254 712 418 1255 774 418 1256 742 419 1257 758 419 1258 774 419 1259 521 1128 3384 523 1128 3385 522 1128 3386 523 1129 3387 525 1129 3388 524 1129 3389 525 1130 3390 527 1130 3391 526 1130 3392 527 1131 3393 529 1131 3394 528 1131 3395 529 1132 3396 531 1132 3397 530 1132 3398 531 1133 3399 533 1133 3400 532 1133 3401 533 1134 3402 535 1134 3403 534 1134 3404 535 1135 3405 537 1135 3406 536 1135 3407 537 1136 3408 539 1136 3409 538 1136 3410 539 1137 3411 541 1137 3412 540 1137 3413 541 1138 3414 543 1138 3415 542 1138 3416 543 1139 3417 545 1139 3418 544 1139 3419 545 1140 3420 547 1140 3421 546 1140 3422 547 1141 3423 549 1141 3424 548 1141 3425 549 1142 3426 551 1142 3427 550 1142 3428 551 1143 3429 553 1143 3430 552 1143 3431 553 1144 3432 555 1144 3433 554 1144 3434 555 1145 3435 557 1145 3436 556 1145 3437 557 1146 3438 559 1146 3439 558 1146 3440 559 1147 3441 561 1147 3442 560 1147 3443 561 1148 3444 563 1148 3445 562 1148 3446 563 1149 3447 565 1149 3448 564 1149 3449 565 1150 3450 567 1150 3451 566 1150 3452 567 1151 3453 569 1151 3454 568 1151 3455 569 1152 3456 571 1152 3457 570 1152 3458 571 1153 3459 573 1153 3460 572 1153 3461 573 1154 3462 575 1154 3463 574 1154 3464 575 1155 3465 577 1155 3466 576 1155 3467 577 1156 3468 579 1156 3469 578 1156 3470 579 1157 3471 581 1157 3472 580 1157 3473 525 1158 3474 523 1158 3475 521 1158 3476 521 1159 3477 583 1159 3478 525 1159 3479 583 1160 3480 581 1160 3481 525 1160 3482 581 1161 3483 579 1161 3484 573 1161 3485 579 1162 3486 577 1162 3487 573 1162 3488 577 1163 3489 575 1163 3490 573 1163 3491 573 1164 3492 571 1164 3493 565 1164 3494 571 1165 3495 569 1165 3496 565 1165 3497 569 1166 3498 567 1166 3499 565 1166 3500 565 1167 3501 563 1167 3502 561 1167 3503 561 1168 3504 559 1168 3505 565 1168 3506 559 1169 3507 557 1169 3508 565 1169 3509 557 1170 3510 555 1170 3511 553 1170 3512 553 1171 3513 551 1171 3514 549 1171 3515 549 1172 3516 547 1172 3517 541 1172 3518 547 1173 3519 545 1173 3520 541 1173 3521 545 1174 3522 543 1174 3523 541 1174 3524 541 1175 3525 539 1175 3526 537 1175 3527 537 1176 3528 535 1176 3529 533 1176 3530 533 1177 3531 531 1177 3532 529 1177 3533 529 1178 3534 527 1178 3535 533 1178 3536 527 1179 3537 525 1179 3538 533 1179 3539 557 1180 3540 553 1180 3541 541 1180 3542 553 1181 3543 549 1181 3544 541 1181 3545 541 1182 3546 537 1182 3547 525 1182 3548 537 1183 3549 533 1183 3550 525 1183 3551 525 1184 3552 581 1184 3553 573 1184 3554 573 1185 3555 565 1185 3556 525 1185 3557 565 1186 3558 557 1186 3559 525 1186 3560 581 1187 3561 583 1187 3562 582 1187 3563 583 1188 3564 521 1188 3565 520 1188 3566 582 1189 3567 520 1189 3568 522 1189 3569 522 1190 3570 524 1190 3571 582 1190 3572 524 1191 3573 526 1191 3574 582 1191 3575 526 1192 3576 528 1192 3577 530 1192 3578 530 1193 3579 532 1193 3580 526 1193 3581 532 1194 3582 534 1194 3583 526 1194 3584 534 1195 3585 536 1195 3586 538 1195 3587 538 1196 3588 540 1196 3589 542 1196 3590 542 1197 3591 544 1197 3592 546 1197 3593 546 1198 3594 548 1198 3595 550 1198 3596 550 1199 3597 552 1199 3598 554 1199 3599 554 1200 3600 556 1200 3601 558 1200 3602 558 1201 3603 560 1201 3604 562 1201 3605 562 1202 3606 564 1202 3607 558 1202 3608 564 1203 3609 566 1203 3610 558 1203 3611 566 1204 3612 568 1204 3613 570 1204 3614 570 1205 3615 572 1205 3616 574 1205 3617 574 1206 3618 576 1206 3619 578 1206 3620 578 1207 3621 580 1207 3622 582 1207 3623 534 1208 3624 538 1208 3625 542 1208 3626 542 1209 3627 546 1209 3628 534 1209 3629 546 1210 3630 550 1210 3631 534 1210 3632 550 1211 3633 554 1211 3634 558 1211 3635 566 1212 3636 570 1212 3637 574 1212 3638 574 1213 3639 578 1213 3640 566 1213 3641 578 1214 3642 582 1214 3643 566 1214 3644 582 1215 3645 526 1215 3646 534 1215 3647 550 1216 3648 558 1216 3649 566 1216 3650 582 1217 3651 534 1217 3652 566 1217 3653 585 1218 3654 587 1218 3655 586 1218 3656 587 1219 3657 589 1219 3658 588 1219 3659 589 1220 3660 591 1220 3661 590 1220 3662 591 1221 3663 593 1221 3664 592 1221 3665 593 1222 3666 595 1222 3667 594 1222 3668 595 1223 3669 597 1223 3670 596 1223 3671 597 1224 3672 599 1224 3673 598 1224 3674 599 1225 3675 601 1225 3676 600 1225 3677 601 1226 3678 603 1226 3679 602 1226 3680 603 1227 3681 605 1227 3682 604 1227 3683 605 1228 3684 607 1228 3685 606 1228 3686 607 1229 3687 609 1229 3688 608 1229 3689 609 1230 3690 611 1230 3691 610 1230 3692 611 1231 3693 613 1231 3694 612 1231 3695 613 1232 3696 615 1232 3697 614 1232 3698 615 1233 3699 617 1233 3700 616 1233 3701 617 1234 3702 619 1234 3703 618 1234 3704 619 1235 3705 621 1235 3706 620 1235 3707 621 1236 3708 623 1236 3709 622 1236 3710 623 1237 3711 625 1237 3712 624 1237 3713 625 1238 3714 627 1238 3715 626 1238 3716 627 1239 3717 629 1239 3718 628 1239 3719 629 1240 3720 631 1240 3721 630 1240 3722 631 1241 3723 633 1241 3724 632 1241 3725 633 1242 3726 635 1242 3727 634 1242 3728 635 1243 3729 637 1243 3730 636 1243 3731 637 1244 3732 639 1244 3733 638 1244 3734 639 1245 3735 641 1245 3736 640 1245 3737 641 1246 3738 643 1246 3739 642 1246 3740 643 1247 3741 645 1247 3742 644 1247 3743 589 1248 3744 587 1248 3745 585 1248 3746 585 1249 3747 647 1249 3748 645 1249 3749 645 1250 3750 643 1250 3751 637 1250 3752 643 1251 3753 641 1251 3754 637 1251 3755 641 1252 3756 639 1252 3757 637 1252 3758 637 1253 3759 635 1253 3760 629 1253 3761 635 1254 3762 633 1254 3763 629 1254 3764 633 1255 3765 631 1255 3766 629 1255 3767 629 1256 3768 627 1256 3769 625 1256 3770 625 1257 3771 623 1257 3772 629 1257 3773 623 1258 3774 621 1258 3775 629 1258 3776 621 1259 3777 619 1259 3778 617 1259 3779 617 1260 3780 615 1260 3781 613 1260 3782 613 1261 3783 611 1261 3784 605 1261 3785 611 1262 3786 609 1262 3787 605 1262 3788 609 1263 3789 607 1263 3790 605 1263 3791 605 1264 3792 603 1264 3793 601 1264 3794 601 1265 3795 599 1265 3796 605 1265 3797 599 1266 3798 597 1266 3799 605 1266 3800 597 1267 3801 595 1267 3802 589 1267 3803 595 1268 3804 593 1268 3805 589 1268 3806 593 1269 3807 591 1269 3808 589 1269 3809 589 1270 3810 585 1270 3811 637 1270 3812 585 1271 3813 645 1271 3814 637 1271 3815 621 1272 3816 617 1272 3817 605 1272 3818 617 1273 3819 613 1273 3820 605 1273 3821 637 1274 3822 629 1274 3823 589 1274 3824 629 1275 3825 621 1275 3826 589 1275 3827 605 1276 3828 597 1276 3829 589 1276 3830 645 1277 3831 647 1277 3832 646 1277 3833 647 1278 3834 585 1278 3835 584 1278 3836 646 1279 3837 584 1279 3838 586 1279 3839 586 1280 3840 588 1280 3841 590 1280 3842 590 1281 3843 592 1281 3844 594 1281 3845 594 1282 3846 596 1282 3847 598 1282 3848 598 1283 3849 600 1283 3850 602 1283 3851 602 1284 3852 604 1284 3853 606 1284 3854 606 1285 3855 608 1285 3856 610 1285 3857 610 1286 3858 612 1286 3859 614 1286 3860 614 1287 3861 616 1287 3862 618 1287 3863 618 1288 3864 620 1288 3865 622 1288 3866 622 1289 3867 624 1289 3868 626 1289 3869 626 1290 3870 628 1290 3871 622 1290 3872 628 1291 3873 630 1291 3874 622 1291 3875 630 1292 3876 632 1292 3877 634 1292 3878 634 1293 3879 636 1293 3880 638 1293 3881 638 1294 3882 640 1294 3883 642 1294 3884 642 1295 3885 644 1295 3886 646 1295 3887 646 1296 3888 586 1296 3889 598 1296 3890 586 1297 3891 590 1297 3892 598 1297 3893 590 1298 3894 594 1298 3895 598 1298 3896 598 1299 3897 602 1299 3898 614 1299 3899 602 1300 3900 606 1300 3901 614 1300 3902 606 1301 3903 610 1301 3904 614 1301 3905 614 1302 3906 618 1302 3907 630 1302 3908 618 1303 3909 622 1303 3910 630 1303 3911 630 1304 3912 634 1304 3913 646 1304 3914 634 1305 3915 638 1305 3916 646 1305 3917 638 1306 3918 642 1306 3919 646 1306 3920 646 1307 3921 598 1307 3922 614 1307 3923 649 1308 3924 651 1308 3925 650 1308 3926 651 1309 3927 653 1309 3928 652 1309 3929 653 1310 3930 655 1310 3931 654 1310 3932 655 1311 3933 657 1311 3934 656 1311 3935 657 1312 3936 659 1312 3937 658 1312 3938 659 1313 3939 661 1313 3940 660 1313 3941 661 1314 3942 663 1314 3943 662 1314 3944 663 1315 3945 665 1315 3946 664 1315 3947 665 1316 3948 667 1316 3949 666 1316 3950 667 1317 3951 669 1317 3952 668 1317 3953 669 1318 3954 671 1318 3955 670 1318 3956 671 1319 3957 673 1319 3958 672 1319 3959 673 1320 3960 675 1320 3961 674 1320 3962 675 1321 3963 677 1321 3964 676 1321 3965 677 1322 3966 679 1322 3967 678 1322 3968 679 1323 3969 681 1323 3970 680 1323 3971 681 1324 3972 683 1324 3973 682 1324 3974 683 1325 3975 685 1325 3976 684 1325 3977 685 1326 3978 687 1326 3979 686 1326 3980 687 1327 3981 689 1327 3982 688 1327 3983 689 1328 3984 691 1328 3985 690 1328 3986 691 1329 3987 693 1329 3988 692 1329 3989 693 1330 3990 695 1330 3991 694 1330 3992 695 1331 3993 697 1331 3994 696 1331 3995 697 1332 3996 699 1332 3997 698 1332 3998 699 1333 3999 701 1333 4000 700 1333 4001 701 1334 4002 703 1334 4003 702 1334 4004 703 1335 4005 705 1335 4006 704 1335 4007 705 1336 4008 707 1336 4009 706 1336 4010 707 1337 4011 709 1337 4012 708 1337 4013 653 1338 4014 651 1338 4015 649 1338 4016 649 1339 4017 711 1339 4018 653 1339 4019 711 1340 4020 709 1340 4021 653 1340 4022 709 1341 4023 707 1341 4024 705 1341 4025 705 1342 4026 703 1342 4027 701 1342 4028 701 1343 4029 699 1343 4030 697 1343 4031 697 1344 4032 695 1344 4033 693 1344 4034 693 1345 4035 691 1345 4036 689 1345 4037 689 1346 4038 687 1346 4039 685 1346 4040 685 1347 4041 683 1347 4042 681 1347 4043 681 1348 4044 679 1348 4045 685 1348 4046 679 1349 4047 677 1349 4048 685 1349 4049 677 1350 4050 675 1350 4051 673 1350 4052 673 1351 4053 671 1351 4054 669 1351 4055 669 1352 4056 667 1352 4057 661 1352 4058 667 1353 4059 665 1353 4060 661 1353 4061 665 1354 4062 663 1354 4063 661 1354 4064 661 1355 4065 659 1355 4066 657 1355 4067 657 1356 4068 655 1356 4069 653 1356 4070 709 1357 4071 705 1357 4072 701 1357 4073 701 1358 4074 697 1358 4075 693 1358 4076 693 1359 4077 689 1359 4078 685 1359 4079 677 1360 4080 673 1360 4081 685 1360 4082 673 1361 4083 669 1361 4084 685 1361 4085 661 1362 4086 657 1362 4087 653 1362 4088 653 1363 4089 709 1363 4090 701 1363 4091 701 1364 4092 693 1364 4093 653 1364 4094 693 1365 4095 685 1365 4096 653 1365 4097 669 1366 4098 661 1366 4099 653 1366 4100 709 1367 4101 711 1367 4102 710 1367 4103 711 1368 4104 649 1368 4105 648 1368 4106 710 1369 4107 648 1369 4108 650 1369 4109 650 1370 4110 652 1370 4111 654 1370 4112 654 1371 4113 656 1371 4114 662 1371 4115 656 1372 4116 658 1372 4117 662 1372 4118 658 1373 4119 660 1373 4120 662 1373 4121 662 1374 4122 664 1374 4123 666 1374 4124 666 1375 4125 668 1375 4126 670 1375 4127 670 1376 4128 672 1376 4129 678 1376 4130 672 1377 4131 674 1377 4132 678 1377 4133 674 1378 4134 676 1378 4135 678 1378 4136 678 1379 4137 680 1379 4138 682 1379 4139 682 1380 4140 684 1380 4141 686 1380 4142 686 1381 4143 688 1381 4144 690 1381 4145 690 1382 4146 692 1382 4147 686 1382 4148 692 1383 4149 694 1383 4150 686 1383 4151 694 1384 4152 696 1384 4153 702 1384 4154 696 1385 4155 698 1385 4156 702 1385 4157 698 1386 4158 700 1386 4159 702 1386 4160 702 1387 4161 704 1387 4162 710 1387 4163 704 1388 4164 706 1388 4165 710 1388 4166 706 1389 4167 708 1389 4168 710 1389 4169 710 1390 4170 650 1390 4171 662 1390 4172 650 1391 4173 654 1391 4174 662 1391 4175 662 1392 4176 666 1392 4177 678 1392 4178 666 1393 4179 670 1393 4180 678 1393 4181 678 1394 4182 682 1394 4183 694 1394 4184 682 1395 4185 686 1395 4186 694 1395 4187 694 1396 4188 702 1396 4189 710 1396 4190 710 1397 4191 662 1397 4192 694 1397 4193 713 1398 4194 715 1398 4195 714 1398 4196 715 1399 4197 717 1399 4198 716 1399 4199 717 1400 4200 719 1400 4201 718 1400 4202 719 1401 4203 721 1401 4204 720 1401 4205 721 1402 4206 723 1402 4207 722 1402 4208 723 1403 4209 725 1403 4210 724 1403 4211 725 1404 4212 727 1404 4213 726 1404 4214 727 1405 4215 729 1405 4216 728 1405 4217 729 1406 4218 731 1406 4219 730 1406 4220 731 1407 4221 733 1407 4222 732 1407 4223 733 1408 4224 735 1408 4225 734 1408 4226 735 1409 4227 737 1409 4228 736 1409 4229 737 1410 4230 739 1410 4231 738 1410 4232 739 1411 4233 741 1411 4234 740 1411 4235 741 1412 4236 743 1412 4237 742 1412 4238 743 1413 4239 745 1413 4240 744 1413 4241 745 1414 4242 747 1414 4243 746 1414 4244 747 1415 4245 749 1415 4246 748 1415 4247 749 1416 4248 751 1416 4249 750 1416 4250 751 1417 4251 753 1417 4252 752 1417 4253 753 1418 4254 755 1418 4255 754 1418 4256 755 1419 4257 757 1419 4258 756 1419 4259 757 1420 4260 759 1420 4261 758 1420 4262 759 1421 4263 761 1421 4264 760 1421 4265 761 1422 4266 763 1422 4267 762 1422 4268 763 1423 4269 765 1423 4270 764 1423 4271 765 1424 4272 767 1424 4273 766 1424 4274 767 1425 4275 769 1425 4276 768 1425 4277 769 1426 4278 771 1426 4279 770 1426 4280 771 1427 4281 773 1427 4282 772 1427 4283 717 1428 4284 715 1428 4285 713 1428 4286 713 1429 4287 775 1429 4288 717 1429 4289 775 1430 4290 773 1430 4291 717 1430 4292 773 1431 4293 771 1431 4294 769 1431 4295 769 1432 4296 767 1432 4297 765 1432 4298 765 1433 4299 763 1433 4300 761 1433 4301 761 1434 4302 759 1434 4303 757 1434 4304 757 1435 4305 755 1435 4306 753 1435 4307 753 1436 4308 751 1436 4309 749 1436 4310 749 1437 4311 747 1437 4312 745 1437 4313 745 1438 4314 743 1438 4315 749 1438 4316 743 1439 4317 741 1439 4318 749 1439 4319 741 1440 4320 739 1440 4321 737 1440 4322 737 1441 4323 735 1441 4324 733 1441 4325 733 1442 4326 731 1442 4327 729 1442 4328 729 1443 4329 727 1443 4330 733 1443 4331 727 1444 4332 725 1444 4333 733 1444 4334 725 1445 4335 723 1445 4336 721 1445 4337 721 1446 4338 719 1446 4339 717 1446 4340 773 1447 4341 769 1447 4342 765 1447 4343 765 1448 4344 761 1448 4345 757 1448 4346 757 1449 4347 753 1449 4348 749 1449 4349 741 1450 4350 737 1450 4351 733 1450 4352 725 1451 4353 721 1451 4354 717 1451 4355 717 1452 4356 773 1452 4357 765 1452 4358 765 1453 4359 757 1453 4360 717 1453 4361 757 1454 4362 749 1454 4363 717 1454 4364 749 1455 4365 741 1455 4366 733 1455 4367 733 1456 4368 725 1456 4369 717 1456 4370 773 1457 4371 775 1457 4372 774 1457 4373 775 1458 4374 713 1458 4375 712 1458 4376 774 1459 4377 712 1459 4378 714 1459 4379 714 1460 4380 716 1460 4381 718 1460 4382 718 1461 4383 720 1461 4384 726 1461 4385 720 1462 4386 722 1462 4387 726 1462 4388 722 1463 4389 724 1463 4390 726 1463 4391 726 1464 4392 728 1464 4393 730 1464 4394 730 1465 4395 732 1465 4396 734 1465 4397 734 1466 4398 736 1466 4399 742 1466 4400 736 1467 4401 738 1467 4402 742 1467 4403 738 1468 4404 740 1468 4405 742 1468 4406 742 1469 4407 744 1469 4408 746 1469 4409 746 1470 4410 748 1470 4411 750 1470 4412 750 1471 4413 752 1471 4414 754 1471 4415 754 1472 4416 756 1472 4417 750 1472 4418 756 1473 4419 758 1473 4420 750 1473 4421 758 1474 4422 760 1474 4423 766 1474 4424 760 1475 4425 762 1475 4426 766 1475 4427 762 1476 4428 764 1476 4429 766 1476 4430 766 1477 4431 768 1477 4432 774 1477 4433 768 1478 4434 770 1478 4435 774 1478 4436 770 1479 4437 772 1479 4438 774 1479 4439 774 1480 4440 714 1480 4441 726 1480 4442 714 1481 4443 718 1481 4444 726 1481 4445 726 1482 4446 730 1482 4447 742 1482 4448 730 1483 4449 734 1483 4450 742 1483 4451 742 1484 4452 746 1484 4453 758 1484 4454 746 1485 4455 750 1485 4456 758 1485 4457 758 1486 4458 766 1486 4459 774 1486 4460 774 1487 4461 726 1487 4462 742 1487 4463</p>
        </triangles>
      </mesh>
    </geometry>
  </library_geometries>
  <library_visual_scenes>
    <visual_scene id="Scene" name="Scene">
      <node id="TMP_chassis_export" name="TMP_chassis_export" type="NODE">
        <matrix sid="transform">1 0 0 0 0 1 0 0 0 0 1 0 0 0 0 1</matrix>
        <instance_geometry url="#TMP_chassis_export-mesh" name="TMP_chassis_export">
          <bind_material>
            <technique_common>
              <instance_material symbol="Mat_Motor-material" target="#Mat_Motor-material">
                <bind_vertex_input semantic="UV 贴图" input_semantic="TEXCOORD" input_set="0"/>
              </instance_material>
              <instance_material symbol="Mat_Shaft-material" target="#Mat_Shaft-material">
                <bind_vertex_input semantic="UV 贴图" input_semantic="TEXCOORD" input_set="0"/>
              </instance_material>
              <instance_material symbol="Mat_HATBlue-material" target="#Mat_HATBlue-material">
                <bind_vertex_input semantic="UV 贴图" input_semantic="TEXCOORD" input_set="0"/>
              </instance_material>
              <instance_material symbol="Mat_ChassisBlack-material" target="#Mat_ChassisBlack-material">
                <bind_vertex_input semantic="UV 贴图" input_semantic="TEXCOORD" input_set="0"/>
              </instance_material>
              <instance_material symbol="Mat_PCBGreen-material" target="#Mat_PCBGreen-material">
                <bind_vertex_input semantic="UV 贴图" input_semantic="TEXCOORD" input_set="0"/>
              </instance_material>
              <instance_material symbol="Mat_Brass-material" target="#Mat_Brass-material">
                <bind_vertex_input semantic="UV 贴图" input_semantic="TEXCOORD" input_set="0"/>
              </instance_material>
            </technique_common>
          </bind_material>
        </instance_geometry>
      </node>
    </visual_scene>
  </library_visual_scenes>
  <scene>
    <instance_visual_scene url="#Scene"/>
  </scene>
</COLLADA>