solid exported
  facet normal 1.305272e-01 -0.000000e+00 9.914447e-01
    outer loop
      vertex 0.000000e+00 -7.655002e-03 1.553398e-02
      vertex 4.020490e-03 7.654995e-03 1.500467e-02
      vertex 0.000000e+00 7.654995e-03 1.553398e-02
    endloop
  endfacet
  facet normal 3.826834e-01 -0.000000e+00 9.238796e-01
    outer loop
      vertex 4.020490e-03 -7.655002e-03 1.500467e-02
      vertex 7.766992e-03 7.654995e-03 1.345282e-02
      vertex 4.020490e-03 7.654995e-03 1.500467e-02
    endloop
  endfacet
  facet normal 6.087610e-01 -0.000000e+00 7.933537e-01
    outer loop
      vertex 7.766992e-03 -7.655002e-03 1.345282e-02
      vertex 1.098418e-02 7.654995e-03 1.098419e-02
      vertex 7.766992e-03 7.654995e-03 1.345282e-02
    endloop
  endfacet
  facet normal 7.933536e-01 -0.000000e+00 6.087611e-01
    outer loop
      vertex 1.098418e-02 -7.655002e-03 1.098419e-02
      vertex 1.345282e-02 7.654995e-03 7.766992e-03
      vertex 1.098418e-02 7.654995e-03 1.098419e-02
    endloop
  endfacet
  facet normal 9.238796e-01 -0.000000e+00 3.826834e-01
    outer loop
      vertex 1.345282e-02 -7.655002e-03 7.766992e-03
      vertex 1.500467e-02 7.654995e-03 4.020490e-03
      vertex 1.345282e-02 7.654995e-03 7.766992e-03
    endloop
  endfacet
  facet normal 9.914447e-01 -0.000000e+00 1.305272e-01
    outer loop
      vertex 1.500467e-02 -7.655002e-03 4.020490e-03
      vertex 1.553398e-02 7.654995e-03 0.000000e+00
      vertex 1.500467e-02 7.654995e-03 4.020490e-03
    endloop
  endfacet
  facet normal 9.914447e-01 0.000000e+00 -1.305272e-01
    outer loop
      vertex 1.553398e-02 -7.655002e-03 0.000000e+00
      vertex 1.500467e-02 7.654995e-03 -4.020488e-03
      vertex 1.553398e-02 7.654995e-03 0.000000e+00
    endloop
  endfacet
  facet normal 9.238794e-01 4.655805e-08 -3.826835e-01
    outer loop
      vertex 1.500467e-02 -7.655002e-03 -4.020490e-03
      vertex 1.345282e-02 7.654995e-03 -7.766988e-03
      vertex 1.500467e-02 7.654995e-03 -4.020488e-03
    endloop
  endfacet
  facet normal 7.933536e-01 0.000000e+00 -6.087611e-01
    outer loop
      vertex 1.345282e-02 7.654995e-03 -7.766988e-03
      vertex 1.098418e-02 -7.655002e-03 -1.098418e-02
      vertex 1.098418e-02 7.654995e-03 -1.098418e-02
    endloop
  endfacet
  facet normal 6.087616e-01 0.000000e+00 -7.933533e-01
    outer loop
      vertex 1.098418e-02 -7.655002e-03 -1.098418e-02
      vertex 7.766992e-03 7.654995e-03 -1.345282e-02
      vertex 1.098418e-02 7.654995e-03 -1.098418e-02
    endloop
  endfacet
  facet normal 3.826834e-01 0.000000e+00 -9.238796e-01
    outer loop
      vertex 7.766992e-03 -7.655002e-03 -1.345282e-02
      vertex 4.020490e-03 7.654995e-03 -1.500467e-02
      vertex 7.766992e-03 7.654995e-03 -1.345282e-02
    endloop
  endfacet
  facet normal 1.305263e-01 0.000000e+00 -9.914448e-01
    outer loop
      vertex 4.020490e-03 -7.655002e-03 -1.500467e-02
      vertex 0.000000e+00 7.654995e-03 -1.553398e-02
      vertex 4.020490e-03 7.654995e-03 -1.500467e-02
    endloop
  endfacet
  facet normal -1.305263e-01 0.000000e+00 -9.914448e-01
    outer loop
      vertex 0.000000e+00 -7.655002e-03 -1.553398e-02
      vertex -4.020490e-03 7.654995e-03 -1.500467e-02
      vertex 0.000000e+00 7.654995e-03 -1.553398e-02
    endloop
  endfacet
  facet normal -3.826834e-01 0.000000e+00 -9.238796e-01
    outer loop
      vertex -4.020490e-03 -7.655002e-03 -1.500467e-02
      vertex -7.766992e-03 7.654995e-03 -1.345282e-02
      vertex -4.020490e-03 7.654995e-03 -1.500467e-02
    endloop
  endfacet
  facet normal -6.087611e-01 0.000000e+00 -7.933536e-01
    outer loop
      vertex -7.766992e-03 -7.655002e-03 -1.345282e-02
      vertex -1.098419e-02 7.654995e-03 -1.098418e-02
      vertex -7.766992e-03 7.654995e-03 -1.345282e-02
    endloop
  endfacet
  facet normal -7.933540e-01 7.324615e-08 -6.087605e-01
    outer loop
      vertex -1.098419e-02 7.654995e-03 -1.098418e-02
      vertex -1.345282e-02 -7.655002e-03 -7.766990e-03
      vertex -1.345282e-02 7.654995e-03 -7.766988e-03
    endloop
  endfacet
  facet normal -9.238794e-01 5.127228e-08 -3.826835e-01
    outer loop
      vertex -1.345282e-02 7.654995e-03 -7.766988e-03
      vertex -1.500467e-02 -7.655002e-03 -4.020490e-03
      vertex -1.500467e-02 7.654995e-03 -4.020488e-03
    endloop
  endfacet
  facet normal -9.914448e-01 1.588010e-08 -1.305263e-01
    outer loop
      vertex -1.500467e-02 -7.655002e-03 -4.020490e-03
      vertex -1.553398e-02 7.654995e-03 0.000000e+00
      vertex -1.500467e-02 7.654995e-03 -4.020488e-03
    endloop
  endfacet
  facet normal -9.914448e-01 0.000000e+00 1.305263e-01
    outer loop
      vertex -1.553398e-02 -7.655002e-03 0.000000e+00
      vertex -1.500467e-02 7.654995e-03 4.020490e-03
      vertex -1.553398e-02 7.654995e-03 0.000000e+00
    endloop
  endfacet
  facet normal -9.238796e-01 0.000000e+00 3.826834e-01
    outer loop
      vertex -1.500467e-02 -7.655002e-03 4.020490e-03
      vertex -1.345282e-02 7.654995e-03 7.766992e-03
      vertex -1.500467e-02 7.654995e-03 4.020490e-03
    endloop
  endfacet
  facet normal -7.933540e-01 0.000000e+00 6.087605e-01
    outer loop
      vertex -1.345282e-02 -7.655002e-03 7.766992e-03
      vertex -1.098419e-02 7.654995e-03 1.098419e-02
      vertex -1.345282e-02 7.654995e-03 7.766992e-03
    endloop
  endfacet
  facet normal -6.087605e-01 0.000000e+00 7.933540e-01
    outer loop
      vertex -1.098419e-02 -7.655002e-03 1.098419e-02
      vertex -7.766992e-03 7.654995e-03 1.345282e-02
      vertex -1.098419e-02 7.654995e-03 1.098419e-02
    endloop
  endfacet
  facet normal 0.000000e+00 -1.000000e+00 0.000000e+00
    outer loop
      vertex -1.553398e-02 -7.655002e-03 0.000000e+00
      vertex 7.766992e-03 -7.655002e-03 -1.345282e-02
      vertex 7.766992e-03 -7.655002e-03 1.345282e-02
    endloop
  endfacet
  facet normal -3.826834e-01 0.000000e+00 9.238796e-01
    outer loop
      vertex -7.766992e-03 -7.655002e-03 1.345282e-02
      vertex -4.020490e-03 7.654995e-03 1.500467e-02
      vertex -7.766992e-03 7.654995e-03 1.345282e-02
    endloop
  endfacet
  facet normal -1.305272e-01 0.000000e+00 9.914447e-01
    outer loop
      vertex -4.020490e-03 -7.655002e-03 1.500467e-02
      vertex 0.000000e+00 7.654995e-03 1.553398e-02
      vertex -4.020490e-03 7.654995e-03 1.500467e-02
    endloop
  endfacet
  facet normal -0.000000e+00 1.000000e+00 0.000000e+00
    outer loop
      vertex -1.500467e-02 7.654995e-03 4.020490e-03
      vertex -4.020490e-03 7.654995e-03 1.500467e-02
      vertex 1.500467e-02 7.654995e-03 -4.020488e-03
    endloop
  endfacet
  facet normal 1.305261e-01 -0.000000e+00 9.914449e-01
    outer loop
      vertex 0.000000e+00 1.280999e-02 2.854369e-02
      vertex 7.387653e-03 1.531000e-02 2.757109e-02
      vertex 0.000000e+00 1.531000e-02 2.854369e-02
    endloop
  endfacet
  facet normal 3.826838e-01 -0.000000e+00 9.238794e-01
    outer loop
      vertex 7.387653e-03 1.280999e-02 2.757109e-02
      vertex 1.427184e-02 1.531000e-02 2.471956e-02
      vertex 7.387653e-03 1.531000e-02 2.757109e-02
    endloop
  endfacet
  facet normal 6.087610e-01 -0.000000e+00 7.933537e-01
    outer loop
      vertex 1.427184e-02 1.280999e-02 2.471956e-02
      vertex 2.018344e-02 1.531000e-02 2.018344e-02
      vertex 1.427184e-02 1.531000e-02 2.471956e-02
    endloop
  endfacet
  facet normal 7.933534e-01 -0.000000e+00 6.087613e-01
    outer loop
      vertex 2.018344e-02 1.280999e-02 2.018344e-02
      vertex 2.471956e-02 1.531000e-02 1.427184e-02
      vertex 2.018344e-02 1.531000e-02 2.018344e-02
    endloop
  endfacet
  facet normal 9.238797e-01 -0.000000e+00 3.826830e-01
    outer loop
      vertex 2.471956e-02 1.280999e-02 1.427184e-02
      vertex 2.757108e-02 1.531000e-02 7.387649e-03
      vertex 2.471956e-02 1.531000e-02 1.427184e-02
    endloop
  endfacet
  facet normal 9.914448e-01 -0.000000e+00 1.305267e-01
    outer loop
      vertex 2.757108e-02 1.280999e-02 7.387649e-03
      vertex 2.854369e-02 1.531000e-02 0.000000e+00
      vertex 2.757108e-02 1.531000e-02 7.387649e-03
    endloop
  endfacet
  facet normal 9.914448e-01 0.000000e+00 -1.305267e-01
    outer loop
      vertex 2.854369e-02 1.280999e-02 0.000000e+00
      vertex 2.757108e-02 1.531000e-02 -7.387649e-03
      vertex 2.854369e-02 1.531000e-02 0.000000e+00
    endloop
  endfacet
  facet normal 9.238797e-01 0.000000e+00 -3.826830e-01
    outer loop
      vertex 2.757108e-02 1.280999e-02 -7.387649e-03
      vertex 2.471956e-02 1.531000e-02 -1.427184e-02
      vertex 2.757108e-02 1.531000e-02 -7.387649e-03
    endloop
  endfacet
  facet normal 7.933534e-01 0.000000e+00 -6.087614e-01
    outer loop
      vertex 2.471956e-02 1.280999e-02 -1.427184e-02
      vertex 2.018344e-02 1.531000e-02 -2.018343e-02
      vertex 2.471956e-02 1.531000e-02 -1.427184e-02
    endloop
  endfacet
  facet normal 6.087611e-01 0.000000e+00 -7.933536e-01
    outer loop
      vertex 2.018344e-02 1.280999e-02 -2.018343e-02
      vertex 1.427184e-02 1.531000e-02 -2.471956e-02
      vertex 2.018344e-02 1.531000e-02 -2.018343e-02
    endloop
  endfacet
  facet normal 3.826838e-01 0.000000e+00 -9.238794e-01
    outer loop
      vertex 1.427184e-02 1.280999e-02 -2.471956e-02
      vertex 7.387653e-03 1.531000e-02 -2.757109e-02
      vertex 1.427184e-02 1.531000e-02 -2.471956e-02
    endloop
  endfacet
  facet normal 1.305261e-01 0.000000e+00 -9.914449e-01
    outer loop
      vertex 7.387653e-03 1.280999e-02 -2.757109e-02
      vertex 0.000000e+00 1.531000e-02 -2.854369e-02
      vertex 7.387653e-03 1.531000e-02 -2.757109e-02
    endloop
  endfacet
  facet normal -1.305262e-01 0.000000e+00 -9.914449e-01
    outer loop
      vertex 0.000000e+00 1.280999e-02 -2.854369e-02
      vertex -7.387649e-03 1.531000e-02 -2.757109e-02
      vertex 0.000000e+00 1.531000e-02 -2.854369e-02
    endloop
  endfacet
  facet normal -3.826834e-01 0.000000e+00 -9.238795e-01
    outer loop
      vertex -7.387649e-03 1.280999e-02 -2.757109e-02
      vertex -1.427184e-02 1.531000e-02 -2.471956e-02
      vertex -7.387649e-03 1.531000e-02 -2.757109e-02
    endloop
  endfacet
  facet normal -6.087617e-01 0.000000e+00 -7.933532e-01
    outer loop
      vertex -1.427184e-02 1.280999e-02 -2.471956e-02
      vertex -2.018343e-02 1.531000e-02 -2.018343e-02
      vertex -1.427184e-02 1.531000e-02 -2.471956e-02
    endloop
  endfacet
  facet normal -7.933531e-01 0.000000e+00 -6.087617e-01
    outer loop
      vertex -2.018343e-02 1.280999e-02 -2.018343e-02
      vertex -2.471956e-02 1.531000e-02 -1.427184e-02
      vertex -2.018343e-02 1.531000e-02 -2.018343e-02
    endloop
  endfacet
  facet normal -9.238797e-01 0.000000e+00 -3.826830e-01
    outer loop
      vertex -2.471956e-02 1.280999e-02 -1.427184e-02
      vertex -2.757108e-02 1.531000e-02 -7.387649e-03
      vertex -2.471956e-02 1.531000e-02 -1.427184e-02
    endloop
  endfacet
  facet normal -9.914448e-01 0.000000e+00 -1.305267e-01
    outer loop
      vertex -2.757108e-02 1.280999e-02 -7.387649e-03
      vertex -2.854369e-02 1.531000e-02 0.000000e+00
      vertex -2.757108e-02 1.531000e-02 -7.387649e-03
    endloop
  endfacet
  facet normal -9.914448e-01 0.000000e+00 1.305267e-01
    outer loop
      vertex -2.854369e-02 1.280999e-02 0.000000e+00
      vertex -2.757108e-02 1.531000e-02 7.387649e-03
      vertex -2.854369e-02 1.531000e-02 0.000000e+00
    endloop
  endfacet
  facet normal -9.238797e-01 0.000000e+00 3.826830e-01
    outer loop
      vertex -2.757108e-02 1.280999e-02 7.387649e-03
      vertex -2.471956e-02 1.531000e-02 1.427184e-02
      vertex -2.757108e-02 1.531000e-02 7.387649e-03
    endloop
  endfacet
  facet normal -7.933532e-01 0.000000e+00 6.087615e-01
    outer loop
      vertex -2.471956e-02 1.280999e-02 1.427184e-02
      vertex -2.018343e-02 1.531000e-02 2.018344e-02
      vertex -2.471956e-02 1.531000e-02 1.427184e-02
    endloop
  endfacet
  facet normal -6.087614e-01 0.000000e+00 7.933533e-01
    outer loop
      vertex -2.018343e-02 1.280999e-02 2.018344e-02
      vertex -1.427184e-02 1.531000e-02 2.471956e-02
      vertex -2.018343e-02 1.531000e-02 2.018344e-02
    endloop
  endfacet
  facet normal 0.000000e+00 -1.000000e+00 0.000000e+00
    outer loop
      vertex -2.854369e-02 1.280999e-02 0.000000e+00
      vertex 1.427184e-02 1.280999e-02 -2.471956e-02
      vertex 1.427184e-02 1.280999e-02 2.471956e-02
    endloop
  endfacet
  facet normal -3.826834e-01 0.000000e+00 9.238795e-01
    outer loop
      vertex -1.427184e-02 1.280999e-02 2.471956e-02
      vertex -7.387649e-03 1.531000e-02 2.757109e-02
      vertex -1.427184e-02 1.531000e-02 2.471956e-02
    endloop
  endfacet
  facet normal -1.305262e-01 0.000000e+00 9.914449e-01
    outer loop
      vertex -7.387649e-03 1.280999e-02 2.757109e-02
      vertex 0.000000e+00 1.531000e-02 2.854369e-02
      vertex -7.387649e-03 1.531000e-02 2.757109e-02
    endloop
  endfacet
  facet normal 0.000000e+00 1.000000e+00 0.000000e+00
    outer loop
      vertex 2.757108e-02 1.531000e-02 -7.387649e-03
      vertex -2.018343e-02 1.531000e-02 -2.018343e-02
      vertex -7.387649e-03 1.531000e-02 2.757109e-02
    endloop
  endfacet
  facet normal 1.305261e-01 -0.000000e+00 9.914449e-01
    outer loop
      vertex 0.000000e+00 -1.531000e-02 2.854369e-02
      vertex 7.387653e-03 -1.281000e-02 2.757109e-02
      vertex 0.000000e+00 -1.281000e-02 2.854369e-02
    endloop
  endfacet
  facet normal 3.826838e-01 -0.000000e+00 9.238794e-01
    outer loop
      vertex 7.387653e-03 -1.531000e-02 2.757109e-02
      vertex 1.427184e-02 -1.281000e-02 2.471956e-02
      vertex 7.387653e-03 -1.281000e-02 2.757109e-02
    endloop
  endfacet
  facet normal 6.087610e-01 -0.000000e+00 7.933537e-01
    outer loop
      vertex 1.427184e-02 -1.531000e-02 2.471956e-02
      vertex 2.018344e-02 -1.281000e-02 2.018344e-02
      vertex 1.427184e-02 -1.281000e-02 2.471956e-02
    endloop
  endfacet
  facet normal 7.933534e-01 -0.000000e+00 6.087613e-01
    outer loop
      vertex 2.018344e-02 -1.531000e-02 2.018344e-02
      vertex 2.471956e-02 -1.281000e-02 1.427184e-02
      vertex 2.018344e-02 -1.281000e-02 2.018344e-02
    endloop
  endfacet
  facet normal 9.238797e-01 -0.000000e+00 3.826830e-01
    outer loop
      vertex 2.471956e-02 -1.531000e-02 1.427184e-02
      vertex 2.757108e-02 -1.281000e-02 7.387649e-03
      vertex 2.471956e-02 -1.281000e-02 1.427184e-02
    endloop
  endfacet
  facet normal 9.914448e-01 -0.000000e+00 1.305267e-01
    outer loop
      vertex 2.757108e-02 -1.531000e-02 7.387649e-03
      vertex 2.854369e-02 -1.281000e-02 0.000000e+00
      vertex 2.757108e-02 -1.281000e-02 7.387649e-03
    endloop
  endfacet
  facet normal 9.914448e-01 0.000000e+00 -1.305267e-01
    outer loop
      vertex 2.854369e-02 -1.531000e-02 0.000000e+00
      vertex 2.757108e-02 -1.281000e-02 -7.387649e-03
      vertex 2.854369e-02 -1.281000e-02 0.000000e+00
    endloop
  endfacet
  facet normal 9.238797e-01 0.000000e+00 -3.826829e-01
    outer loop
      vertex 2.757108e-02 -1.531000e-02 -7.387649e-03
      vertex 2.471956e-02 -1.281000e-02 -1.427185e-02
      vertex 2.757108e-02 -1.281000e-02 -7.387649e-03
    endloop
  endfacet
  facet normal 7.933533e-01 0.000000e+00 -6.087614e-01
    outer loop
      vertex 2.471956e-02 -1.531000e-02 -1.427185e-02
      vertex 2.018344e-02 -1.281000e-02 -2.018343e-02
      vertex 2.471956e-02 -1.281000e-02 -1.427185e-02
    endloop
  endfacet
  facet normal 6.087611e-01 0.000000e+00 -7.933536e-01
    outer loop
      vertex 2.018344e-02 -1.531000e-02 -2.018343e-02
      vertex 1.427184e-02 -1.281000e-02 -2.471956e-02
      vertex 2.018344e-02 -1.281000e-02 -2.018343e-02
    endloop
  endfacet
  facet normal 3.826838e-01 0.000000e+00 -9.238794e-01
    outer loop
      vertex 1.427184e-02 -1.531000e-02 -2.471956e-02
      vertex 7.387653e-03 -1.281000e-02 -2.757109e-02
      vertex 1.427184e-02 -1.281000e-02 -2.471956e-02
    endloop
  endfacet
  facet normal 1.305261e-01 0.000000e+00 -9.914449e-01
    outer loop
      vertex 7.387653e-03 -1.531000e-02 -2.757109e-02
      vertex 0.000000e+00 -1.281000e-02 -2.854369e-02
      vertex 7.387653e-03 -1.281000e-02 -2.757109e-02
    endloop
  endfacet
  facet normal -1.305262e-01 0.000000e+00 -9.914449e-01
    outer loop
      vertex 0.000000e+00 -1.531000e-02 -2.854369e-02
      vertex -7.387649e-03 -1.281000e-02 -2.757109e-02
      vertex 0.000000e+00 -1.281000e-02 -2.854369e-02
    endloop
  endfacet
  facet normal -3.826834e-01 0.000000e+00 -9.238795e-01
    outer loop
      vertex -7.387649e-03 -1.531000e-02 -2.757109e-02
      vertex -1.427184e-02 -1.281000e-02 -2.471956e-02
      vertex -7.387649e-03 -1.281000e-02 -2.757109e-02
    endloop
  endfacet
  facet normal -6.087617e-01 0.000000e+00 -7.933532e-01
    outer loop
      vertex -1.427184e-02 -1.531000e-02 -2.471956e-02
      vertex -2.018343e-02 -1.281000e-02 -2.018343e-02
      vertex -1.427184e-02 -1.281000e-02 -2.471956e-02
    endloop
  endfacet
  facet normal -7.933530e-01 0.000000e+00 -6.087618e-01
    outer loop
      vertex -2.018343e-02 -1.531000e-02 -2.018343e-02
      vertex -2.471956e-02 -1.281000e-02 -1.427185e-02
      vertex -2.018343e-02 -1.281000e-02 -2.018343e-02
    endloop
  endfacet
  facet normal -9.238797e-01 0.000000e+00 -3.826829e-01
    outer loop
      vertex -2.471956e-02 -1.531000e-02 -1.427185e-02
      vertex -2.757108e-02 -1.281000e-02 -7.387649e-03
      vertex -2.471956e-02 -1.281000e-02 -1.427185e-02
    endloop
  endfacet
  facet normal -9.914448e-01 0.000000e+00 -1.305267e-01
    outer loop
      vertex -2.757108e-02 -1.531000e-02 -7.387649e-03
      vertex -2.854369e-02 -1.281000e-02 0.000000e+00
      vertex -2.757108e-02 -1.281000e-02 -7.387649e-03
    endloop
  endfacet
  facet normal -9.914448e-01 0.000000e+00 1.305267e-01
    outer loop
      vertex -2.854369e-02 -1.531000e-02 0.000000e+00
      vertex -2.757108e-02 -1.281000e-02 7.387649e-03
      vertex -2.854369e-02 -1.281000e-02 0.000000e+00
    endloop
  endfacet
  facet normal -9.238797e-01 0.000000e+00 3.826830e-01
    outer loop
      vertex -2.757108e-02 -1.531000e-02 7.387649e-03
      vertex -2.471956e-02 -1.281000e-02 1.427184e-02
      vertex -2.757108e-02 -1.281000e-02 7.387649e-03
    endloop
  endfacet
  facet normal -7.933532e-01 0.000000e+00 6.087615e-01
    outer loop
      vertex -2.471956e-02 -1.531000e-02 1.427184e-02
      vertex -2.018343e-02 -1.281000e-02 2.018344e-02
      vertex -2.471956e-02 -1.281000e-02 1.427184e-02
    endloop
  endfacet
  facet normal -6.087614e-01 0.000000e+00 7.933533e-01
    outer loop
      vertex -2.018343e-02 -1.531000e-02 2.018344e-02
      vertex -1.427184e-02 -1.281000e-02 2.471956e-02
      vertex -2.018343e-02 -1.281000e-02 2.018344e-02
    endloop
  endfacet
  facet normal 0.000000e+00 -1.000000e+00 0.000000e+00
    outer loop
      vertex 1.427184e-02 -1.531000e-02 -2.471956e-02
      vertex 2.854369e-02 -1.531000e-02 0.000000e+00
      vertex 1.427184e-02 -1.531000e-02 2.471956e-02
    endloop
  endfacet
  facet normal -3.826834e-01 0.000000e+00 9.238795e-01
    outer loop
      vertex -1.427184e-02 -1.531000e-02 2.471956e-02
      vertex -7.387649e-03 -1.281000e-02 2.757109e-02
      vertex -1.427184e-02 -1.281000e-02 2.471956e-02
    endloop
  endfacet
  facet normal -1.305262e-01 0.000000e+00 9.914449e-01
    outer loop
      vertex -7.387649e-03 -1.531000e-02 2.757109e-02
      vertex 0.000000e+00 -1.281000e-02 2.854369e-02
      vertex -7.387649e-03 -1.281000e-02 2.757109e-02
    endloop
  endfacet
  facet normal 0.000000e+00 1.000000e+00 0.000000e+00
    outer loop
      vertex 2.757108e-02 -1.281000e-02 -7.387649e-03
      vertex -2.018343e-02 -1.281000e-02 -2.018343e-02
      vertex -7.387649e-03 -1.281000e-02 2.757109e-02
    endloop
  endfacet
  facet normal 9.813215e-01 -1.340047e-01 1.380255e-01
    outer loop
      vertex 3.000000e-02 -5.656853e-03 -5.492091e-03
      vertex 2.955657e-02 4.033260e-03 7.068392e-03
      vertex 2.955658e-02 -7.280447e-03 -3.915790e-03
    endloop
  endfacet
  facet normal 8.351773e-01 -3.831061e-01 3.945993e-01
    outer loop
      vertex 2.955658e-02 -7.280447e-03 -3.915790e-03
      vertex 2.829383e-02 2.656847e-03 8.404713e-03
      vertex 2.829383e-02 -8.656859e-03 -2.579469e-03
    endloop
  endfacet
  facet normal 5.611655e-01 -5.765625e-01 5.938595e-01
    outer loop
      vertex 2.829383e-02 -8.656859e-03 -2.579469e-03
      vertex 2.640398e-02 1.737162e-03 9.297617e-03
      vertex 2.640399e-02 -9.576544e-03 -1.686569e-03
    endloop
  endfacet
  facet normal 1.978403e-01 -6.828125e-01 7.032968e-01
    outer loop
      vertex 2.640399e-02 -9.576544e-03 -1.686569e-03
      vertex 2.417475e-02 1.414210e-03 9.611160e-03
      vertex 2.417476e-02 -9.899497e-03 -1.373025e-03
    endloop
  endfacet
  facet normal -1.978388e-01 -6.828128e-01 7.032968e-01
    outer loop
      vertex 2.417475e-02 1.414210e-03 9.611160e-03
      vertex 2.194554e-02 -9.576552e-03 -1.686569e-03
      vertex 2.417476e-02 -9.899497e-03 -1.373025e-03
    endloop
  endfacet
  facet normal -5.611674e-01 -5.765618e-01 5.938584e-01
    outer loop
      vertex 2.194553e-02 1.737162e-03 9.297617e-03
      vertex 2.005570e-02 -8.656859e-03 -2.579471e-03
      vertex 2.194554e-02 -9.576552e-03 -1.686569e-03
    endloop
  endfacet
  facet normal -8.351775e-01 -3.831061e-01 3.945988e-01
    outer loop
      vertex 2.005569e-02 2.656847e-03 8.404709e-03
      vertex 1.879294e-02 -7.280447e-03 -3.915794e-03
      vertex 2.005570e-02 -8.656859e-03 -2.579471e-03
    endloop
  endfacet
  facet normal -9.813215e-01 -1.340054e-01 1.380248e-01
    outer loop
      vertex 1.879293e-02 4.033260e-03 7.068392e-03
      vertex 1.834952e-02 -5.656853e-03 -5.492095e-03
      vertex 1.879294e-02 -7.280447e-03 -3.915794e-03
    endloop
  endfacet
  facet normal -9.813213e-01 1.340052e-01 -1.380260e-01
    outer loop
      vertex 1.834951e-02 5.656853e-03 5.492087e-03
      vertex 1.879294e-02 -4.033267e-03 -7.068392e-03
      vertex 1.834952e-02 -5.656853e-03 -5.492095e-03
    endloop
  endfacet
  facet normal -8.351773e-01 3.831058e-01 -3.945995e-01
    outer loop
      vertex 1.879293e-02 7.280439e-03 3.915790e-03
      vertex 2.005570e-02 -2.656855e-03 -8.404713e-03
      vertex 1.879294e-02 -4.033267e-03 -7.068392e-03
    endloop
  endfacet
  facet normal -5.611658e-01 5.765622e-01 -5.938594e-01
    outer loop
      vertex 2.005569e-02 8.656852e-03 2.579469e-03
      vertex 2.194554e-02 -1.737170e-03 -9.297615e-03
      vertex 2.005570e-02 -2.656855e-03 -8.404713e-03
    endloop
  endfacet
  facet normal -1.978413e-01 6.828123e-01 -7.032967e-01
    outer loop
      vertex 2.194553e-02 9.576537e-03 1.686569e-03
      vertex 2.417476e-02 -1.414217e-03 -9.611161e-03
      vertex 2.194554e-02 -1.737170e-03 -9.297615e-03
    endloop
  endfacet
  facet normal 1.978414e-01 6.828122e-01 -7.032968e-01
    outer loop
      vertex 2.417476e-02 -1.414217e-03 -9.611161e-03
      vertex 2.640398e-02 9.576544e-03 1.686569e-03
      vertex 2.640399e-02 -1.737170e-03 -9.297613e-03
    endloop
  endfacet
  facet normal 5.611659e-01 5.765624e-01 -5.938591e-01
    outer loop
      vertex 2.640399e-02 -1.737170e-03 -9.297613e-03
      vertex 2.829383e-02 8.656852e-03 2.579473e-03
      vertex 2.829383e-02 -2.656855e-03 -8.404711e-03
    endloop
  endfacet
  facet normal -3.283592e-07 6.965836e-01 7.174757e-01
    outer loop
      vertex 2.640398e-02 1.737162e-03 9.297617e-03
      vertex 2.829383e-02 2.656847e-03 8.404713e-03
      vertex 2.005569e-02 2.656847e-03 8.404709e-03
    endloop
  endfacet
  facet normal 8.351774e-01 3.831063e-01 -3.945988e-01
    outer loop
      vertex 2.829383e-02 -2.656855e-03 -8.404711e-03
      vertex 2.955657e-02 7.280439e-03 3.915794e-03
      vertex 2.955658e-02 -4.033267e-03 -7.068388e-03
    endloop
  endfacet
  facet normal 9.813213e-01 1.340055e-01 -1.380256e-01
    outer loop
      vertex 2.955658e-02 -4.033267e-03 -7.068388e-03
      vertex 3.000000e-02 5.656853e-03 5.492091e-03
      vertex 3.000000e-02 -5.656853e-03 -5.492091e-03
    endloop
  endfacet
  facet normal 2.997466e-07 -6.965821e-01 -7.174770e-01
    outer loop
      vertex 2.640399e-02 -1.737170e-03 -9.297613e-03
      vertex 2.829383e-02 -2.656855e-03 -8.404711e-03
      vertex 2.194554e-02 -1.737170e-03 -9.297615e-03
    endloop
  endfacet
  facet normal 5.962989e-01 -1.340071e-01 7.914984e-01
    outer loop
      vertex 2.509670e-02 -5.656861e-03 1.732971e-02
      vertex 1.590155e-02 4.033260e-03 2.589777e-02
      vertex 2.366854e-02 -7.280447e-03 1.813078e-02
    endloop
  endfacet
  facet normal 3.115362e-01 -3.831058e-01 8.695834e-01
    outer loop
      vertex 2.366854e-02 -7.280447e-03 1.813078e-02
      vertex 1.406373e-02 2.656847e-03 2.594978e-02
      vertex 2.183072e-02 -8.656859e-03 1.818280e-02
    endloop
  endfacet
  facet normal -2.311707e-02 -5.765616e-01 8.167266e-01
    outer loop
      vertex 2.183072e-02 -8.656859e-03 1.818280e-02
      vertex 1.209603e-02 1.737162e-03 2.524484e-02
      vertex 1.986302e-02 -9.576552e-03 1.747785e-02
    endloop
  endfacet
  facet normal -3.574114e-01 -6.828120e-01 6.372008e-01
    outer loop
      vertex 1.986302e-02 -9.576552e-03 1.747785e-02
      vertex 1.029802e-02 1.414210e-03 2.389025e-02
      vertex 1.806501e-02 -9.899504e-03 1.612326e-02
    endloop
  endfacet
  facet normal -6.372020e-01 -6.828117e-01 3.574099e-01
    outer loop
      vertex 1.029802e-02 1.414210e-03 2.389025e-02
      vertex 1.671042e-02 -9.576552e-03 1.432525e-02
      vertex 1.806501e-02 -9.899504e-03 1.612326e-02
    endloop
  endfacet
  facet normal -8.167257e-01 -5.765629e-01 2.311935e-02
    outer loop
      vertex 8.943431e-03 1.737162e-03 2.209224e-02
      vertex 1.600547e-02 -8.656859e-03 1.235755e-02
      vertex 1.671042e-02 -9.576552e-03 1.432525e-02
    endloop
  endfacet
  facet normal -8.695831e-01 -3.831042e-01 -3.115385e-01
    outer loop
      vertex 8.238479e-03 2.656847e-03 2.012454e-02
      vertex 1.605750e-02 -7.280447e-03 1.051973e-02
      vertex 1.600547e-02 -8.656859e-03 1.235755e-02
    endloop
  endfacet
  facet normal -7.914982e-01 -1.340067e-01 -5.962991e-01
    outer loop
      vertex 8.290507e-03 4.033260e-03 1.828672e-02
      vertex 1.685856e-02 -5.656853e-03 9.091567e-03
      vertex 1.605750e-02 -7.280447e-03 1.051973e-02
    endloop
  endfacet
  facet normal -5.963004e-01 1.340052e-01 -7.914976e-01
    outer loop
      vertex 9.091571e-03 5.656853e-03 1.685856e-02
      vertex 1.828671e-02 -4.033267e-03 8.290507e-03
      vertex 1.685856e-02 -5.656853e-03 9.091567e-03
    endloop
  endfacet
  facet normal -3.115346e-01 3.831069e-01 -8.695834e-01
    outer loop
      vertex 1.051973e-02 7.280439e-03 1.605750e-02
      vertex 2.012455e-02 -2.656862e-03 8.238483e-03
      vertex 1.828671e-02 -4.033267e-03 8.290507e-03
    endloop
  endfacet
  facet normal 2.311701e-02 5.765619e-01 -8.167264e-01
    outer loop
      vertex 1.235756e-02 8.656852e-03 1.600547e-02
      vertex 2.209224e-02 -1.737170e-03 8.943427e-03
      vertex 2.012455e-02 -2.656862e-03 8.238483e-03
    endloop
  endfacet
  facet normal 3.574123e-01 6.828122e-01 -6.372002e-01
    outer loop
      vertex 1.432526e-02 9.576544e-03 1.671042e-02
      vertex 2.389025e-02 -1.414217e-03 1.029802e-02
      vertex 2.209224e-02 -1.737170e-03 8.943427e-03
    endloop
  endfacet
  facet normal 6.371989e-01 6.828128e-01 -3.574133e-01
    outer loop
      vertex 2.389025e-02 -1.414217e-03 1.029802e-02
      vertex 1.747786e-02 9.576537e-03 1.986302e-02
      vertex 2.524485e-02 -1.737170e-03 1.209603e-02
    endloop
  endfacet
  facet normal 8.167273e-01 5.765608e-01 -2.311453e-02
    outer loop
      vertex 2.524485e-02 -1.737170e-03 1.209603e-02
      vertex 1.818279e-02 8.656852e-03 2.183072e-02
      vertex 2.594978e-02 -2.656862e-03 1.406373e-02
    endloop
  endfacet
  facet normal -5.073318e-01 6.965836e-01 5.073319e-01
    outer loop
      vertex 1.406373e-02 2.656847e-03 2.594978e-02
      vertex 8.943431e-03 1.737162e-03 2.209224e-02
      vertex 1.209603e-02 1.737162e-03 2.524484e-02
    endloop
  endfacet
  facet normal 8.695835e-01 3.831073e-01 3.115338e-01
    outer loop
      vertex 2.594978e-02 -2.656862e-03 1.406373e-02
      vertex 1.813078e-02 7.280439e-03 2.366854e-02
      vertex 2.589777e-02 -4.033275e-03 1.590155e-02
    endloop
  endfacet
  facet normal 7.914974e-01 1.340044e-01 5.963010e-01
    outer loop
      vertex 2.589777e-02 -4.033275e-03 1.590155e-02
      vertex 1.732972e-02 5.656853e-03 2.509670e-02
      vertex 2.509670e-02 -5.656861e-03 1.732971e-02
    endloop
  endfacet
  facet normal 5.073312e-01 -6.965837e-01 -5.073324e-01
    outer loop
      vertex 2.524485e-02 -1.737170e-03 1.209603e-02
      vertex 2.594978e-02 -2.656862e-03 1.406373e-02
      vertex 2.209224e-02 -1.737170e-03 8.943427e-03
    endloop
  endfacet
  facet normal -1.380264e-01 -1.340063e-01 9.813210e-01
    outer loop
      vertex 5.492091e-03 -5.656853e-03 3.000000e-02
      vertex -7.068388e-03 4.033260e-03 2.955658e-02
      vertex 3.915794e-03 -7.280447e-03 2.955658e-02
    endloop
  endfacet
  facet normal -3.945978e-01 -3.831046e-01 8.351787e-01
    outer loop
      vertex 3.915794e-03 -7.280447e-03 2.955658e-02
      vertex -8.404713e-03 2.656847e-03 2.829383e-02
      vertex 2.579466e-03 -8.656859e-03 2.829383e-02
    endloop
  endfacet
  facet normal -5.938597e-01 -5.765629e-01 5.611647e-01
    outer loop
      vertex 2.579466e-03 -8.656859e-03 2.829383e-02
      vertex -9.297617e-03 1.737162e-03 2.640398e-02
      vertex 1.686573e-03 -9.576552e-03 2.640398e-02
    endloop
  endfacet
  facet normal -7.032967e-01 -6.828120e-01 1.978423e-01
    outer loop
      vertex 1.686573e-03 -9.576552e-03 2.640398e-02
      vertex -9.611160e-03 1.414210e-03 2.417476e-02
      vertex 1.373023e-03 -9.899504e-03 2.417476e-02
    endloop
  endfacet
  facet normal -7.032967e-01 -6.828119e-01 -1.978429e-01
    outer loop
      vertex -9.611160e-03 1.414210e-03 2.417476e-02
      vertex 1.686573e-03 -9.576552e-03 2.194554e-02
      vertex 1.373023e-03 -9.899504e-03 2.417476e-02
    endloop
  endfacet
  facet normal -5.938601e-01 -5.765633e-01 -5.611639e-01
    outer loop
      vertex -9.297617e-03 1.737162e-03 2.194554e-02
      vertex 2.579466e-03 -8.656859e-03 2.005569e-02
      vertex 1.686573e-03 -9.576552e-03 2.194554e-02
    endloop
  endfacet
  facet normal -3.945987e-01 -3.831054e-01 -8.351778e-01
    outer loop
      vertex -8.404713e-03 2.656847e-03 2.005569e-02
      vertex 3.915794e-03 -7.280447e-03 1.879293e-02
      vertex 2.579466e-03 -8.656859e-03 2.005569e-02
    endloop
  endfacet
  facet normal -1.380253e-01 -1.340052e-01 -9.813213e-01
    outer loop
      vertex -7.068388e-03 4.033260e-03 1.879293e-02
      vertex 5.492091e-03 -5.656853e-03 1.834951e-02
      vertex 3.915794e-03 -7.280447e-03 1.879293e-02
    endloop
  endfacet
  facet normal 1.380256e-01 1.340055e-01 -9.813213e-01
    outer loop
      vertex -5.492091e-03 5.656853e-03 1.834951e-02
      vertex 7.068388e-03 -4.033267e-03 1.879293e-02
      vertex 5.492091e-03 -5.656853e-03 1.834951e-02
    endloop
  endfacet
  facet normal 3.945994e-01 3.831059e-01 -8.351773e-01
    outer loop
      vertex -3.915787e-03 7.280439e-03 1.879293e-02
      vertex 8.404709e-03 -2.656855e-03 2.005569e-02
      vertex 7.068388e-03 -4.033267e-03 1.879293e-02
    endloop
  endfacet
  facet normal 5.938596e-01 5.765623e-01 -5.611655e-01
    outer loop
      vertex -2.579466e-03 8.656852e-03 2.005569e-02
      vertex 9.297617e-03 -1.737170e-03 2.194554e-02
      vertex 8.404709e-03 -2.656855e-03 2.005569e-02
    endloop
  endfacet
  facet normal 7.032967e-01 6.828125e-01 -1.978404e-01
    outer loop
      vertex -1.686566e-03 9.576537e-03 2.194554e-02
      vertex 9.611160e-03 -1.414217e-03 2.417476e-02
      vertex 9.297617e-03 -1.737170e-03 2.194554e-02
    endloop
  endfacet
  facet normal 7.032968e-01 6.828125e-01 1.978400e-01
    outer loop
      vertex 9.611160e-03 -1.414217e-03 2.417476e-02
      vertex -1.686566e-03 9.576537e-03 2.640398e-02
      vertex 9.297617e-03 -1.737170e-03 2.640398e-02
    endloop
  endfacet
  facet normal 5.938592e-01 5.765620e-01 5.611663e-01
    outer loop
      vertex 9.297617e-03 -1.737170e-03 2.640398e-02
      vertex -2.579466e-03 8.656852e-03 2.829383e-02
      vertex 8.404709e-03 -2.656855e-03 2.829383e-02
    endloop
  endfacet
  facet normal -7.174760e-01 6.965832e-01 0.000000e+00
    outer loop
      vertex -8.404713e-03 2.656847e-03 2.829383e-02
      vertex -9.297617e-03 1.737162e-03 2.194554e-02
      vertex -9.297617e-03 1.737162e-03 2.640398e-02
    endloop
  endfacet
  facet normal 3.945986e-01 3.831052e-01 8.351780e-01
    outer loop
      vertex 8.404709e-03 -2.656855e-03 2.829383e-02
      vertex -3.915787e-03 7.280439e-03 2.955658e-02
      vertex 7.068388e-03 -4.033267e-03 2.955658e-02
    endloop
  endfacet
  facet normal 1.380268e-01 1.340066e-01 9.813210e-01
    outer loop
      vertex 7.068388e-03 -4.033267e-03 2.955658e-02
      vertex -5.492091e-03 5.656853e-03 3.000000e-02
      vertex 5.492091e-03 -5.656853e-03 3.000000e-02
    endloop
  endfacet
  facet normal 7.174746e-01 -6.965846e-01 0.000000e+00
    outer loop
      vertex 9.297617e-03 -1.737170e-03 2.640398e-02
      vertex 8.404709e-03 -2.656855e-03 2.829383e-02
      vertex 9.297617e-03 -1.737170e-03 2.194554e-02
    endloop
  endfacet
  facet normal -7.914969e-01 -1.340036e-01 5.963016e-01
    outer loop
      vertex -1.732971e-02 -5.656853e-03 2.509670e-02
      vertex -2.589776e-02 4.033260e-03 1.590155e-02
      vertex -1.813078e-02 -7.280447e-03 2.366854e-02
    endloop
  endfacet
  facet normal -8.695833e-01 -3.831073e-01 3.115343e-01
    outer loop
      vertex -1.813078e-02 -7.280447e-03 2.366854e-02
      vertex -2.594978e-02 2.656847e-03 1.406373e-02
      vertex -1.818279e-02 -8.656859e-03 2.183072e-02
    endloop
  endfacet
  facet normal -8.167269e-01 -5.765612e-01 -2.311581e-02
    outer loop
      vertex -1.818279e-02 -8.656859e-03 2.183072e-02
      vertex -2.524484e-02 1.737162e-03 1.209603e-02
      vertex -1.747785e-02 -9.576552e-03 1.986302e-02
    endloop
  endfacet
  facet normal -6.371999e-01 -6.828124e-01 -3.574122e-01
    outer loop
      vertex -1.747785e-02 -9.576552e-03 1.986302e-02
      vertex -2.389025e-02 1.414210e-03 1.029802e-02
      vertex -1.612326e-02 -9.899504e-03 1.806501e-02
    endloop
  endfacet
  facet normal -3.574126e-01 -6.828125e-01 -6.371996e-01
    outer loop
      vertex -2.389025e-02 1.414210e-03 1.029802e-02
      vertex -1.432525e-02 -9.576552e-03 1.671042e-02
      vertex -1.612326e-02 -9.899504e-03 1.806501e-02
    endloop
  endfacet
  facet normal -2.311812e-02 -5.765624e-01 -8.167259e-01
    outer loop
      vertex -2.209224e-02 1.737162e-03 8.943427e-03
      vertex -1.235755e-02 -8.656859e-03 1.600547e-02
      vertex -1.432525e-02 -9.576552e-03 1.671042e-02
    endloop
  endfacet
  facet normal 3.115368e-01 -3.831051e-01 -8.695834e-01
    outer loop
      vertex -2.012454e-02 2.656847e-03 8.238483e-03
      vertex -1.051973e-02 -7.280447e-03 1.605750e-02
      vertex -1.235755e-02 -8.656859e-03 1.600547e-02
    endloop
  endfacet
  facet normal 5.962999e-01 -1.340055e-01 -7.914979e-01
    outer loop
      vertex -1.828672e-02 4.033260e-03 8.290507e-03
      vertex -9.091571e-03 -5.656861e-03 1.685856e-02
      vertex -1.051973e-02 -7.280447e-03 1.605750e-02
    endloop
  endfacet
  facet normal 7.914974e-01 1.340045e-01 -5.963007e-01
    outer loop
      vertex -1.685856e-02 5.656853e-03 9.091567e-03
      vertex -8.290503e-03 -4.033275e-03 1.828672e-02
      vertex -9.091571e-03 -5.656861e-03 1.685856e-02
    endloop
  endfacet
  facet normal 8.695832e-01 3.831064e-01 -3.115355e-01
    outer loop
      vertex -1.605750e-02 7.280439e-03 1.051973e-02
      vertex -8.238483e-03 -2.656862e-03 2.012454e-02
      vertex -8.290503e-03 -4.033275e-03 1.828672e-02
    endloop
  endfacet
  facet normal 8.167264e-01 5.765617e-01 2.311695e-02
    outer loop
      vertex -1.600547e-02 8.656852e-03 1.235755e-02
      vertex -8.943427e-03 -1.737170e-03 2.209224e-02
      vertex -8.238483e-03 -2.656862e-03 2.012454e-02
    endloop
  endfacet
  facet normal 6.371996e-01 6.828125e-01 3.574125e-01
    outer loop
      vertex -1.671042e-02 9.576537e-03 1.432525e-02
      vertex -1.029802e-02 -1.414217e-03 2.389025e-02
      vertex -8.943427e-03 -1.737170e-03 2.209224e-02
    endloop
  endfacet
  facet normal 3.574111e-01 6.828119e-01 6.372012e-01
    outer loop
      vertex -1.029802e-02 -1.414217e-03 2.389025e-02
      vertex -1.986301e-02 9.576544e-03 1.747785e-02
      vertex -1.209603e-02 -1.737170e-03 2.524484e-02
    endloop
  endfacet
  facet normal 2.311817e-02 5.765623e-01 8.167261e-01
    outer loop
      vertex -1.209603e-02 -1.737170e-03 2.524484e-02
      vertex -2.183071e-02 8.656852e-03 1.818280e-02
      vertex -1.406372e-02 -2.656862e-03 2.594978e-02
    endloop
  endfacet
  facet normal -5.073318e-01 6.965836e-01 -5.073318e-01
    outer loop
      vertex -2.594978e-02 2.656847e-03 1.406373e-02
      vertex -2.209224e-02 1.737162e-03 8.943427e-03
      vertex -2.524484e-02 1.737162e-03 1.209603e-02
    endloop
  endfacet
  facet normal -3.115333e-01 3.831081e-01 8.695833e-01
    outer loop
      vertex -1.406372e-02 -2.656862e-03 2.594978e-02
      vertex -2.366854e-02 7.280439e-03 1.813078e-02
      vertex -1.590155e-02 -4.033267e-03 2.589777e-02
    endloop
  endfacet
  facet normal -5.963016e-01 1.340037e-01 7.914971e-01
    outer loop
      vertex -1.590155e-02 -4.033267e-03 2.589777e-02
      vertex -2.509670e-02 5.656853e-03 1.732971e-02
      vertex -1.732971e-02 -5.656853e-03 2.509670e-02
    endloop
  endfacet
  facet normal 5.073361e-01 -6.965767e-01 5.073373e-01
    outer loop
      vertex -1.209603e-02 -1.737170e-03 2.524484e-02
      vertex -1.406372e-02 -2.656862e-03 2.594978e-02
      vertex -8.943427e-03 -1.737170e-03 2.209224e-02
    endloop
  endfacet
  facet normal -9.813210e-01 -1.340066e-01 -1.380261e-01
    outer loop
      vertex -3.000000e-02 -5.656853e-03 5.492091e-03
      vertex -2.955658e-02 4.033260e-03 -7.068388e-03
      vertex -2.955657e-02 -7.280447e-03 3.915794e-03
    endloop
  endfacet
  facet normal -8.351789e-01 -3.831048e-01 -3.945975e-01
    outer loop
      vertex -2.955657e-02 -7.280447e-03 3.915794e-03
      vertex -2.829383e-02 2.656847e-03 -8.404711e-03
      vertex -2.829383e-02 -8.656859e-03 2.579473e-03
    endloop
  endfacet
  facet normal -5.611663e-01 -5.765622e-01 -5.938590e-01
    outer loop
      vertex -2.829383e-02 -8.656859e-03 2.579473e-03
      vertex -2.640399e-02 1.737162e-03 -9.297613e-03
      vertex -2.640398e-02 -9.576552e-03 1.686569e-03
    endloop
  endfacet
  facet normal -1.978390e-01 -6.828129e-01 -7.032968e-01
    outer loop
      vertex -2.640398e-02 -9.576552e-03 1.686569e-03
      vertex -2.417476e-02 1.414210e-03 -9.611161e-03
      vertex -2.417475e-02 -9.899497e-03 1.373023e-03
    endloop
  endfacet
  facet normal 1.978410e-01 -6.828123e-01 -7.032967e-01
    outer loop
      vertex -2.417476e-02 1.414210e-03 -9.611161e-03
      vertex -2.194553e-02 -9.576544e-03 1.686569e-03
      vertex -2.417475e-02 -9.899497e-03 1.373023e-03
    endloop
  endfacet
  facet normal 5.611653e-01 -5.765626e-01 -5.938595e-01
    outer loop
      vertex -2.194553e-02 1.737162e-03 -9.297615e-03
      vertex -2.005569e-02 -8.656859e-03 2.579469e-03
      vertex -2.194553e-02 -9.576544e-03 1.686569e-03
    endloop
  endfacet
  facet normal 8.351765e-01 -3.831068e-01 -3.946002e-01
    outer loop
      vertex -2.005569e-02 2.656847e-03 -8.404713e-03
      vertex -1.879293e-02 -7.280447e-03 3.915790e-03
      vertex -2.005569e-02 -8.656859e-03 2.579469e-03
    endloop
  endfacet
  facet normal 9.813213e-01 -1.340049e-01 -1.380257e-01
    outer loop
      vertex -1.879294e-02 4.033260e-03 -7.068392e-03
      vertex -1.834951e-02 -5.656853e-03 5.492087e-03
      vertex -1.879293e-02 -7.280447e-03 3.915790e-03
    endloop
  endfacet
  facet normal 9.813215e-01 1.340055e-01 1.380250e-01
    outer loop
      vertex -1.834952e-02 5.656853e-03 -5.492093e-03
      vertex -1.879293e-02 -4.033267e-03 7.068392e-03
      vertex -1.834951e-02 -5.656853e-03 5.492087e-03
    endloop
  endfacet
  facet normal 8.351762e-01 3.831076e-01 3.946001e-01
    outer loop
      vertex -1.879294e-02 7.280439e-03 -3.915794e-03
      vertex -2.005569e-02 -2.656855e-03 8.404709e-03
      vertex -1.879293e-02 -4.033267e-03 7.068392e-03
    endloop
  endfacet
  facet normal 5.611677e-01 5.765616e-01 5.938582e-01
    outer loop
      vertex -2.005569e-02 8.656852e-03 -2.579471e-03
      vertex -2.194552e-02 -1.737170e-03 9.297617e-03
      vertex -2.005569e-02 -2.656855e-03 8.404709e-03
    endloop
  endfacet
  facet normal 1.978399e-01 6.828125e-01 7.032969e-01
    outer loop
      vertex -2.194553e-02 9.576544e-03 -1.686569e-03
      vertex -2.417475e-02 -1.414217e-03 9.611160e-03
      vertex -2.194552e-02 -1.737170e-03 9.297617e-03
    endloop
  endfacet
  facet normal -1.978400e-01 6.828125e-01 7.032968e-01
    outer loop
      vertex -2.417475e-02 -1.414217e-03 9.611160e-03
      vertex -2.640399e-02 9.576537e-03 -1.686567e-03
      vertex -2.640398e-02 -1.737170e-03 9.297617e-03
    endloop
  endfacet
  facet normal -5.611647e-01 5.765628e-01 5.938599e-01
    outer loop
      vertex -2.640398e-02 -1.737170e-03 9.297617e-03
      vertex -2.829383e-02 8.656852e-03 -2.579467e-03
      vertex -2.829383e-02 -2.656855e-03 8.404713e-03
    endloop
  endfacet
  facet normal -1.614884e-07 6.965823e-01 -7.174768e-01
    outer loop
      vertex -2.640399e-02 1.737162e-03 -9.297613e-03
      vertex -2.829383e-02 2.656847e-03 -8.404711e-03
      vertex -2.005569e-02 2.656847e-03 -8.404713e-03
    endloop
  endfacet
  facet normal -8.351788e-01 3.831043e-01 3.945979e-01
    outer loop
      vertex -2.829383e-02 -2.656855e-03 8.404713e-03
      vertex -2.955658e-02 7.280439e-03 -3.915790e-03
      vertex -2.955657e-02 -4.033267e-03 7.068392e-03
    endloop
  endfacet
  facet normal -9.813210e-01 1.340062e-01 1.380268e-01
    outer loop
      vertex -2.955657e-02 -4.033267e-03 7.068392e-03
      vertex -3.000000e-02 5.656853e-03 -5.492087e-03
      vertex -3.000000e-02 -5.656853e-03 5.492091e-03
    endloop
  endfacet
  facet normal 0.000000e+00 -6.965832e-01 7.174761e-01
    outer loop
      vertex -2.640398e-02 -1.737170e-03 9.297617e-03
      vertex -2.829383e-02 -2.656855e-03 8.404713e-03
      vertex -2.194552e-02 -1.737170e-03 9.297617e-03
    endloop
  endfacet
  facet normal -5.963017e-01 -1.340037e-01 -7.914969e-01
    outer loop
      vertex -2.509670e-02 -5.656853e-03 -1.732971e-02
      vertex -1.590155e-02 4.033260e-03 -2.589777e-02
      vertex -2.366854e-02 -7.280447e-03 -1.813078e-02
    endloop
  endfacet
  facet normal -3.115353e-01 -3.831063e-01 -8.695834e-01
    outer loop
      vertex -2.366854e-02 -7.280447e-03 -1.813078e-02
      vertex -1.406372e-02 2.656847e-03 -2.594978e-02
      vertex -2.183072e-02 -8.656859e-03 -1.818280e-02
    endloop
  endfacet
  facet normal 2.311845e-02 -5.765626e-01 -8.167259e-01
    outer loop
      vertex -2.183072e-02 -8.656859e-03 -1.818280e-02
      vertex -1.209603e-02 1.737162e-03 -2.524484e-02
      vertex -1.986301e-02 -9.576544e-03 -1.747785e-02
    endloop
  endfacet
  facet normal 3.574121e-01 -6.828124e-01 -6.371999e-01
    outer loop
      vertex -1.986301e-02 -9.576544e-03 -1.747785e-02
      vertex -1.029802e-02 1.414210e-03 -2.389025e-02
      vertex -1.806501e-02 -9.899497e-03 -1.612326e-02
    endloop
  endfacet
  facet normal 6.372005e-01 -6.828123e-01 -3.574115e-01
    outer loop
      vertex -1.029802e-02 1.414210e-03 -2.389025e-02
      vertex -1.671042e-02 -9.576544e-03 -1.432525e-02
      vertex -1.806501e-02 -9.899497e-03 -1.612326e-02
    endloop
  endfacet
  facet normal 8.167257e-01 -5.765627e-01 -2.311838e-02
    outer loop
      vertex -8.943427e-03 1.737162e-03 -2.209224e-02
      vertex -1.600548e-02 -8.656859e-03 -1.235755e-02
      vertex -1.671042e-02 -9.576544e-03 -1.432525e-02
    endloop
  endfacet
  facet normal 8.695834e-01 -3.831061e-01 3.115358e-01
    outer loop
      vertex -8.238483e-03 2.656847e-03 -2.012454e-02
      vertex -1.605750e-02 -7.280447e-03 -1.051973e-02
      vertex -1.600548e-02 -8.656859e-03 -1.235755e-02
    endloop
  endfacet
  facet normal 7.914976e-01 -1.340054e-01 5.963003e-01
    outer loop
      vertex -8.290503e-03 4.033260e-03 -1.828672e-02
      vertex -1.685856e-02 -5.656853e-03 -9.091571e-03
      vertex -1.605750e-02 -7.280447e-03 -1.051973e-02
    endloop
  endfacet
  facet normal 5.963002e-01 1.340050e-01 7.914977e-01
    outer loop
      vertex -9.091567e-03 5.656853e-03 -1.685856e-02
      vertex -1.828672e-02 -4.033267e-03 -8.290505e-03
      vertex -1.685856e-02 -5.656853e-03 -9.091571e-03
    endloop
  endfacet
  facet normal 3.115358e-01 3.831058e-01 8.695834e-01
    outer loop
      vertex -1.051972e-02 7.280439e-03 -1.605750e-02
      vertex -2.012454e-02 -2.656855e-03 -8.238483e-03
      vertex -1.828672e-02 -4.033267e-03 -8.290505e-03
    endloop
  endfacet
  facet normal -2.311843e-02 5.765628e-01 8.167257e-01
    outer loop
      vertex -1.235755e-02 8.656852e-03 -1.600547e-02
      vertex -2.209224e-02 -1.737170e-03 -8.943427e-03
      vertex -2.012454e-02 -2.656855e-03 -8.238483e-03
    endloop
  endfacet
  facet normal -3.574109e-01 6.828120e-01 6.372011e-01
    outer loop
      vertex -1.432525e-02 9.576544e-03 -1.671042e-02
      vertex -2.389025e-02 -1.414217e-03 -1.029802e-02
      vertex -2.209224e-02 -1.737170e-03 -8.943427e-03
    endloop
  endfacet
  facet normal -6.372011e-01 6.828121e-01 3.574107e-01
    outer loop
      vertex -2.389025e-02 -1.414217e-03 -1.029802e-02
      vertex -1.747785e-02 9.576544e-03 -1.986302e-02
      vertex -2.524484e-02 -1.737170e-03 -1.209603e-02
    endloop
  endfacet
  facet normal -8.167257e-01 5.765628e-01 2.311837e-02
    outer loop
      vertex -2.524484e-02 -1.737170e-03 -1.209603e-02
      vertex -1.818279e-02 8.656852e-03 -2.183072e-02
      vertex -2.594978e-02 -2.656855e-03 -1.406373e-02
    endloop
  endfacet
  facet normal 5.073333e-01 6.965811e-01 -5.073339e-01
    outer loop
      vertex -1.406372e-02 2.656847e-03 -2.594978e-02
      vertex -8.943427e-03 1.737162e-03 -2.209224e-02
      vertex -1.209603e-02 1.737162e-03 -2.524484e-02
    endloop
  endfacet
  facet normal -8.695832e-01 3.831072e-01 -3.115348e-01
    outer loop
      vertex -2.594978e-02 -2.656855e-03 -1.406373e-02
      vertex -1.813077e-02 7.280439e-03 -2.366854e-02
      vertex -2.589777e-02 -4.033267e-03 -1.590155e-02
    endloop
  endfacet
  facet normal -7.914968e-01 1.340040e-01 -5.963017e-01
    outer loop
      vertex -2.589777e-02 -4.033267e-03 -1.590155e-02
      vertex -1.732970e-02 5.656853e-03 -2.509670e-02
      vertex -2.509670e-02 -5.656853e-03 -1.732971e-02
    endloop
  endfacet
  facet normal -5.073319e-01 -6.965834e-01 5.073322e-01
    outer loop
      vertex -2.524484e-02 -1.737170e-03 -1.209603e-02
      vertex -2.594978e-02 -2.656855e-03 -1.406373e-02
      vertex -2.209224e-02 -1.737170e-03 -8.943427e-03
    endloop
  endfacet
  facet normal 1.380253e-01 -1.340049e-01 -9.813215e-01
    outer loop
      vertex -5.492087e-03 -5.656853e-03 -3.000000e-02
      vertex 7.068388e-03 4.033267e-03 -2.955658e-02
      vertex -3.915787e-03 -7.280447e-03 -2.955658e-02
    endloop
  endfacet
  facet normal 3.945992e-01 -3.831054e-01 -8.351776e-01
    outer loop
      vertex -3.915787e-03 -7.280447e-03 -2.955658e-02
      vertex 8.404709e-03 2.656855e-03 -2.829382e-02
      vertex -2.579466e-03 -8.656859e-03 -2.829383e-02
    endloop
  endfacet
  facet normal 5.938591e-01 -5.765620e-01 -5.611663e-01
    outer loop
      vertex -2.579466e-03 -8.656859e-03 -2.829383e-02
      vertex 9.297617e-03 1.737162e-03 -2.640398e-02
      vertex -1.686566e-03 -9.576552e-03 -2.640398e-02
    endloop
  endfacet
  facet normal 7.032971e-01 -6.828123e-01 -1.978400e-01
    outer loop
      vertex -1.686566e-03 -9.576552e-03 -2.640398e-02
      vertex 9.611160e-03 1.414210e-03 -2.417476e-02
      vertex -1.373023e-03 -9.899504e-03 -2.417476e-02
    endloop
  endfacet
  facet normal 7.032970e-01 -6.828123e-01 1.978404e-01
    outer loop
      vertex 9.611160e-03 1.414210e-03 -2.417476e-02
      vertex -1.686566e-03 -9.576552e-03 -2.194553e-02
      vertex -1.373023e-03 -9.899504e-03 -2.417476e-02
    endloop
  endfacet
  facet normal 5.938593e-01 -5.765622e-01 5.611659e-01
    outer loop
      vertex 9.297617e-03 1.737162e-03 -2.194553e-02
      vertex -2.579466e-03 -8.656859e-03 -2.005569e-02
      vertex -1.686566e-03 -9.576552e-03 -2.194553e-02
    endloop
  endfacet
  facet normal 3.945996e-01 -3.831059e-01 8.351772e-01
    outer loop
      vertex 8.404709e-03 2.656855e-03 -2.005569e-02
      vertex -3.915787e-03 -7.280447e-03 -1.879293e-02
      vertex -2.579466e-03 -8.656859e-03 -2.005569e-02
    endloop
  endfacet
  facet normal 1.380251e-01 -1.340051e-01 9.813214e-01
    outer loop
      vertex 7.068388e-03 4.033260e-03 -1.879293e-02
      vertex -5.492087e-03 -5.656853e-03 -1.834951e-02
      vertex -3.915787e-03 -7.280447e-03 -1.879293e-02
    endloop
  endfacet
  facet normal -1.380255e-01 1.340053e-01 9.813213e-01
    outer loop
      vertex 5.492091e-03 5.656853e-03 -1.834951e-02
      vertex -7.068388e-03 -4.033267e-03 -1.879293e-02
      vertex -5.492087e-03 -5.656853e-03 -1.834951e-02
    endloop
  endfacet
  facet normal -3.945991e-01 3.831058e-01 8.351775e-01
    outer loop
      vertex 3.915794e-03 7.280439e-03 -1.879293e-02
      vertex -8.404713e-03 -2.656855e-03 -2.005569e-02
      vertex -7.068388e-03 -4.033267e-03 -1.879293e-02
    endloop
  endfacet
  facet normal -5.938595e-01 5.765625e-01 5.611655e-01
    outer loop
      vertex 2.579466e-03 8.656852e-03 -2.005569e-02
      vertex -9.297617e-03 -1.737170e-03 -2.194553e-02
      vertex -8.404713e-03 -2.656855e-03 -2.005569e-02
    endloop
  endfacet
  facet normal -7.032968e-01 6.828124e-01 1.978403e-01
    outer loop
      vertex 1.686573e-03 9.576544e-03 -2.194553e-02
      vertex -9.611160e-03 -1.414217e-03 -2.417476e-02
      vertex -9.297617e-03 -1.737170e-03 -2.194553e-02
    endloop
  endfacet
  facet normal -7.032968e-01 6.828126e-01 -1.978399e-01
    outer loop
      vertex -9.611160e-03 -1.414217e-03 -2.417476e-02
      vertex 1.686573e-03 9.576544e-03 -2.640398e-02
      vertex -9.297617e-03 -1.737170e-03 -2.640398e-02
    endloop
  endfacet
  facet normal -5.938595e-01 5.765620e-01 -5.611659e-01
    outer loop
      vertex -9.297617e-03 -1.737170e-03 -2.640398e-02
      vertex 2.579466e-03 8.656859e-03 -2.829382e-02
      vertex -8.404713e-03 -2.656855e-03 -2.829382e-02
    endloop
  endfacet
  facet normal 7.174774e-01 6.965818e-01 0.000000e+00
    outer loop
      vertex 8.404709e-03 2.656855e-03 -2.829382e-02
      vertex 9.297617e-03 1.737162e-03 -2.194553e-02
      vertex 9.297617e-03 1.737162e-03 -2.640398e-02
    endloop
  endfacet
  facet normal -3.945991e-01 3.831056e-01 -8.351776e-01
    outer loop
      vertex -8.404713e-03 -2.656855e-03 -2.829382e-02
      vertex 3.915787e-03 7.280447e-03 -2.955658e-02
      vertex -7.068388e-03 -4.033267e-03 -2.955658e-02
    endloop
  endfacet
  facet normal -1.380255e-01 1.340052e-01 -9.813213e-01
    outer loop
      vertex -7.068388e-03 -4.033267e-03 -2.955658e-02
      vertex 5.492091e-03 5.656861e-03 -3.000000e-02
      vertex -5.492087e-03 -5.656853e-03 -3.000000e-02
    endloop
  endfacet
  facet normal -7.174760e-01 -6.965832e-01 0.000000e+00
    outer loop
      vertex -9.297617e-03 -1.737170e-03 -2.640398e-02
      vertex -8.404713e-03 -2.656855e-03 -2.829382e-02
      vertex -9.297617e-03 -1.737170e-03 -2.194553e-02
    endloop
  endfacet
  facet normal 7.914975e-01 -1.340057e-01 -5.963005e-01
    outer loop
      vertex 1.732971e-02 -5.656853e-03 -2.509670e-02
      vertex 2.589777e-02 4.033260e-03 -1.590155e-02
      vertex 1.813077e-02 -7.280447e-03 -2.366854e-02
    endloop
  endfacet
  facet normal 8.695832e-01 -3.831062e-01 -3.115359e-01
    outer loop
      vertex 1.813077e-02 -7.280447e-03 -2.366854e-02
      vertex 2.594978e-02 2.656847e-03 -1.406373e-02
      vertex 1.818279e-02 -8.656859e-03 -2.183072e-02
    endloop
  endfacet
  facet normal 8.167256e-01 -5.765631e-01 2.311819e-02
    outer loop
      vertex 1.818279e-02 -8.656859e-03 -2.183072e-02
      vertex 2.524485e-02 1.737162e-03 -1.209603e-02
      vertex 1.747785e-02 -9.576544e-03 -1.986302e-02
    endloop
  endfacet
  facet normal 6.372015e-01 -6.828120e-01 3.574100e-01
    outer loop
      vertex 1.747785e-02 -9.576544e-03 -1.986302e-02
      vertex 2.389025e-02 1.414210e-03 -1.029802e-02
      vertex 1.612327e-02 -9.899497e-03 -1.806501e-02
    endloop
  endfacet
  facet normal 3.574106e-01 -6.828123e-01 6.372009e-01
    outer loop
      vertex 2.389025e-02 1.414210e-03 -1.029802e-02
      vertex 1.432525e-02 -9.576544e-03 -1.671042e-02
      vertex 1.612327e-02 -9.899497e-03 -1.806501e-02
    endloop
  endfacet
  facet normal 2.311906e-02 -5.765629e-01 8.167256e-01
    outer loop
      vertex 2.209224e-02 1.737162e-03 -8.943427e-03
      vertex 1.235756e-02 -8.656859e-03 -1.600547e-02
      vertex 1.432525e-02 -9.576544e-03 -1.671042e-02
    endloop
  endfacet
  facet normal -3.115364e-01 -3.831054e-01 8.695834e-01
    outer loop
      vertex 2.012455e-02 2.656847e-03 -8.238483e-03
      vertex 1.051973e-02 -7.280447e-03 -1.605750e-02
      vertex 1.235756e-02 -8.656859e-03 -1.600547e-02
    endloop
  endfacet
  facet normal -5.963003e-01 -1.340054e-01 7.914976e-01
    outer loop
      vertex 1.828671e-02 4.033260e-03 -8.290505e-03
      vertex 9.091571e-03 -5.656853e-03 -1.685856e-02
      vertex 1.051973e-02 -7.280447e-03 -1.605750e-02
    endloop
  endfacet
  facet normal -7.914978e-01 1.340056e-01 5.963000e-01
    outer loop
      vertex 1.685856e-02 5.656853e-03 -9.091571e-03
      vertex 8.290507e-03 -4.033267e-03 -1.828672e-02
      vertex 9.091571e-03 -5.656853e-03 -1.685856e-02
    endloop
  endfacet
  facet normal -8.695832e-01 3.831049e-01 3.115378e-01
    outer loop
      vertex 1.605750e-02 7.280439e-03 -1.051973e-02
      vertex 8.238479e-03 -2.656855e-03 -2.012454e-02
      vertex 8.290507e-03 -4.033267e-03 -1.828672e-02
    endloop
  endfacet
  facet normal -8.167248e-01 5.765641e-01 -2.312039e-02
    outer loop
      vertex 1.600548e-02 8.656852e-03 -1.235755e-02
      vertex 8.943431e-03 -1.737170e-03 -2.209224e-02
      vertex 8.238479e-03 -2.656855e-03 -2.012454e-02
    endloop
  endfacet
  facet normal -6.372003e-01 6.828123e-01 -3.574117e-01
    outer loop
      vertex 1.671042e-02 9.576544e-03 -1.432525e-02
      vertex 1.029802e-02 -1.414217e-03 -2.389025e-02
      vertex 8.943431e-03 -1.737170e-03 -2.209224e-02
    endloop
  endfacet
  facet normal -3.574122e-01 6.828123e-01 -6.372000e-01
    outer loop
      vertex 1.029802e-02 -1.414217e-03 -2.389025e-02
      vertex 1.986302e-02 9.576544e-03 -1.747785e-02
      vertex 1.209603e-02 -1.737170e-03 -2.524484e-02
    endloop
  endfacet
  facet normal -2.311841e-02 5.765626e-01 -8.167259e-01
    outer loop
      vertex 1.209603e-02 -1.737170e-03 -2.524484e-02
      vertex 2.183072e-02 8.656852e-03 -1.818280e-02
      vertex 1.406373e-02 -2.656855e-03 -2.594978e-02
    endloop
  endfacet
  facet normal 5.073292e-01 6.965863e-01 5.073307e-01
    outer loop
      vertex 2.594978e-02 2.656847e-03 -1.406373e-02
      vertex 2.209224e-02 1.737162e-03 -8.943427e-03
      vertex 2.524485e-02 1.737162e-03 -1.209603e-02
    endloop
  endfacet
  facet normal 3.115356e-01 3.831062e-01 -8.695834e-01
    outer loop
      vertex 1.406373e-02 -2.656855e-03 -2.594978e-02
      vertex 2.366854e-02 7.280439e-03 -1.813078e-02
      vertex 1.590155e-02 -4.033267e-03 -2.589777e-02
    endloop
  endfacet
  facet normal 5.963011e-01 1.340042e-01 -7.914972e-01
    outer loop
      vertex 1.590155e-02 -4.033267e-03 -2.589777e-02
      vertex 2.509670e-02 5.656853e-03 -1.732971e-02
      vertex 1.732971e-02 -5.656853e-03 -2.509670e-02
    endloop
  endfacet
  facet normal -5.073311e-01 -6.965851e-01 -5.073305e-01
    outer loop
      vertex 1.209603e-02 -1.737170e-03 -2.524484e-02
      vertex 1.406373e-02 -2.656855e-03 -2.594978e-02
      vertex 8.943431e-03 -1.737170e-03 -2.209224e-02
    endloop
  endfacet
  facet normal 1.305272e-01 0.000000e+00 9.914447e-01
    outer loop
      vertex 0.000000e+00 -7.655002e-03 1.553398e-02
      vertex 4.020490e-03 -7.655002e-03 1.500467e-02
      vertex 4.020490e-03 7.654995e-03 1.500467e-02
    endloop
  endfacet
  facet normal 3.826834e-01 0.000000e+00 9.238796e-01
    outer loop
      vertex 4.020490e-03 -7.655002e-03 1.500467e-02
      vertex 7.766992e-03 -7.655002e-03 1.345282e-02
      vertex 7.766992e-03 7.654995e-03 1.345282e-02
    endloop
  endfacet
  facet normal 6.087610e-01 0.000000e+00 7.933537e-01
    outer loop
      vertex 7.766992e-03 -7.655002e-03 1.345282e-02
      vertex 1.098418e-02 -7.655002e-03 1.098419e-02
      vertex 1.098418e-02 7.654995e-03 1.098419e-02
    endloop
  endfacet
  facet normal 7.933536e-01 0.000000e+00 6.087611e-01
    outer loop
      vertex 1.098418e-02 -7.655002e-03 1.098419e-02
      vertex 1.345282e-02 -7.655002e-03 7.766992e-03
      vertex 1.345282e-02 7.654995e-03 7.766992e-03
    endloop
  endfacet
  facet normal 9.238796e-01 0.000000e+00 3.826834e-01
    outer loop
      vertex 1.345282e-02 -7.655002e-03 7.766992e-03
      vertex 1.500467e-02 -7.655002e-03 4.020490e-03
      vertex 1.500467e-02 7.654995e-03 4.020490e-03
    endloop
  endfacet
  facet normal 9.914447e-01 0.000000e+00 1.305272e-01
    outer loop
      vertex 1.500467e-02 -7.655002e-03 4.020490e-03
      vertex 1.553398e-02 -7.655002e-03 0.000000e+00
      vertex 1.553398e-02 7.654995e-03 0.000000e+00
    endloop
  endfacet
  facet normal 9.914447e-01 1.464922e-08 -1.305272e-01
    outer loop
      vertex 1.553398e-02 -7.655002e-03 0.000000e+00
      vertex 1.500467e-02 -7.655002e-03 -4.020490e-03
      vertex 1.500467e-02 7.654995e-03 -4.020488e-03
    endloop
  endfacet
  facet normal 9.238794e-01 5.127228e-08 -3.826835e-01
    outer loop
      vertex 1.500467e-02 -7.655002e-03 -4.020490e-03
      vertex 1.345282e-02 -7.655002e-03 -7.766990e-03
      vertex 1.345282e-02 7.654995e-03 -7.766988e-03
    endloop
  endfacet
  facet normal 7.933534e-01 7.406314e-08 -6.087614e-01
    outer loop
      vertex 1.345282e-02 7.654995e-03 -7.766988e-03
      vertex 1.345282e-02 -7.655002e-03 -7.766990e-03
      vertex 1.098418e-02 -7.655002e-03 -1.098418e-02
    endloop
  endfacet
  facet normal 6.087616e-01 0.000000e+00 -7.933533e-01
    outer loop
      vertex 1.098418e-02 -7.655002e-03 -1.098418e-02
      vertex 7.766992e-03 -7.655002e-03 -1.345282e-02
      vertex 7.766992e-03 7.654995e-03 -1.345282e-02
    endloop
  endfacet
  facet normal 3.826834e-01 0.000000e+00 -9.238796e-01
    outer loop
      vertex 7.766992e-03 -7.655002e-03 -1.345282e-02
      vertex 4.020490e-03 -7.655002e-03 -1.500467e-02
      vertex 4.020490e-03 7.654995e-03 -1.500467e-02
    endloop
  endfacet
  facet normal 1.305263e-01 0.000000e+00 -9.914448e-01
    outer loop
      vertex 4.020490e-03 -7.655002e-03 -1.500467e-02
      vertex 0.000000e+00 -7.655002e-03 -1.553398e-02
      vertex 0.000000e+00 7.654995e-03 -1.553398e-02
    endloop
  endfacet
  facet normal -1.305263e-01 0.000000e+00 -9.914448e-01
    outer loop
      vertex 0.000000e+00 -7.655002e-03 -1.553398e-02
      vertex -4.020490e-03 -7.655002e-03 -1.500467e-02
      vertex -4.020490e-03 7.654995e-03 -1.500467e-02
    endloop
  endfacet
  facet normal -3.826834e-01 0.000000e+00 -9.238796e-01
    outer loop
      vertex -4.020490e-03 -7.655002e-03 -1.500467e-02
      vertex -7.766992e-03 -7.655002e-03 -1.345282e-02
      vertex -7.766992e-03 7.654995e-03 -1.345282e-02
    endloop
  endfacet
  facet normal -6.087611e-01 0.000000e+00 -7.933536e-01
    outer loop
      vertex -7.766992e-03 -7.655002e-03 -1.345282e-02
      vertex -1.098419e-02 -7.655002e-03 -1.098418e-02
      vertex -1.098419e-02 7.654995e-03 -1.098418e-02
    endloop
  endfacet
  facet normal -7.933539e-01 -0.000000e+00 -6.087608e-01
    outer loop
      vertex -1.098419e-02 7.654995e-03 -1.098418e-02
      vertex -1.098419e-02 -7.655002e-03 -1.098418e-02
      vertex -1.345282e-02 -7.655002e-03 -7.766990e-03
    endloop
  endfacet
  facet normal -9.238794e-01 4.655805e-08 -3.826835e-01
    outer loop
      vertex -1.345282e-02 7.654995e-03 -7.766988e-03
      vertex -1.345282e-02 -7.655002e-03 -7.766990e-03
      vertex -1.500467e-02 -7.655002e-03 -4.020490e-03
    endloop
  endfacet
  facet normal -9.914448e-01 0.000000e+00 -1.305263e-01
    outer loop
      vertex -1.500467e-02 -7.655002e-03 -4.020490e-03
      vertex -1.553398e-02 -7.655002e-03 0.000000e+00
      vertex -1.553398e-02 7.654995e-03 0.000000e+00
    endloop
  endfacet
  facet normal -9.914448e-01 0.000000e+00 1.305263e-01
    outer loop
      vertex -1.553398e-02 -7.655002e-03 0.000000e+00
      vertex -1.500467e-02 -7.655002e-03 4.020490e-03
      vertex -1.500467e-02 7.654995e-03 4.020490e-03
    endloop
  endfacet
  facet normal -9.238796e-01 0.000000e+00 3.826834e-01
    outer loop
      vertex -1.500467e-02 -7.655002e-03 4.020490e-03
      vertex -1.345282e-02 -7.655002e-03 7.766992e-03
      vertex -1.345282e-02 7.654995e-03 7.766992e-03
    endloop
  endfacet
  facet normal -7.933540e-01 0.000000e+00 6.087605e-01
    outer loop
      vertex -1.345282e-02 -7.655002e-03 7.766992e-03
      vertex -1.098419e-02 -7.655002e-03 1.098419e-02
      vertex -1.098419e-02 7.654995e-03 1.098419e-02
    endloop
  endfacet
  facet normal -6.087605e-01 0.000000e+00 7.933540e-01
    outer loop
      vertex -1.098419e-02 -7.655002e-03 1.098419e-02
      vertex -7.766992e-03 -7.655002e-03 1.345282e-02
      vertex -7.766992e-03 7.654995e-03 1.345282e-02
    endloop
  endfacet
  facet normal 0.000000e+00 -1.000000e+00 0.000000e+00
    outer loop
      vertex 7.766992e-03 -7.655002e-03 1.345282e-02
      vertex 4.020490e-03 -7.655002e-03 1.500467e-02
      vertex 0.000000e+00 -7.655002e-03 1.553398e-02
    endloop
  endfacet
  facet normal 0.000000e+00 -9.999999e-01 -0.000000e+00
    outer loop
      vertex 0.000000e+00 -7.655002e-03 1.553398e-02
      vertex -4.020490e-03 -7.655002e-03 1.500467e-02
      vertex 7.766992e-03 -7.655002e-03 1.345282e-02
    endloop
  endfacet
  facet normal 0.000000e+00 -1.000000e+00 -0.000000e+00
    outer loop
      vertex -4.020490e-03 -7.655002e-03 1.500467e-02
      vertex -7.766992e-03 -7.655002e-03 1.345282e-02
      vertex 7.766992e-03 -7.655002e-03 1.345282e-02
    endloop
  endfacet
  facet normal 0.000000e+00 -1.000000e+00 0.000000e+00
    outer loop
      vertex -7.766992e-03 -7.655002e-03 1.345282e-02
      vertex -1.098419e-02 -7.655002e-03 1.098419e-02
      vertex -1.345282e-02 -7.655002e-03 7.766992e-03
    endloop
  endfacet
  facet normal 0.000000e+00 -1.000000e+00 0.000000e+00
    outer loop
      vertex -1.345282e-02 -7.655002e-03 7.766992e-03
      vertex -1.500467e-02 -7.655002e-03 4.020490e-03
      vertex -1.553398e-02 -7.655002e-03 0.000000e+00
    endloop
  endfacet
  facet normal 0.000000e+00 -1.000000e+00 0.000000e+00
    outer loop
      vertex -1.553398e-02 -7.655002e-03 0.000000e+00
      vertex -1.500467e-02 -7.655002e-03 -4.020490e-03
      vertex -1.345282e-02 -7.655002e-03 -7.766990e-03
    endloop
  endfacet
  facet normal 0.000000e+00 -1.000000e+00 0.000000e+00
    outer loop
      vertex -1.345282e-02 -7.655002e-03 -7.766990e-03
      vertex -1.098419e-02 -7.655002e-03 -1.098418e-02
      vertex -7.766992e-03 -7.655002e-03 -1.345282e-02
    endloop
  endfacet
  facet normal 0.000000e+00 -1.000000e+00 0.000000e+00
    outer loop
      vertex -7.766992e-03 -7.655002e-03 -1.345282e-02
      vertex -4.020490e-03 -7.655002e-03 -1.500467e-02
      vertex 7.766992e-03 -7.655002e-03 -1.345282e-02
    endloop
  endfacet
  facet normal 0.000000e+00 -1.000000e+00 0.000000e+00
    outer loop
      vertex -4.020490e-03 -7.655002e-03 -1.500467e-02
      vertex 0.000000e+00 -7.655002e-03 -1.553398e-02
      vertex 7.766992e-03 -7.655002e-03 -1.345282e-02
    endloop
  endfacet
  facet normal 0.000000e+00 -1.000000e+00 0.000000e+00
    outer loop
      vertex 0.000000e+00 -7.655002e-03 -1.553398e-02
      vertex 4.020490e-03 -7.655002e-03 -1.500467e-02
      vertex 7.766992e-03 -7.655002e-03 -1.345282e-02
    endloop
  endfacet
  facet normal 0.000000e+00 -1.000000e+00 0.000000e+00
    outer loop
      vertex 7.766992e-03 -7.655002e-03 -1.345282e-02
      vertex 1.098418e-02 -7.655002e-03 -1.098418e-02
      vertex 1.345282e-02 -7.655002e-03 -7.766990e-03
    endloop
  endfacet
  facet normal -0.000000e+00 -1.000000e+00 0.000000e+00
    outer loop
      vertex 1.345282e-02 -7.655002e-03 -7.766990e-03
      vertex 1.500467e-02 -7.655002e-03 -4.020490e-03
      vertex 7.766992e-03 -7.655002e-03 -1.345282e-02
    endloop
  endfacet
  facet normal -0.000000e+00 -1.000000e+00 0.000000e+00
    outer loop
      vertex 1.500467e-02 -7.655002e-03 -4.020490e-03
      vertex 1.553398e-02 -7.655002e-03 0.000000e+00
      vertex 7.766992e-03 -7.655002e-03 -1.345282e-02
    endloop
  endfacet
  facet normal 0.000000e+00 -1.000000e+00 0.000000e+00
    outer loop
      vertex 1.553398e-02 -7.655002e-03 0.000000e+00
      vertex 1.500467e-02 -7.655002e-03 4.020490e-03
      vertex 7.766992e-03 -7.655002e-03 1.345282e-02
    endloop
  endfacet
  facet normal 0.000000e+00 -1.000000e+00 0.000000e+00
    outer loop
      vertex 1.500467e-02 -7.655002e-03 4.020490e-03
      vertex 1.345282e-02 -7.655002e-03 7.766992e-03
      vertex 7.766992e-03 -7.655002e-03 1.345282e-02
    endloop
  endfacet
  facet normal 0.000000e+00 -1.000000e+00 0.000000e+00
    outer loop
      vertex 1.345282e-02 -7.655002e-03 7.766992e-03
      vertex 1.098418e-02 -7.655002e-03 1.098419e-02
      vertex 7.766992e-03 -7.655002e-03 1.345282e-02
    endloop
  endfacet
  facet normal 0.000000e+00 -1.000000e+00 0.000000e+00
    outer loop
      vertex -7.766992e-03 -7.655002e-03 1.345282e-02
      vertex -1.345282e-02 -7.655002e-03 7.766992e-03
      vertex -1.553398e-02 -7.655002e-03 0.000000e+00
    endloop
  endfacet
  facet normal 0.000000e+00 -1.000000e+00 0.000000e+00
    outer loop
      vertex -1.553398e-02 -7.655002e-03 0.000000e+00
      vertex -1.345282e-02 -7.655002e-03 -7.766990e-03
      vertex 7.766992e-03 -7.655002e-03 -1.345282e-02
    endloop
  endfacet
  facet normal 0.000000e+00 -9.999999e-01 0.000000e+00
    outer loop
      vertex -1.345282e-02 -7.655002e-03 -7.766990e-03
      vertex -7.766992e-03 -7.655002e-03 -1.345282e-02
      vertex 7.766992e-03 -7.655002e-03 -1.345282e-02
    endloop
  endfacet
  facet normal -0.000000e+00 -9.999999e-01 0.000000e+00
    outer loop
      vertex 7.766992e-03 -7.655002e-03 1.345282e-02
      vertex -7.766992e-03 -7.655002e-03 1.345282e-02
      vertex -1.553398e-02 -7.655002e-03 0.000000e+00
    endloop
  endfacet
  facet normal 0.000000e+00 -9.999999e-01 0.000000e+00
    outer loop
      vertex 7.766992e-03 -7.655002e-03 -1.345282e-02
      vertex 1.553398e-02 -7.655002e-03 0.000000e+00
      vertex 7.766992e-03 -7.655002e-03 1.345282e-02
    endloop
  endfacet
  facet normal -3.826834e-01 0.000000e+00 9.238796e-01
    outer loop
      vertex -7.766992e-03 -7.655002e-03 1.345282e-02
      vertex -4.020490e-03 -7.655002e-03 1.500467e-02
      vertex -4.020490e-03 7.654995e-03 1.500467e-02
    endloop
  endfacet
  facet normal -1.305272e-01 0.000000e+00 9.914447e-01
    outer loop
      vertex -4.020490e-03 -7.655002e-03 1.500467e-02
      vertex 0.000000e+00 -7.655002e-03 1.553398e-02
      vertex 0.000000e+00 7.654995e-03 1.553398e-02
    endloop
  endfacet
  facet normal 0.000000e+00 1.000000e+00 0.000000e+00
    outer loop
      vertex -4.020490e-03 7.654995e-03 1.500467e-02
      vertex 0.000000e+00 7.654995e-03 1.553398e-02
      vertex 4.020490e-03 7.654995e-03 1.500467e-02
    endloop
  endfacet
  facet normal 0.000000e+00 1.000000e+00 0.000000e+00
    outer loop
      vertex 4.020490e-03 7.654995e-03 1.500467e-02
      vertex 7.766992e-03 7.654995e-03 1.345282e-02
      vertex -4.020490e-03 7.654995e-03 1.500467e-02
    endloop
  endfacet
  facet normal 0.000000e+00 1.000000e+00 0.000000e+00
    outer loop
      vertex 7.766992e-03 7.654995e-03 1.345282e-02
      vertex 1.098418e-02 7.654995e-03 1.098419e-02
      vertex -4.020490e-03 7.654995e-03 1.500467e-02
    endloop
  endfacet
  facet normal 0.000000e+00 1.000000e+00 0.000000e+00
    outer loop
      vertex 1.098418e-02 7.654995e-03 1.098419e-02
      vertex 1.345282e-02 7.654995e-03 7.766992e-03
      vertex 1.500467e-02 7.654995e-03 4.020490e-03
    endloop
  endfacet
  facet normal 0.000000e+00 1.000000e+00 0.000000e+00
    outer loop
      vertex 1.500467e-02 7.654995e-03 4.020490e-03
      vertex 1.553398e-02 7.654995e-03 0.000000e+00
      vertex 1.500467e-02 7.654995e-03 -4.020488e-03
    endloop
  endfacet
  facet normal 0.000000e+00 1.000000e+00 0.000000e+00
    outer loop
      vertex 1.500467e-02 7.654995e-03 -4.020488e-03
      vertex 1.345282e-02 7.654995e-03 -7.766988e-03
      vertex 1.098418e-02 7.654995e-03 -1.098418e-02
    endloop
  endfacet
  facet normal 0.000000e+00 1.000000e+00 -0.000000e+00
    outer loop
      vertex 1.098418e-02 7.654995e-03 -1.098418e-02
      vertex 7.766992e-03 7.654995e-03 -1.345282e-02
      vertex 1.500467e-02 7.654995e-03 -4.020488e-03
    endloop
  endfacet
  facet normal 0.000000e+00 1.000000e+00 -0.000000e+00
    outer loop
      vertex 7.766992e-03 7.654995e-03 -1.345282e-02
      vertex 4.020490e-03 7.654995e-03 -1.500467e-02
      vertex 1.500467e-02 7.654995e-03 -4.020488e-03
    endloop
  endfacet
  facet normal 0.000000e+00 1.000000e+00 0.000000e+00
    outer loop
      vertex 4.020490e-03 7.654995e-03 -1.500467e-02
      vertex 0.000000e+00 7.654995e-03 -1.553398e-02
      vertex -4.020490e-03 7.654995e-03 -1.500467e-02
    endloop
  endfacet
  facet normal 0.000000e+00 1.000000e+00 0.000000e+00
    outer loop
      vertex -4.020490e-03 7.654995e-03 -1.500467e-02
      vertex -7.766992e-03 7.654995e-03 -1.345282e-02
      vertex -1.098419e-02 7.654995e-03 -1.098418e-02
    endloop
  endfacet
  facet normal 0.000000e+00 1.000000e+00 0.000000e+00
    outer loop
      vertex -1.098419e-02 7.654995e-03 -1.098418e-02
      vertex -1.345282e-02 7.654995e-03 -7.766988e-03
      vertex -1.500467e-02 7.654995e-03 4.020490e-03
    endloop
  endfacet
  facet normal 0.000000e+00 1.000000e+00 0.000000e+00
    outer loop
      vertex -1.345282e-02 7.654995e-03 -7.766988e-03
      vertex -1.500467e-02 7.654995e-03 -4.020488e-03
      vertex -1.500467e-02 7.654995e-03 4.020490e-03
    endloop
  endfacet
  facet normal 0.000000e+00 1.000000e+00 -0.000000e+00
    outer loop
      vertex -1.500467e-02 7.654995e-03 -4.020488e-03
      vertex -1.553398e-02 7.654995e-03 0.000000e+00
      vertex -1.500467e-02 7.654995e-03 4.020490e-03
    endloop
  endfacet
  facet normal 0.000000e+00 1.000000e+00 0.000000e+00
    outer loop
      vertex -1.500467e-02 7.654995e-03 4.020490e-03
      vertex -1.345282e-02 7.654995e-03 7.766992e-03
      vertex -1.098419e-02 7.654995e-03 1.098419e-02
    endloop
  endfacet
  facet normal -0.000000e+00 1.000000e+00 0.000000e+00
    outer loop
      vertex -1.098419e-02 7.654995e-03 1.098419e-02
      vertex -7.766992e-03 7.654995e-03 1.345282e-02
      vertex -1.500467e-02 7.654995e-03 4.020490e-03
    endloop
  endfacet
  facet normal -0.000000e+00 1.000000e+00 0.000000e+00
    outer loop
      vertex -7.766992e-03 7.654995e-03 1.345282e-02
      vertex -4.020490e-03 7.654995e-03 1.500467e-02
      vertex -1.500467e-02 7.654995e-03 4.020490e-03
    endloop
  endfacet
  facet normal 0.000000e+00 1.000000e+00 0.000000e+00
    outer loop
      vertex 1.098418e-02 7.654995e-03 1.098419e-02
      vertex 1.500467e-02 7.654995e-03 4.020490e-03
      vertex -4.020490e-03 7.654995e-03 1.500467e-02
    endloop
  endfacet
  facet normal 0.000000e+00 1.000000e+00 0.000000e+00
    outer loop
      vertex 1.500467e-02 7.654995e-03 4.020490e-03
      vertex 1.500467e-02 7.654995e-03 -4.020488e-03
      vertex -4.020490e-03 7.654995e-03 1.500467e-02
    endloop
  endfacet
  facet normal 0.000000e+00 9.999999e-01 -0.000000e+00
    outer loop
      vertex 4.020490e-03 7.654995e-03 -1.500467e-02
      vertex -4.020490e-03 7.654995e-03 -1.500467e-02
      vertex 1.500467e-02 7.654995e-03 -4.020488e-03
    endloop
  endfacet
  facet normal 0.000000e+00 1.000000e+00 -0.000000e+00
    outer loop
      vertex -4.020490e-03 7.654995e-03 -1.500467e-02
      vertex -1.098419e-02 7.654995e-03 -1.098418e-02
      vertex 1.500467e-02 7.654995e-03 -4.020488e-03
    endloop
  endfacet
  facet normal 0.000000e+00 1.000000e+00 -0.000000e+00
    outer loop
      vertex -1.098419e-02 7.654995e-03 -1.098418e-02
      vertex -1.500467e-02 7.654995e-03 4.020490e-03
      vertex 1.500467e-02 7.654995e-03 -4.020488e-03
    endloop
  endfacet
  facet normal 1.305261e-01 0.000000e+00 9.914449e-01
    outer loop
      vertex 0.000000e+00 1.280999e-02 2.854369e-02
      vertex 7.387653e-03 1.280999e-02 2.757109e-02
      vertex 7.387653e-03 1.531000e-02 2.757109e-02
    endloop
  endfacet
  facet normal 3.826838e-01 0.000000e+00 9.238794e-01
    outer loop
      vertex 7.387653e-03 1.280999e-02 2.757109e-02
      vertex 1.427184e-02 1.280999e-02 2.471956e-02
      vertex 1.427184e-02 1.531000e-02 2.471956e-02
    endloop
  endfacet
  facet normal 6.087610e-01 0.000000e+00 7.933537e-01
    outer loop
      vertex 1.427184e-02 1.280999e-02 2.471956e-02
      vertex 2.018344e-02 1.280999e-02 2.018344e-02
      vertex 2.018344e-02 1.531000e-02 2.018344e-02
    endloop
  endfacet
  facet normal 7.933534e-01 0.000000e+00 6.087613e-01
    outer loop
      vertex 2.018344e-02 1.280999e-02 2.018344e-02
      vertex 2.471956e-02 1.280999e-02 1.427184e-02
      vertex 2.471956e-02 1.531000e-02 1.427184e-02
    endloop
  endfacet
  facet normal 9.238797e-01 0.000000e+00 3.826830e-01
    outer loop
      vertex 2.471956e-02 1.280999e-02 1.427184e-02
      vertex 2.757108e-02 1.280999e-02 7.387649e-03
      vertex 2.757108e-02 1.531000e-02 7.387649e-03
    endloop
  endfacet
  facet normal 9.914448e-01 0.000000e+00 1.305267e-01
    outer loop
      vertex 2.757108e-02 1.280999e-02 7.387649e-03
      vertex 2.854369e-02 1.280999e-02 0.000000e+00
      vertex 2.854369e-02 1.531000e-02 0.000000e+00
    endloop
  endfacet
  facet normal 9.914448e-01 0.000000e+00 -1.305267e-01
    outer loop
      vertex 2.854369e-02 1.280999e-02 0.000000e+00
      vertex 2.757108e-02 1.280999e-02 -7.387649e-03
      vertex 2.757108e-02 1.531000e-02 -7.387649e-03
    endloop
  endfacet
  facet normal 9.238797e-01 0.000000e+00 -3.826830e-01
    outer loop
      vertex 2.757108e-02 1.280999e-02 -7.387649e-03
      vertex 2.471956e-02 1.280999e-02 -1.427184e-02
      vertex 2.471956e-02 1.531000e-02 -1.427184e-02
    endloop
  endfacet
  facet normal 7.933534e-01 0.000000e+00 -6.087614e-01
    outer loop
      vertex 2.471956e-02 1.280999e-02 -1.427184e-02
      vertex 2.018344e-02 1.280999e-02 -2.018343e-02
      vertex 2.018344e-02 1.531000e-02 -2.018343e-02
    endloop
  endfacet
  facet normal 6.087611e-01 0.000000e+00 -7.933536e-01
    outer loop
      vertex 2.018344e-02 1.280999e-02 -2.018343e-02
      vertex 1.427184e-02 1.280999e-02 -2.471956e-02
      vertex 1.427184e-02 1.531000e-02 -2.471956e-02
    endloop
  endfacet
  facet normal 3.826838e-01 0.000000e+00 -9.238794e-01
    outer loop
      vertex 1.427184e-02 1.280999e-02 -2.471956e-02
      vertex 7.387653e-03 1.280999e-02 -2.757109e-02
      vertex 7.387653e-03 1.531000e-02 -2.757109e-02
    endloop
  endfacet
  facet normal 1.305261e-01 0.000000e+00 -9.914449e-01
    outer loop
      vertex 7.387653e-03 1.280999e-02 -2.757109e-02
      vertex 0.000000e+00 1.280999e-02 -2.854369e-02
      vertex 0.000000e+00 1.531000e-02 -2.854369e-02
    endloop
  endfacet
  facet normal -1.305262e-01 0.000000e+00 -9.914449e-01
    outer loop
      vertex 0.000000e+00 1.280999e-02 -2.854369e-02
      vertex -7.387649e-03 1.280999e-02 -2.757109e-02
      vertex -7.387649e-03 1.531000e-02 -2.757109e-02
    endloop
  endfacet
  facet normal -3.826834e-01 0.000000e+00 -9.238795e-01
    outer loop
      vertex -7.387649e-03 1.280999e-02 -2.757109e-02
      vertex -1.427184e-02 1.280999e-02 -2.471956e-02
      vertex -1.427184e-02 1.531000e-02 -2.471956e-02
    endloop
  endfacet
  facet normal -6.087617e-01 0.000000e+00 -7.933532e-01
    outer loop
      vertex -1.427184e-02 1.280999e-02 -2.471956e-02
      vertex -2.018343e-02 1.280999e-02 -2.018343e-02
      vertex -2.018343e-02 1.531000e-02 -2.018343e-02
    endloop
  endfacet
  facet normal -7.933531e-01 0.000000e+00 -6.087617e-01
    outer loop
      vertex -2.018343e-02 1.280999e-02 -2.018343e-02
      vertex -2.471956e-02 1.280999e-02 -1.427184e-02
      vertex -2.471956e-02 1.531000e-02 -1.427184e-02
    endloop
  endfacet
  facet normal -9.238797e-01 0.000000e+00 -3.826830e-01
    outer loop
      vertex -2.471956e-02 1.280999e-02 -1.427184e-02
      vertex -2.757108e-02 1.280999e-02 -7.387649e-03
      vertex -2.757108e-02 1.531000e-02 -7.387649e-03
    endloop
  endfacet
  facet normal -9.914448e-01 0.000000e+00 -1.305267e-01
    outer loop
      vertex -2.757108e-02 1.280999e-02 -7.387649e-03
      vertex -2.854369e-02 1.280999e-02 0.000000e+00
      vertex -2.854369e-02 1.531000e-02 0.000000e+00
    endloop
  endfacet
  facet normal -9.914448e-01 0.000000e+00 1.305267e-01
    outer loop
      vertex -2.854369e-02 1.280999e-02 0.000000e+00
      vertex -2.757108e-02 1.280999e-02 7.387649e-03
      vertex -2.757108e-02 1.531000e-02 7.387649e-03
    endloop
  endfacet
  facet normal -9.238797e-01 0.000000e+00 3.826830e-01
    outer loop
      vertex -2.757108e-02 1.280999e-02 7.387649e-03
      vertex -2.471956e-02 1.280999e-02 1.427184e-02
      vertex -2.471956e-02 1.531000e-02 1.427184e-02
    endloop
  endfacet
  facet normal -7.933532e-01 0.000000e+00 6.087615e-01
    outer loop
      vertex -2.471956e-02 1.280999e-02 1.427184e-02
      vertex -2.018343e-02 1.280999e-02 2.018344e-02
      vertex -2.018343e-02 1.531000e-02 2.018344e-02
    endloop
  endfacet
  facet normal -6.087614e-01 0.000000e+00 7.933533e-01
    outer loop
      vertex -2.018343e-02 1.280999e-02 2.018344e-02
      vertex -1.427184e-02 1.280999e-02 2.471956e-02
      vertex -1.427184e-02 1.531000e-02 2.471956e-02
    endloop
  endfacet
  facet normal 0.000000e+00 -1.000000e+00 0.000000e+00
    outer loop
      vertex 1.427184e-02 1.280999e-02 2.471956e-02
      vertex 7.387653e-03 1.280999e-02 2.757109e-02
      vertex 0.000000e+00 1.280999e-02 2.854369e-02
    endloop
  endfacet
  facet normal 0.000000e+00 -1.000000e+00 -0.000000e+00
    outer loop
      vertex 0.000000e+00 1.280999e-02 2.854369e-02
      vertex -7.387649e-03 1.280999e-02 2.757109e-02
      vertex 1.427184e-02 1.280999e-02 2.471956e-02
    endloop
  endfacet
  facet normal 0.000000e+00 -1.000000e+00 -0.000000e+00
    outer loop
      vertex -7.387649e-03 1.280999e-02 2.757109e-02
      vertex -1.427184e-02 1.280999e-02 2.471956e-02
      vertex 1.427184e-02 1.280999e-02 2.471956e-02
    endloop
  endfacet
  facet normal 0.000000e+00 -9.999999e-01 0.000000e+00
    outer loop
      vertex -1.427184e-02 1.280999e-02 2.471956e-02
      vertex -2.018343e-02 1.280999e-02 2.018344e-02
      vertex -2.471956e-02 1.280999e-02 1.427184e-02
    endloop
  endfacet
  facet normal 0.000000e+00 -1.000000e+00 0.000000e+00
    outer loop
      vertex -2.471956e-02 1.280999e-02 1.427184e-02
      vertex -2.757108e-02 1.280999e-02 7.387649e-03
      vertex -2.854369e-02 1.280999e-02 0.000000e+00
    endloop
  endfacet
  facet normal 0.000000e+00 -1.000000e+00 0.000000e+00
    outer loop
      vertex -2.854369e-02 1.280999e-02 0.000000e+00
      vertex -2.757108e-02 1.280999e-02 -7.387649e-03
      vertex -2.471956e-02 1.280999e-02 -1.427184e-02
    endloop
  endfacet
  facet normal 0.000000e+00 -1.000000e+00 0.000000e+00
    outer loop
      vertex -2.471956e-02 1.280999e-02 -1.427184e-02
      vertex -2.018343e-02 1.280999e-02 -2.018343e-02
      vertex -2.854369e-02 1.280999e-02 0.000000e+00
    endloop
  endfacet
  facet normal 0.000000e+00 -1.000000e+00 0.000000e+00
    outer loop
      vertex -2.018343e-02 1.280999e-02 -2.018343e-02
      vertex -1.427184e-02 1.280999e-02 -2.471956e-02
      vertex -2.854369e-02 1.280999e-02 0.000000e+00
    endloop
  endfacet
  facet normal 0.000000e+00 -1.000000e+00 0.000000e+00
    outer loop
      vertex -1.427184e-02 1.280999e-02 -2.471956e-02
      vertex -7.387649e-03 1.280999e-02 -2.757109e-02
      vertex 0.000000e+00 1.280999e-02 -2.854369e-02
    endloop
  endfacet
  facet normal 0.000000e+00 -1.000000e+00 0.000000e+00
    outer loop
      vertex 0.000000e+00 1.280999e-02 -2.854369e-02
      vertex 7.387653e-03 1.280999e-02 -2.757109e-02
      vertex 1.427184e-02 1.280999e-02 -2.471956e-02
    endloop
  endfacet
  facet normal 0.000000e+00 -1.000000e+00 0.000000e+00
    outer loop
      vertex 1.427184e-02 1.280999e-02 -2.471956e-02
      vertex 2.018344e-02 1.280999e-02 -2.018343e-02
      vertex 2.854369e-02 1.280999e-02 0.000000e+00
    endloop
  endfacet
  facet normal 0.000000e+00 -9.999999e-01 0.000000e+00
    outer loop
      vertex 2.018344e-02 1.280999e-02 -2.018343e-02
      vertex 2.471956e-02 1.280999e-02 -1.427184e-02
      vertex 2.854369e-02 1.280999e-02 0.000000e+00
    endloop
  endfacet
  facet normal 0.000000e+00 -1.000000e+00 0.000000e+00
    outer loop
      vertex 2.471956e-02 1.280999e-02 -1.427184e-02
      vertex 2.757108e-02 1.280999e-02 -7.387649e-03
      vertex 2.854369e-02 1.280999e-02 0.000000e+00
    endloop
  endfacet
  facet normal 0.000000e+00 -1.000000e+00 0.000000e+00
    outer loop
      vertex 2.854369e-02 1.280999e-02 0.000000e+00
      vertex 2.757108e-02 1.280999e-02 7.387649e-03
      vertex 2.471956e-02 1.280999e-02 1.427184e-02
    endloop
  endfacet
  facet normal -0.000000e+00 -9.999999e-01 -0.000000e+00
    outer loop
      vertex 2.471956e-02 1.280999e-02 1.427184e-02
      vertex 2.018344e-02 1.280999e-02 2.018344e-02
      vertex 2.854369e-02 1.280999e-02 0.000000e+00
    endloop
  endfacet
  facet normal -0.000000e+00 -1.000000e+00 -0.000000e+00
    outer loop
      vertex 2.018344e-02 1.280999e-02 2.018344e-02
      vertex 1.427184e-02 1.280999e-02 2.471956e-02
      vertex 2.854369e-02 1.280999e-02 0.000000e+00
    endloop
  endfacet
  facet normal 0.000000e+00 -9.999999e-01 -0.000000e+00
    outer loop
      vertex -1.427184e-02 1.280999e-02 2.471956e-02
      vertex -2.471956e-02 1.280999e-02 1.427184e-02
      vertex 1.427184e-02 1.280999e-02 2.471956e-02
    endloop
  endfacet
  facet normal 0.000000e+00 -1.000000e+00 -0.000000e+00
    outer loop
      vertex -2.471956e-02 1.280999e-02 1.427184e-02
      vertex -2.854369e-02 1.280999e-02 0.000000e+00
      vertex 1.427184e-02 1.280999e-02 2.471956e-02
    endloop
  endfacet
  facet normal 0.000000e+00 -9.999999e-01 0.000000e+00
    outer loop
      vertex -1.427184e-02 1.280999e-02 -2.471956e-02
      vertex 0.000000e+00 1.280999e-02 -2.854369e-02
      vertex 1.427184e-02 1.280999e-02 -2.471956e-02
    endloop
  endfacet
  facet normal 0.000000e+00 -1.000000e+00 0.000000e+00
    outer loop
      vertex -2.854369e-02 1.280999e-02 0.000000e+00
      vertex -1.427184e-02 1.280999e-02 -2.471956e-02
      vertex 1.427184e-02 1.280999e-02 -2.471956e-02
    endloop
  endfacet
  facet normal 0.000000e+00 -1.000000e+00 0.000000e+00
    outer loop
      vertex 1.427184e-02 1.280999e-02 -2.471956e-02
      vertex 2.854369e-02 1.280999e-02 0.000000e+00
      vertex 1.427184e-02 1.280999e-02 2.471956e-02
    endloop
  endfacet
  facet normal -3.826834e-01 0.000000e+00 9.238795e-01
    outer loop
      vertex -1.427184e-02 1.280999e-02 2.471956e-02
      vertex -7.387649e-03 1.280999e-02 2.757109e-02
      vertex -7.387649e-03 1.531000e-02 2.757109e-02
    endloop
  endfacet
  facet normal -1.305262e-01 0.000000e+00 9.914449e-01
    outer loop
      vertex -7.387649e-03 1.280999e-02 2.757109e-02
      vertex 0.000000e+00 1.280999e-02 2.854369e-02
      vertex 0.000000e+00 1.531000e-02 2.854369e-02
    endloop
  endfacet
  facet normal 0.000000e+00 9.999999e-01 0.000000e+00
    outer loop
      vertex -7.387649e-03 1.531000e-02 2.757109e-02
      vertex 0.000000e+00 1.531000e-02 2.854369e-02
      vertex 7.387653e-03 1.531000e-02 2.757109e-02
    endloop
  endfacet
  facet normal 0.000000e+00 9.999999e-01 0.000000e+00
    outer loop
      vertex 7.387653e-03 1.531000e-02 2.757109e-02
      vertex 1.427184e-02 1.531000e-02 2.471956e-02
      vertex 2.018344e-02 1.531000e-02 2.018344e-02
    endloop
  endfacet
  facet normal 0.000000e+00 1.000000e+00 0.000000e+00
    outer loop
      vertex 2.018344e-02 1.531000e-02 2.018344e-02
      vertex 2.471956e-02 1.531000e-02 1.427184e-02
      vertex 2.757108e-02 1.531000e-02 7.387649e-03
    endloop
  endfacet
  facet normal 0.000000e+00 1.000000e+00 0.000000e+00
    outer loop
      vertex 2.757108e-02 1.531000e-02 7.387649e-03
      vertex 2.854369e-02 1.531000e-02 0.000000e+00
      vertex 2.757108e-02 1.531000e-02 -7.387649e-03
    endloop
  endfacet
  facet normal 0.000000e+00 1.000000e+00 0.000000e+00
    outer loop
      vertex 2.757108e-02 1.531000e-02 -7.387649e-03
      vertex 2.471956e-02 1.531000e-02 -1.427184e-02
      vertex 2.018344e-02 1.531000e-02 -2.018343e-02
    endloop
  endfacet
  facet normal 0.000000e+00 1.000000e+00 0.000000e+00
    outer loop
      vertex 2.018344e-02 1.531000e-02 -2.018343e-02
      vertex 1.427184e-02 1.531000e-02 -2.471956e-02
      vertex 7.387653e-03 1.531000e-02 -2.757109e-02
    endloop
  endfacet
  facet normal 0.000000e+00 9.999999e-01 0.000000e+00
    outer loop
      vertex 7.387653e-03 1.531000e-02 -2.757109e-02
      vertex 0.000000e+00 1.531000e-02 -2.854369e-02
      vertex -7.387649e-03 1.531000e-02 -2.757109e-02
    endloop
  endfacet
  facet normal 0.000000e+00 1.000000e+00 -0.000000e+00
    outer loop
      vertex -7.387649e-03 1.531000e-02 -2.757109e-02
      vertex -1.427184e-02 1.531000e-02 -2.471956e-02
      vertex 7.387653e-03 1.531000e-02 -2.757109e-02
    endloop
  endfacet
  facet normal -0.000000e+00 1.000000e+00 -0.000000e+00
    outer loop
      vertex -1.427184e-02 1.531000e-02 -2.471956e-02
      vertex -2.018343e-02 1.531000e-02 -2.018343e-02
      vertex 7.387653e-03 1.531000e-02 -2.757109e-02
    endloop
  endfacet
  facet normal 0.000000e+00 1.000000e+00 0.000000e+00
    outer loop
      vertex -2.018343e-02 1.531000e-02 -2.018343e-02
      vertex -2.471956e-02 1.531000e-02 -1.427184e-02
      vertex -2.757108e-02 1.531000e-02 -7.387649e-03
    endloop
  endfacet
  facet normal 0.000000e+00 1.000000e+00 -0.000000e+00
    outer loop
      vertex -2.757108e-02 1.531000e-02 -7.387649e-03
      vertex -2.854369e-02 1.531000e-02 0.000000e+00
      vertex -2.757108e-02 1.531000e-02 7.387649e-03
    endloop
  endfacet
  facet normal 0.000000e+00 1.000000e+00 0.000000e+00
    outer loop
      vertex -2.757108e-02 1.531000e-02 7.387649e-03
      vertex -2.471956e-02 1.531000e-02 1.427184e-02
      vertex -2.018343e-02 1.531000e-02 2.018344e-02
    endloop
  endfacet
  facet normal 0.000000e+00 1.000000e+00 0.000000e+00
    outer loop
      vertex -2.018343e-02 1.531000e-02 2.018344e-02
      vertex -1.427184e-02 1.531000e-02 2.471956e-02
      vertex -7.387649e-03 1.531000e-02 2.757109e-02
    endloop
  endfacet
  facet normal -0.000000e+00 9.999999e-01 0.000000e+00
    outer loop
      vertex -7.387649e-03 1.531000e-02 2.757109e-02
      vertex 7.387653e-03 1.531000e-02 2.757109e-02
      vertex 2.018344e-02 1.531000e-02 2.018344e-02
    endloop
  endfacet
  facet normal 0.000000e+00 1.000000e+00 0.000000e+00
    outer loop
      vertex 2.018344e-02 1.531000e-02 2.018344e-02
      vertex 2.757108e-02 1.531000e-02 7.387649e-03
      vertex -7.387649e-03 1.531000e-02 2.757109e-02
    endloop
  endfacet
  facet normal 0.000000e+00 1.000000e+00 0.000000e+00
    outer loop
      vertex 2.757108e-02 1.531000e-02 7.387649e-03
      vertex 2.757108e-02 1.531000e-02 -7.387649e-03
      vertex -7.387649e-03 1.531000e-02 2.757109e-02
    endloop
  endfacet
  facet normal 0.000000e+00 1.000000e+00 0.000000e+00
    outer loop
      vertex 2.757108e-02 1.531000e-02 -7.387649e-03
      vertex 2.018344e-02 1.531000e-02 -2.018343e-02
      vertex -2.018343e-02 1.531000e-02 -2.018343e-02
    endloop
  endfacet
  facet normal 0.000000e+00 9.999999e-01 0.000000e+00
    outer loop
      vertex 2.018344e-02 1.531000e-02 -2.018343e-02
      vertex 7.387653e-03 1.531000e-02 -2.757109e-02
      vertex -2.018343e-02 1.531000e-02 -2.018343e-02
    endloop
  endfacet
  facet normal 0.000000e+00 1.000000e+00 0.000000e+00
    outer loop
      vertex -2.018343e-02 1.531000e-02 -2.018343e-02
      vertex -2.757108e-02 1.531000e-02 -7.387649e-03
      vertex -2.757108e-02 1.531000e-02 7.387649e-03
    endloop
  endfacet
  facet normal 0.000000e+00 1.000000e+00 0.000000e+00
    outer loop
      vertex -2.757108e-02 1.531000e-02 7.387649e-03
      vertex -2.018343e-02 1.531000e-02 2.018344e-02
      vertex -7.387649e-03 1.531000e-02 2.757109e-02
    endloop
  endfacet
  facet normal 0.000000e+00 1.000000e+00 -0.000000e+00
    outer loop
      vertex -2.018343e-02 1.531000e-02 -2.018343e-02
      vertex -2.757108e-02 1.531000e-02 7.387649e-03
      vertex -7.387649e-03 1.531000e-02 2.757109e-02
    endloop
  endfacet
  facet normal 1.305261e-01 0.000000e+00 9.914449e-01
    outer loop
      vertex 0.000000e+00 -1.531000e-02 2.854369e-02
      vertex 7.387653e-03 -1.531000e-02 2.757109e-02
      vertex 7.387653e-03 -1.281000e-02 2.757109e-02
    endloop
  endfacet
  facet normal 3.826838e-01 0.000000e+00 9.238794e-01
    outer loop
      vertex 7.387653e-03 -1.531000e-02 2.757109e-02
      vertex 1.427184e-02 -1.531000e-02 2.471956e-02
      vertex 1.427184e-02 -1.281000e-02 2.471956e-02
    endloop
  endfacet
  facet normal 6.087610e-01 0.000000e+00 7.933537e-01
    outer loop
      vertex 1.427184e-02 -1.531000e-02 2.471956e-02
      vertex 2.018344e-02 -1.531000e-02 2.018344e-02
      vertex 2.018344e-02 -1.281000e-02 2.018344e-02
    endloop
  endfacet
  facet normal 7.933534e-01 0.000000e+00 6.087613e-01
    outer loop
      vertex 2.018344e-02 -1.531000e-02 2.018344e-02
      vertex 2.471956e-02 -1.531000e-02 1.427184e-02
      vertex 2.471956e-02 -1.281000e-02 1.427184e-02
    endloop
  endfacet
  facet normal 9.238797e-01 0.000000e+00 3.826830e-01
    outer loop
      vertex 2.471956e-02 -1.531000e-02 1.427184e-02
      vertex 2.757108e-02 -1.531000e-02 7.387649e-03
      vertex 2.757108e-02 -1.281000e-02 7.387649e-03
    endloop
  endfacet
  facet normal 9.914448e-01 0.000000e+00 1.305267e-01
    outer loop
      vertex 2.757108e-02 -1.531000e-02 7.387649e-03
      vertex 2.854369e-02 -1.531000e-02 0.000000e+00
      vertex 2.854369e-02 -1.281000e-02 0.000000e+00
    endloop
  endfacet
  facet normal 9.914448e-01 0.000000e+00 -1.305267e-01
    outer loop
      vertex 2.854369e-02 -1.531000e-02 0.000000e+00
      vertex 2.757108e-02 -1.531000e-02 -7.387649e-03
      vertex 2.757108e-02 -1.281000e-02 -7.387649e-03
    endloop
  endfacet
  facet normal 9.238797e-01 0.000000e+00 -3.826829e-01
    outer loop
      vertex 2.757108e-02 -1.531000e-02 -7.387649e-03
      vertex 2.471956e-02 -1.531000e-02 -1.427185e-02
      vertex 2.471956e-02 -1.281000e-02 -1.427185e-02
    endloop
  endfacet
  facet normal 7.933533e-01 0.000000e+00 -6.087614e-01
    outer loop
      vertex 2.471956e-02 -1.531000e-02 -1.427185e-02
      vertex 2.018344e-02 -1.531000e-02 -2.018343e-02
      vertex 2.018344e-02 -1.281000e-02 -2.018343e-02
    endloop
  endfacet
  facet normal 6.087611e-01 0.000000e+00 -7.933536e-01
    outer loop
      vertex 2.018344e-02 -1.531000e-02 -2.018343e-02
      vertex 1.427184e-02 -1.531000e-02 -2.471956e-02
      vertex 1.427184e-02 -1.281000e-02 -2.471956e-02
    endloop
  endfacet
  facet normal 3.826838e-01 0.000000e+00 -9.238794e-01
    outer loop
      vertex 1.427184e-02 -1.531000e-02 -2.471956e-02
      vertex 7.387653e-03 -1.531000e-02 -2.757109e-02
      vertex 7.387653e-03 -1.281000e-02 -2.757109e-02
    endloop
  endfacet
  facet normal 1.305261e-01 0.000000e+00 -9.914449e-01
    outer loop
      vertex 7.387653e-03 -1.531000e-02 -2.757109e-02
      vertex 0.000000e+00 -1.531000e-02 -2.854369e-02
      vertex 0.000000e+00 -1.281000e-02 -2.854369e-02
    endloop
  endfacet
  facet normal -1.305262e-01 0.000000e+00 -9.914449e-01
    outer loop
      vertex 0.000000e+00 -1.531000e-02 -2.854369e-02
      vertex -7.387649e-03 -1.531000e-02 -2.757109e-02
      vertex -7.387649e-03 -1.281000e-02 -2.757109e-02
    endloop
  endfacet
  facet normal -3.826834e-01 0.000000e+00 -9.238795e-01
    outer loop
      vertex -7.387649e-03 -1.531000e-02 -2.757109e-02
      vertex -1.427184e-02 -1.531000e-02 -2.471956e-02
      vertex -1.427184e-02 -1.281000e-02 -2.471956e-02
    endloop
  endfacet
  facet normal -6.087617e-01 0.000000e+00 -7.933532e-01
    outer loop
      vertex -1.427184e-02 -1.531000e-02 -2.471956e-02
      vertex -2.018343e-02 -1.531000e-02 -2.018343e-02
      vertex -2.018343e-02 -1.281000e-02 -2.018343e-02
    endloop
  endfacet
  facet normal -7.933530e-01 0.000000e+00 -6.087618e-01
    outer loop
      vertex -2.018343e-02 -1.531000e-02 -2.018343e-02
      vertex -2.471956e-02 -1.531000e-02 -1.427185e-02
      vertex -2.471956e-02 -1.281000e-02 -1.427185e-02
    endloop
  endfacet
  facet normal -9.238797e-01 0.000000e+00 -3.826829e-01
    outer loop
      vertex -2.471956e-02 -1.531000e-02 -1.427185e-02
      vertex -2.757108e-02 -1.531000e-02 -7.387649e-03
      vertex -2.757108e-02 -1.281000e-02 -7.387649e-03
    endloop
  endfacet
  facet normal -9.914448e-01 0.000000e+00 -1.305267e-01
    outer loop
      vertex -2.757108e-02 -1.531000e-02 -7.387649e-03
      vertex -2.854369e-02 -1.531000e-02 0.000000e+00
      vertex -2.854369e-02 -1.281000e-02 0.000000e+00
    endloop
  endfacet
  facet normal -9.914448e-01 0.000000e+00 1.305267e-01
    outer loop
      vertex -2.854369e-02 -1.531000e-02 0.000000e+00
      vertex -2.757108e-02 -1.531000e-02 7.387649e-03
      vertex -2.757108e-02 -1.281000e-02 7.387649e-03
    endloop
  endfacet
  facet normal -9.238797e-01 0.000000e+00 3.826830e-01
    outer loop
      vertex -2.757108e-02 -1.531000e-02 7.387649e-03
      vertex -2.471956e-02 -1.531000e-02 1.427184e-02
      vertex -2.471956e-02 -1.281000e-02 1.427184e-02
    endloop
  endfacet
  facet normal -7.933532e-01 0.000000e+00 6.087615e-01
    outer loop
      vertex -2.471956e-02 -1.531000e-02 1.427184e-02
      vertex -2.018343e-02 -1.531000e-02 2.018344e-02
      vertex -2.018343e-02 -1.281000e-02 2.018344e-02
    endloop
  endfacet
  facet normal -6.087614e-01 0.000000e+00 7.933533e-01
    outer loop
      vertex -2.018343e-02 -1.531000e-02 2.018344e-02
      vertex -1.427184e-02 -1.531000e-02 2.471956e-02
      vertex -1.427184e-02 -1.281000e-02 2.471956e-02
    endloop
  endfacet
  facet normal 0.000000e+00 -1.000000e+00 0.000000e+00
    outer loop
      vertex 1.427184e-02 -1.531000e-02 2.471956e-02
      vertex 7.387653e-03 -1.531000e-02 2.757109e-02
      vertex -1.427184e-02 -1.531000e-02 2.471956e-02
    endloop
  endfacet
  facet normal -0.000000e+00 -1.000000e+00 0.000000e+00
    outer loop
      vertex 7.387653e-03 -1.531000e-02 2.757109e-02
      vertex 0.000000e+00 -1.531000e-02 2.854369e-02
      vertex -1.427184e-02 -1.531000e-02 2.471956e-02
    endloop
  endfacet
  facet normal 0.000000e+00 -9.999999e-01 0.000000e+00
    outer loop
      vertex 0.000000e+00 -1.531000e-02 2.854369e-02
      vertex -7.387649e-03 -1.531000e-02 2.757109e-02
      vertex -1.427184e-02 -1.531000e-02 2.471956e-02
    endloop
  endfacet
  facet normal 0.000000e+00 -1.000000e+00 0.000000e+00
    outer loop
      vertex -1.427184e-02 -1.531000e-02 2.471956e-02
      vertex -2.018343e-02 -1.531000e-02 2.018344e-02
      vertex -2.854369e-02 -1.531000e-02 0.000000e+00
    endloop
  endfacet
  facet normal 0.000000e+00 -1.000000e+00 0.000000e+00
    outer loop
      vertex -2.018343e-02 -1.531000e-02 2.018344e-02
      vertex -2.471956e-02 -1.531000e-02 1.427184e-02
      vertex -2.854369e-02 -1.531000e-02 0.000000e+00
    endloop
  endfacet
  facet normal 0.000000e+00 -1.000000e+00 0.000000e+00
    outer loop
      vertex -2.471956e-02 -1.531000e-02 1.427184e-02
      vertex -2.757108e-02 -1.531000e-02 7.387649e-03
      vertex -2.854369e-02 -1.531000e-02 0.000000e+00
    endloop
  endfacet
  facet normal 0.000000e+00 -1.000000e+00 0.000000e+00
    outer loop
      vertex -2.854369e-02 -1.531000e-02 0.000000e+00
      vertex -2.757108e-02 -1.531000e-02 -7.387649e-03
      vertex -2.471956e-02 -1.531000e-02 -1.427185e-02
    endloop
  endfacet
  facet normal 0.000000e+00 -1.000000e+00 0.000000e+00
    outer loop
      vertex -2.471956e-02 -1.531000e-02 -1.427185e-02
      vertex -2.018343e-02 -1.531000e-02 -2.018343e-02
      vertex -2.854369e-02 -1.531000e-02 0.000000e+00
    endloop
  endfacet
  facet normal 0.000000e+00 -1.000000e+00 0.000000e+00
    outer loop
      vertex -2.018343e-02 -1.531000e-02 -2.018343e-02
      vertex -1.427184e-02 -1.531000e-02 -2.471956e-02
      vertex -2.854369e-02 -1.531000e-02 0.000000e+00
    endloop
  endfacet
  facet normal 0.000000e+00 -1.000000e+00 0.000000e+00
    outer loop
      vertex -1.427184e-02 -1.531000e-02 -2.471956e-02
      vertex -7.387649e-03 -1.531000e-02 -2.757109e-02
      vertex 0.000000e+00 -1.531000e-02 -2.854369e-02
    endloop
  endfacet
  facet normal 0.000000e+00 -1.000000e+00 0.000000e+00
    outer loop
      vertex 0.000000e+00 -1.531000e-02 -2.854369e-02
      vertex 7.387653e-03 -1.531000e-02 -2.757109e-02
      vertex 1.427184e-02 -1.531000e-02 -2.471956e-02
    endloop
  endfacet
  facet normal 0.000000e+00 -9.999999e-01 0.000000e+00
    outer loop
      vertex 1.427184e-02 -1.531000e-02 -2.471956e-02
      vertex 2.018344e-02 -1.531000e-02 -2.018343e-02
      vertex 2.471956e-02 -1.531000e-02 -1.427185e-02
    endloop
  endfacet
  facet normal -0.000000e+00 -1.000000e+00 0.000000e+00
    outer loop
      vertex 2.471956e-02 -1.531000e-02 -1.427185e-02
      vertex 2.757108e-02 -1.531000e-02 -7.387649e-03
      vertex 1.427184e-02 -1.531000e-02 -2.471956e-02
    endloop
  endfacet
  facet normal -0.000000e+00 -1.000000e+00 0.000000e+00
    outer loop
      vertex 2.757108e-02 -1.531000e-02 -7.387649e-03
      vertex 2.854369e-02 -1.531000e-02 0.000000e+00
      vertex 1.427184e-02 -1.531000e-02 -2.471956e-02
    endloop
  endfacet
  facet normal 0.000000e+00 -1.000000e+00 0.000000e+00
    outer loop
      vertex 2.854369e-02 -1.531000e-02 0.000000e+00
      vertex 2.757108e-02 -1.531000e-02 7.387649e-03
      vertex 1.427184e-02 -1.531000e-02 2.471956e-02
    endloop
  endfacet
  facet normal 0.000000e+00 -1.000000e+00 0.000000e+00
    outer loop
      vertex 2.757108e-02 -1.531000e-02 7.387649e-03
      vertex 2.471956e-02 -1.531000e-02 1.427184e-02
      vertex 1.427184e-02 -1.531000e-02 2.471956e-02
    endloop
  endfacet
  facet normal 0.000000e+00 -1.000000e+00 0.000000e+00
    outer loop
      vertex 2.471956e-02 -1.531000e-02 1.427184e-02
      vertex 2.018344e-02 -1.531000e-02 2.018344e-02
      vertex 1.427184e-02 -1.531000e-02 2.471956e-02
    endloop
  endfacet
  facet normal 0.000000e+00 -9.999999e-01 0.000000e+00
    outer loop
      vertex -1.427184e-02 -1.531000e-02 -2.471956e-02
      vertex 0.000000e+00 -1.531000e-02 -2.854369e-02
      vertex 1.427184e-02 -1.531000e-02 -2.471956e-02
    endloop
  endfacet
  facet normal -0.000000e+00 -1.000000e+00 -0.000000e+00
    outer loop
      vertex 1.427184e-02 -1.531000e-02 2.471956e-02
      vertex -1.427184e-02 -1.531000e-02 2.471956e-02
      vertex 1.427184e-02 -1.531000e-02 -2.471956e-02
    endloop
  endfacet
  facet normal 0.000000e+00 -1.000000e+00 -0.000000e+00
    outer loop
      vertex -1.427184e-02 -1.531000e-02 2.471956e-02
      vertex -2.854369e-02 -1.531000e-02 0.000000e+00
      vertex 1.427184e-02 -1.531000e-02 -2.471956e-02
    endloop
  endfacet
  facet normal 0.000000e+00 -1.000000e+00 0.000000e+00
    outer loop
      vertex -2.854369e-02 -1.531000e-02 0.000000e+00
      vertex -1.427184e-02 -1.531000e-02 -2.471956e-02
      vertex 1.427184e-02 -1.531000e-02 -2.471956e-02
    endloop
  endfacet
  facet normal -3.826834e-01 0.000000e+00 9.238795e-01
    outer loop
      vertex -1.427184e-02 -1.531000e-02 2.471956e-02
      vertex -7.387649e-03 -1.531000e-02 2.757109e-02
      vertex -7.387649e-03 -1.281000e-02 2.757109e-02
    endloop
  endfacet
  facet normal -1.305262e-01 0.000000e+00 9.914449e-01
    outer loop
      vertex -7.387649e-03 -1.531000e-02 2.757109e-02
      vertex 0.000000e+00 -1.531000e-02 2.854369e-02
      vertex 0.000000e+00 -1.281000e-02 2.854369e-02
    endloop
  endfacet
  facet normal 0.000000e+00 9.999999e-01 0.000000e+00
    outer loop
      vertex -7.387649e-03 -1.281000e-02 2.757109e-02
      vertex 0.000000e+00 -1.281000e-02 2.854369e-02
      vertex 7.387653e-03 -1.281000e-02 2.757109e-02
    endloop
  endfacet
  facet normal 0.000000e+00 9.999999e-01 0.000000e+00
    outer loop
      vertex 7.387653e-03 -1.281000e-02 2.757109e-02
      vertex 1.427184e-02 -1.281000e-02 2.471956e-02
      vertex 2.018344e-02 -1.281000e-02 2.018344e-02
    endloop
  endfacet
  facet normal 0.000000e+00 1.000000e+00 0.000000e+00
    outer loop
      vertex 2.018344e-02 -1.281000e-02 2.018344e-02
      vertex 2.471956e-02 -1.281000e-02 1.427184e-02
      vertex 2.757108e-02 -1.281000e-02 7.387649e-03
    endloop
  endfacet
  facet normal 0.000000e+00 1.000000e+00 0.000000e+00
    outer loop
      vertex 2.757108e-02 -1.281000e-02 7.387649e-03
      vertex 2.854369e-02 -1.281000e-02 0.000000e+00
      vertex 2.757108e-02 -1.281000e-02 -7.387649e-03
    endloop
  endfacet
  facet normal 0.000000e+00 1.000000e+00 0.000000e+00
    outer loop
      vertex 2.757108e-02 -1.281000e-02 -7.387649e-03
      vertex 2.471956e-02 -1.281000e-02 -1.427185e-02
      vertex 2.018344e-02 -1.281000e-02 -2.018343e-02
    endloop
  endfacet
  facet normal 0.000000e+00 1.000000e+00 0.000000e+00
    outer loop
      vertex 2.018344e-02 -1.281000e-02 -2.018343e-02
      vertex 1.427184e-02 -1.281000e-02 -2.471956e-02
      vertex 7.387653e-03 -1.281000e-02 -2.757109e-02
    endloop
  endfacet
  facet normal 0.000000e+00 9.999999e-01 0.000000e+00
    outer loop
      vertex 7.387653e-03 -1.281000e-02 -2.757109e-02
      vertex 0.000000e+00 -1.281000e-02 -2.854369e-02
      vertex -7.387649e-03 -1.281000e-02 -2.757109e-02
    endloop
  endfacet
  facet normal 0.000000e+00 1.000000e+00 -0.000000e+00
    outer loop
      vertex -7.387649e-03 -1.281000e-02 -2.757109e-02
      vertex -1.427184e-02 -1.281000e-02 -2.471956e-02
      vertex 7.387653e-03 -1.281000e-02 -2.757109e-02
    endloop
  endfacet
  facet normal -0.000000e+00 1.000000e+00 -0.000000e+00
    outer loop
      vertex -1.427184e-02 -1.281000e-02 -2.471956e-02
      vertex -2.018343e-02 -1.281000e-02 -2.018343e-02
      vertex 7.387653e-03 -1.281000e-02 -2.757109e-02
    endloop
  endfacet
  facet normal 0.000000e+00 9.999999e-01 0.000000e+00
    outer loop
      vertex -2.018343e-02 -1.281000e-02 -2.018343e-02
      vertex -2.471956e-02 -1.281000e-02 -1.427185e-02
      vertex -2.757108e-02 -1.281000e-02 -7.387649e-03
    endloop
  endfacet
  facet normal 0.000000e+00 1.000000e+00 -0.000000e+00
    outer loop
      vertex -2.757108e-02 -1.281000e-02 -7.387649e-03
      vertex -2.854369e-02 -1.281000e-02 0.000000e+00
      vertex -2.757108e-02 -1.281000e-02 7.387649e-03
    endloop
  endfacet
  facet normal 0.000000e+00 1.000000e+00 0.000000e+00
    outer loop
      vertex -2.757108e-02 -1.281000e-02 7.387649e-03
      vertex -2.471956e-02 -1.281000e-02 1.427184e-02
      vertex -2.018343e-02 -1.281000e-02 2.018344e-02
    endloop
  endfacet
  facet normal 0.000000e+00 1.000000e+00 0.000000e+00
    outer loop
      vertex -2.018343e-02 -1.281000e-02 2.018344e-02
      vertex -1.427184e-02 -1.281000e-02 2.471956e-02
      vertex -7.387649e-03 -1.281000e-02 2.757109e-02
    endloop
  endfacet
  facet normal -0.000000e+00 9.999999e-01 0.000000e+00
    outer loop
      vertex -7.387649e-03 -1.281000e-02 2.757109e-02
      vertex 7.387653e-03 -1.281000e-02 2.757109e-02
      vertex 2.018344e-02 -1.281000e-02 2.018344e-02
    endloop
  endfacet
  facet normal 0.000000e+00 1.000000e+00 0.000000e+00
    outer loop
      vertex 2.018344e-02 -1.281000e-02 2.018344e-02
      vertex 2.757108e-02 -1.281000e-02 7.387649e-03
      vertex -7.387649e-03 -1.281000e-02 2.757109e-02
    endloop
  endfacet
  facet normal 0.000000e+00 1.000000e+00 0.000000e+00
    outer loop
      vertex 2.757108e-02 -1.281000e-02 7.387649e-03
      vertex 2.757108e-02 -1.281000e-02 -7.387649e-03
      vertex -7.387649e-03 -1.281000e-02 2.757109e-02
    endloop
  endfacet
  facet normal 0.000000e+00 1.000000e+00 0.000000e+00
    outer loop
      vertex 2.757108e-02 -1.281000e-02 -7.387649e-03
      vertex 2.018344e-02 -1.281000e-02 -2.018343e-02
      vertex -2.018343e-02 -1.281000e-02 -2.018343e-02
    endloop
  endfacet
  facet normal 0.000000e+00 9.999999e-01 0.000000e+00
    outer loop
      vertex 2.018344e-02 -1.281000e-02 -2.018343e-02
      vertex 7.387653e-03 -1.281000e-02 -2.757109e-02
      vertex -2.018343e-02 -1.281000e-02 -2.018343e-02
    endloop
  endfacet
  facet normal 0.000000e+00 1.000000e+00 -0.000000e+00
    outer loop
      vertex -2.018343e-02 -1.281000e-02 -2.018343e-02
      vertex -2.757108e-02 -1.281000e-02 -7.387649e-03
      vertex -7.387649e-03 -1.281000e-02 2.757109e-02
    endloop
  endfacet
  facet normal 0.000000e+00 1.000000e+00 0.000000e+00
    outer loop
      vertex -2.757108e-02 -1.281000e-02 -7.387649e-03
      vertex -2.757108e-02 -1.281000e-02 7.387649e-03
      vertex -7.387649e-03 -1.281000e-02 2.757109e-02
    endloop
  endfacet
  facet normal 0.000000e+00 1.000000e+00 0.000000e+00
    outer loop
      vertex -2.757108e-02 -1.281000e-02 7.387649e-03
      vertex -2.018343e-02 -1.281000e-02 2.018344e-02
      vertex -7.387649e-03 -1.281000e-02 2.757109e-02
    endloop
  endfacet
  facet normal 9.813208e-01 -1.340072e-01 1.380274e-01
    outer loop
      vertex 3.000000e-02 -5.656853e-03 -5.492091e-03
      vertex 3.000000e-02 5.656853e-03 5.492091e-03
      vertex 2.955657e-02 4.033260e-03 7.068392e-03
    endloop
  endfacet
  facet normal 8.351789e-01 -3.831043e-01 3.945979e-01
    outer loop
      vertex 2.955658e-02 -7.280447e-03 -3.915790e-03
      vertex 2.955657e-02 4.033260e-03 7.068392e-03
      vertex 2.829383e-02 2.656847e-03 8.404713e-03
    endloop
  endfacet
  facet normal 5.611648e-01 -5.765629e-01 5.938597e-01
    outer loop
      vertex 2.829383e-02 -8.656859e-03 -2.579469e-03
      vertex 2.829383e-02 2.656847e-03 8.404713e-03
      vertex 2.640398e-02 1.737162e-03 9.297617e-03
    endloop
  endfacet
  facet normal 1.978397e-01 -6.828126e-01 7.032968e-01
    outer loop
      vertex 2.640399e-02 -9.576544e-03 -1.686569e-03
      vertex 2.640398e-02 1.737162e-03 9.297617e-03
      vertex 2.417475e-02 1.414210e-03 9.611160e-03
    endloop
  endfacet
  facet normal -1.978403e-01 -6.828124e-01 7.032968e-01
    outer loop
      vertex 2.417475e-02 1.414210e-03 9.611160e-03
      vertex 2.194553e-02 1.737162e-03 9.297617e-03
      vertex 2.194554e-02 -9.576552e-03 -1.686569e-03
    endloop
  endfacet
  facet normal -5.611671e-01 -5.765619e-01 5.938585e-01
    outer loop
      vertex 2.194553e-02 1.737162e-03 9.297617e-03
      vertex 2.005569e-02 2.656847e-03 8.404709e-03
      vertex 2.005570e-02 -8.656859e-03 -2.579471e-03
    endloop
  endfacet
  facet normal -8.351769e-01 -3.831068e-01 3.945993e-01
    outer loop
      vertex 2.005569e-02 2.656847e-03 8.404709e-03
      vertex 1.879293e-02 4.033260e-03 7.068392e-03
      vertex 1.879294e-02 -7.280447e-03 -3.915794e-03
    endloop
  endfacet
  facet normal -9.813215e-01 -1.340052e-01 1.380247e-01
    outer loop
      vertex 1.879293e-02 4.033260e-03 7.068392e-03
      vertex 1.834951e-02 5.656853e-03 5.492087e-03
      vertex 1.834952e-02 -5.656853e-03 -5.492095e-03
    endloop
  endfacet
  facet normal -9.813213e-01 1.340052e-01 -1.380260e-01
    outer loop
      vertex 1.834951e-02 5.656853e-03 5.492087e-03
      vertex 1.879293e-02 7.280439e-03 3.915790e-03
      vertex 1.879294e-02 -4.033267e-03 -7.068392e-03
    endloop
  endfacet
  facet normal -8.351773e-01 3.831059e-01 -3.945996e-01
    outer loop
      vertex 1.879293e-02 7.280439e-03 3.915790e-03
      vertex 2.005569e-02 8.656852e-03 2.579469e-03
      vertex 2.005570e-02 -2.656855e-03 -8.404713e-03
    endloop
  endfacet
  facet normal -5.611655e-01 5.765625e-01 -5.938596e-01
    outer loop
      vertex 2.005569e-02 8.656852e-03 2.579469e-03
      vertex 2.194553e-02 9.576537e-03 1.686569e-03
      vertex 2.194554e-02 -1.737170e-03 -9.297615e-03
    endloop
  endfacet
  facet normal -1.978415e-01 6.828123e-01 -7.032967e-01
    outer loop
      vertex 2.194553e-02 9.576537e-03 1.686569e-03
      vertex 2.417475e-02 9.899490e-03 1.373023e-03
      vertex 2.417476e-02 -1.414217e-03 -9.611161e-03
    endloop
  endfacet
  facet normal 1.978386e-01 6.828129e-01 -7.032969e-01
    outer loop
      vertex 2.417476e-02 -1.414217e-03 -9.611161e-03
      vertex 2.417475e-02 9.899490e-03 1.373023e-03
      vertex 2.640398e-02 9.576544e-03 1.686569e-03
    endloop
  endfacet
  facet normal 5.611663e-01 5.765622e-01 -5.938590e-01
    outer loop
      vertex 2.640399e-02 -1.737170e-03 -9.297613e-03
      vertex 2.640398e-02 9.576544e-03 1.686569e-03
      vertex 2.829383e-02 8.656852e-03 2.579473e-03
    endloop
  endfacet
  facet normal 0.000000e+00 6.965804e-01 7.174788e-01
    outer loop
      vertex 2.829383e-02 2.656847e-03 8.404713e-03
      vertex 2.955657e-02 4.033260e-03 7.068392e-03
      vertex 1.879293e-02 4.033260e-03 7.068392e-03
    endloop
  endfacet
  facet normal -2.242340e-07 6.965802e-01 7.174791e-01
    outer loop
      vertex 2.955657e-02 4.033260e-03 7.068392e-03
      vertex 3.000000e-02 5.656853e-03 5.492091e-03
      vertex 1.834951e-02 5.656853e-03 5.492087e-03
    endloop
  endfacet
  facet normal -2.427102e-07 6.965808e-01 7.174783e-01
    outer loop
      vertex 3.000000e-02 5.656853e-03 5.492091e-03
      vertex 2.955657e-02 7.280439e-03 3.915794e-03
      vertex 1.879293e-02 7.280439e-03 3.915790e-03
    endloop
  endfacet
  facet normal -3.237085e-07 6.965802e-01 7.174790e-01
    outer loop
      vertex 2.955657e-02 7.280439e-03 3.915794e-03
      vertex 2.829383e-02 8.656852e-03 2.579473e-03
      vertex 2.005569e-02 8.656852e-03 2.579469e-03
    endloop
  endfacet
  facet normal -1.163719e-06 6.965790e-01 7.174801e-01
    outer loop
      vertex 2.829383e-02 8.656852e-03 2.579473e-03
      vertex 2.640398e-02 9.576544e-03 1.686569e-03
      vertex 2.194553e-02 9.576537e-03 1.686569e-03
    endloop
  endfacet
  facet normal -1.164074e-06 6.965851e-01 7.174743e-01
    outer loop
      vertex 2.640398e-02 9.576544e-03 1.686569e-03
      vertex 2.417475e-02 9.899490e-03 1.373023e-03
      vertex 2.194553e-02 9.576537e-03 1.686569e-03
    endloop
  endfacet
  facet normal -3.229769e-07 6.965820e-01 7.174772e-01
    outer loop
      vertex 2.194553e-02 9.576537e-03 1.686569e-03
      vertex 2.005569e-02 8.656852e-03 2.579469e-03
      vertex 2.829383e-02 8.656852e-03 2.579473e-03
    endloop
  endfacet
  facet normal -2.477558e-07 6.965805e-01 7.174787e-01
    outer loop
      vertex 2.005569e-02 8.656852e-03 2.579469e-03
      vertex 1.879293e-02 7.280439e-03 3.915790e-03
      vertex 2.955657e-02 7.280439e-03 3.915794e-03
    endloop
  endfacet
  facet normal -2.242347e-07 6.965809e-01 7.174783e-01
    outer loop
      vertex 1.879293e-02 7.280439e-03 3.915790e-03
      vertex 1.834951e-02 5.656853e-03 5.492087e-03
      vertex 3.000000e-02 5.656853e-03 5.492091e-03
    endloop
  endfacet
  facet normal 0.000000e+00 6.965809e-01 7.174782e-01
    outer loop
      vertex 1.834951e-02 5.656853e-03 5.492087e-03
      vertex 1.879293e-02 4.033260e-03 7.068392e-03
      vertex 2.955657e-02 4.033260e-03 7.068392e-03
    endloop
  endfacet
  facet normal -3.237089e-07 6.965792e-01 7.174799e-01
    outer loop
      vertex 1.879293e-02 4.033260e-03 7.068392e-03
      vertex 2.005569e-02 2.656847e-03 8.404709e-03
      vertex 2.829383e-02 2.656847e-03 8.404713e-03
    endloop
  endfacet
  facet normal 0.000000e+00 6.965846e-01 7.174746e-01
    outer loop
      vertex 2.005569e-02 2.656847e-03 8.404709e-03
      vertex 2.194553e-02 1.737162e-03 9.297617e-03
      vertex 2.640398e-02 1.737162e-03 9.297617e-03
    endloop
  endfacet
  facet normal -0.000000e+00 6.965767e-01 7.174824e-01
    outer loop
      vertex 2.194553e-02 1.737162e-03 9.297617e-03
      vertex 2.417475e-02 1.414210e-03 9.611160e-03
      vertex 2.640398e-02 1.737162e-03 9.297617e-03
    endloop
  endfacet
  facet normal 8.351789e-01 3.831046e-01 -3.945976e-01
    outer loop
      vertex 2.829383e-02 -2.656855e-03 -8.404711e-03
      vertex 2.829383e-02 8.656852e-03 2.579473e-03
      vertex 2.955657e-02 7.280439e-03 3.915794e-03
    endloop
  endfacet
  facet normal 9.813207e-01 1.340080e-01 -1.380275e-01
    outer loop
      vertex 2.955658e-02 -4.033267e-03 -7.068388e-03
      vertex 2.955657e-02 7.280439e-03 3.915794e-03
      vertex 3.000000e-02 5.656853e-03 5.492091e-03
    endloop
  endfacet
  facet normal 2.328593e-07 -6.965808e-01 -7.174783e-01
    outer loop
      vertex 2.955658e-02 -4.033267e-03 -7.068388e-03
      vertex 3.000000e-02 -5.656853e-03 -5.492091e-03
      vertex 1.834952e-02 -5.656853e-03 -5.492095e-03
    endloop
  endfacet
  facet normal 2.520443e-07 -6.965802e-01 -7.174790e-01
    outer loop
      vertex 3.000000e-02 -5.656853e-03 -5.492091e-03
      vertex 2.955658e-02 -7.280447e-03 -3.915790e-03
      vertex 1.879294e-02 -7.280447e-03 -3.915794e-03
    endloop
  endfacet
  facet normal 2.483191e-07 -6.965805e-01 -7.174787e-01
    outer loop
      vertex 2.955658e-02 -7.280447e-03 -3.915790e-03
      vertex 2.829383e-02 -8.656859e-03 -2.579469e-03
      vertex 1.879294e-02 -7.280447e-03 -3.915794e-03
    endloop
  endfacet
  facet normal 1.622220e-07 -6.965818e-01 -7.174773e-01
    outer loop
      vertex 2.829383e-02 -8.656859e-03 -2.579469e-03
      vertex 2.640399e-02 -9.576544e-03 -1.686569e-03
      vertex 2.005570e-02 -8.656859e-03 -2.579471e-03
    endloop
  endfacet
  facet normal 1.654510e-07 -6.965808e-01 -7.174783e-01
    outer loop
      vertex 1.879294e-02 -7.280447e-03 -3.915794e-03
      vertex 2.829383e-02 -8.656859e-03 -2.579469e-03
      vertex 2.005570e-02 -8.656859e-03 -2.579471e-03
    endloop
  endfacet
  facet normal 1.164070e-06 -6.965829e-01 -7.174763e-01
    outer loop
      vertex 2.640399e-02 -9.576544e-03 -1.686569e-03
      vertex 2.417476e-02 -9.899497e-03 -1.373025e-03
      vertex 2.194554e-02 -9.576552e-03 -1.686569e-03
    endloop
  endfacet
  facet normal 1.164062e-06 -6.965783e-01 -7.174807e-01
    outer loop
      vertex 2.194554e-02 -9.576552e-03 -1.686569e-03
      vertex 2.005570e-02 -8.656859e-03 -2.579471e-03
      vertex 2.640399e-02 -9.576544e-03 -1.686569e-03
    endloop
  endfacet
  facet normal 2.328585e-07 -6.965801e-01 -7.174791e-01
    outer loop
      vertex 1.879294e-02 -7.280447e-03 -3.915794e-03
      vertex 1.834952e-02 -5.656853e-03 -5.492095e-03
      vertex 3.000000e-02 -5.656853e-03 -5.492091e-03
    endloop
  endfacet
  facet normal 2.520451e-07 -6.965809e-01 -7.174782e-01
    outer loop
      vertex 1.834952e-02 -5.656853e-03 -5.492095e-03
      vertex 1.879294e-02 -4.033267e-03 -7.068392e-03
      vertex 2.955658e-02 -4.033267e-03 -7.068388e-03
    endloop
  endfacet
  facet normal 2.483191e-07 -6.965805e-01 -7.174787e-01
    outer loop
      vertex 1.879294e-02 -4.033267e-03 -7.068392e-03
      vertex 2.005570e-02 -2.656855e-03 -8.404713e-03
      vertex 2.955658e-02 -4.033267e-03 -7.068388e-03
    endloop
  endfacet
  facet normal 1.622218e-07 -6.965827e-01 -7.174766e-01
    outer loop
      vertex 2.005570e-02 -2.656855e-03 -8.404713e-03
      vertex 2.194554e-02 -1.737170e-03 -9.297615e-03
      vertex 2.829383e-02 -2.656855e-03 -8.404711e-03
    endloop
  endfacet
  facet normal 1.654510e-07 -6.965808e-01 -7.174783e-01
    outer loop
      vertex 2.955658e-02 -4.033267e-03 -7.068388e-03
      vertex 2.005570e-02 -2.656855e-03 -8.404713e-03
      vertex 2.829383e-02 -2.656855e-03 -8.404711e-03
    endloop
  endfacet
  facet normal 2.997466e-07 -6.965819e-01 -7.174771e-01
    outer loop
      vertex 2.194554e-02 -1.737170e-03 -9.297615e-03
      vertex 2.417476e-02 -1.414217e-03 -9.611161e-03
      vertex 2.640399e-02 -1.737170e-03 -9.297613e-03
    endloop
  endfacet
  facet normal 5.963006e-01 -1.340047e-01 7.914975e-01
    outer loop
      vertex 2.509670e-02 -5.656861e-03 1.732971e-02
      vertex 1.732972e-02 5.656853e-03 2.509670e-02
      vertex 1.590155e-02 4.033260e-03 2.589777e-02
    endloop
  endfacet
  facet normal 3.115352e-01 -3.831067e-01 8.695833e-01
    outer loop
      vertex 2.366854e-02 -7.280447e-03 1.813078e-02
      vertex 1.590155e-02 4.033260e-03 2.589777e-02
      vertex 1.406373e-02 2.656847e-03 2.594978e-02
    endloop
  endfacet
  facet normal -2.311954e-02 -5.765632e-01 8.167254e-01
    outer loop
      vertex 2.183072e-02 -8.656859e-03 1.818280e-02
      vertex 1.406373e-02 2.656847e-03 2.594978e-02
      vertex 1.209603e-02 1.737162e-03 2.524484e-02
    endloop
  endfacet
  facet normal -3.574116e-01 -6.828120e-01 6.372008e-01
    outer loop
      vertex 1.986302e-02 -9.576552e-03 1.747785e-02
      vertex 1.209603e-02 1.737162e-03 2.524484e-02
      vertex 1.029802e-02 1.414210e-03 2.389025e-02
    endloop
  endfacet
  facet normal -6.372003e-01 -6.828123e-01 3.574117e-01
    outer loop
      vertex 1.029802e-02 1.414210e-03 2.389025e-02
      vertex 8.943431e-03 1.737162e-03 2.209224e-02
      vertex 1.671042e-02 -9.576552e-03 1.432525e-02
    endloop
  endfacet
  facet normal -8.167249e-01 -5.765638e-01 2.312070e-02
    outer loop
      vertex 8.943431e-03 1.737162e-03 2.209224e-02
      vertex 8.238479e-03 2.656847e-03 2.012454e-02
      vertex 1.600547e-02 -8.656859e-03 1.235755e-02
    endloop
  endfacet
  facet normal -8.695831e-01 -3.831049e-01 -3.115378e-01
    outer loop
      vertex 8.238479e-03 2.656847e-03 2.012454e-02
      vertex 8.290507e-03 4.033260e-03 1.828672e-02
      vertex 1.605750e-02 -7.280447e-03 1.051973e-02
    endloop
  endfacet
  facet normal -7.914976e-01 -1.340053e-01 -5.963002e-01
    outer loop
      vertex 8.290507e-03 4.033260e-03 1.828672e-02
      vertex 9.091571e-03 5.656853e-03 1.685856e-02
      vertex 1.685856e-02 -5.656853e-03 9.091567e-03
    endloop
  endfacet
  facet normal -5.963000e-01 1.340057e-01 -7.914978e-01
    outer loop
      vertex 9.091571e-03 5.656853e-03 1.685856e-02
      vertex 1.051973e-02 7.280439e-03 1.605750e-02
      vertex 1.828671e-02 -4.033267e-03 8.290507e-03
    endloop
  endfacet
  facet normal -3.115364e-01 3.831053e-01 -8.695835e-01
    outer loop
      vertex 1.051973e-02 7.280439e-03 1.605750e-02
      vertex 1.235756e-02 8.656852e-03 1.600547e-02
      vertex 2.012455e-02 -2.656862e-03 8.238483e-03
    endloop
  endfacet
  facet normal 2.311799e-02 5.765623e-01 -8.167260e-01
    outer loop
      vertex 1.235756e-02 8.656852e-03 1.600547e-02
      vertex 1.432526e-02 9.576544e-03 1.671042e-02
      vertex 2.209224e-02 -1.737170e-03 8.943427e-03
    endloop
  endfacet
  facet normal 3.574147e-01 6.828130e-01 -6.371980e-01
    outer loop
      vertex 1.432526e-02 9.576544e-03 1.671042e-02
      vertex 1.612327e-02 9.899490e-03 1.806501e-02
      vertex 2.389025e-02 -1.414217e-03 1.029802e-02
    endloop
  endfacet
  facet normal 6.372000e-01 6.828123e-01 -3.574121e-01
    outer loop
      vertex 2.389025e-02 -1.414217e-03 1.029802e-02
      vertex 1.612327e-02 9.899490e-03 1.806501e-02
      vertex 1.747786e-02 9.576537e-03 1.986302e-02
    endloop
  endfacet
  facet normal 8.167264e-01 5.765618e-01 -2.311620e-02
    outer loop
      vertex 2.524485e-02 -1.737170e-03 1.209603e-02
      vertex 1.747786e-02 9.576537e-03 1.986302e-02
      vertex 1.818279e-02 8.656852e-03 2.183072e-02
    endloop
  endfacet
  facet normal -5.073352e-01 6.965790e-01 5.073347e-01
    outer loop
      vertex 1.406373e-02 2.656847e-03 2.594978e-02
      vertex 1.590155e-02 4.033260e-03 2.589777e-02
      vertex 8.290507e-03 4.033260e-03 1.828672e-02
    endloop
  endfacet
  facet normal -5.073330e-01 6.965817e-01 5.073335e-01
    outer loop
      vertex 1.590155e-02 4.033260e-03 2.589777e-02
      vertex 1.732972e-02 5.656853e-03 2.509670e-02
      vertex 9.091571e-03 5.656853e-03 1.685856e-02
    endloop
  endfacet
  facet normal -5.073339e-01 6.965804e-01 5.073342e-01
    outer loop
      vertex 1.732972e-02 5.656853e-03 2.509670e-02
      vertex 1.813078e-02 7.280439e-03 2.366854e-02
      vertex 1.051973e-02 7.280439e-03 1.605750e-02
    endloop
  endfacet
  facet normal -5.073351e-01 6.965793e-01 5.073345e-01
    outer loop
      vertex 1.813078e-02 7.280439e-03 2.366854e-02
      vertex 1.818279e-02 8.656852e-03 2.183072e-02
      vertex 1.235756e-02 8.656852e-03 1.600547e-02
    endloop
  endfacet
  facet normal -5.073318e-01 6.965842e-01 5.073311e-01
    outer loop
      vertex 1.818279e-02 8.656852e-03 2.183072e-02
      vertex 1.747786e-02 9.576537e-03 1.986302e-02
      vertex 1.235756e-02 8.656852e-03 1.600547e-02
    endloop
  endfacet
  facet normal -5.073357e-01 6.965771e-01 5.073368e-01
    outer loop
      vertex 1.747786e-02 9.576537e-03 1.986302e-02
      vertex 1.612327e-02 9.899490e-03 1.806501e-02
      vertex 1.432526e-02 9.576544e-03 1.671042e-02
    endloop
  endfacet
  facet normal -5.073339e-01 6.965799e-01 5.073350e-01
    outer loop
      vertex 1.235756e-02 8.656852e-03 1.600547e-02
      vertex 1.747786e-02 9.576537e-03 1.986302e-02
      vertex 1.432526e-02 9.576544e-03 1.671042e-02
    endloop
  endfacet
  facet normal -5.073330e-01 6.965816e-01 5.073333e-01
    outer loop
      vertex 1.235756e-02 8.656852e-03 1.600547e-02
      vertex 1.051973e-02 7.280439e-03 1.605750e-02
      vertex 1.813078e-02 7.280439e-03 2.366854e-02
    endloop
  endfacet
  facet normal -5.073335e-01 6.965809e-01 5.073340e-01
    outer loop
      vertex 1.051973e-02 7.280439e-03 1.605750e-02
      vertex 9.091571e-03 5.656853e-03 1.685856e-02
      vertex 1.732972e-02 5.656853e-03 2.509670e-02
    endloop
  endfacet
  facet normal -5.073351e-01 6.965793e-01 5.073346e-01
    outer loop
      vertex 9.091571e-03 5.656853e-03 1.685856e-02
      vertex 8.290507e-03 4.033260e-03 1.828672e-02
      vertex 1.590155e-02 4.033260e-03 2.589777e-02
    endloop
  endfacet
  facet normal -5.073319e-01 6.965828e-01 5.073329e-01
    outer loop
      vertex 8.290507e-03 4.033260e-03 1.828672e-02
      vertex 8.238479e-03 2.656847e-03 2.012454e-02
      vertex 1.406373e-02 2.656847e-03 2.594978e-02
    endloop
  endfacet
  facet normal -5.073330e-01 6.965812e-01 5.073341e-01
    outer loop
      vertex 8.238479e-03 2.656847e-03 2.012454e-02
      vertex 8.943431e-03 1.737162e-03 2.209224e-02
      vertex 1.406373e-02 2.656847e-03 2.594978e-02
    endloop
  endfacet
  facet normal -5.073360e-01 6.965775e-01 5.073360e-01
    outer loop
      vertex 8.943431e-03 1.737162e-03 2.209224e-02
      vertex 1.029802e-02 1.414210e-03 2.389025e-02
      vertex 1.209603e-02 1.737162e-03 2.524484e-02
    endloop
  endfacet
  facet normal 8.695834e-01 3.831080e-01 3.115332e-01
    outer loop
      vertex 2.594978e-02 -2.656862e-03 1.406373e-02
      vertex 1.818279e-02 8.656852e-03 2.183072e-02
      vertex 1.813078e-02 7.280439e-03 2.366854e-02
    endloop
  endfacet
  facet normal 7.914975e-01 1.340049e-01 5.963006e-01
    outer loop
      vertex 2.589777e-02 -4.033275e-03 1.590155e-02
      vertex 1.813078e-02 7.280439e-03 2.366854e-02
      vertex 1.732972e-02 5.656853e-03 2.509670e-02
    endloop
  endfacet
  facet normal 5.073323e-01 -6.965828e-01 -5.073325e-01
    outer loop
      vertex 2.589777e-02 -4.033275e-03 1.590155e-02
      vertex 2.509670e-02 -5.656861e-03 1.732971e-02
      vertex 1.685856e-02 -5.656853e-03 9.091567e-03
    endloop
  endfacet
  facet normal 5.073330e-01 -6.965822e-01 -5.073326e-01
    outer loop
      vertex 2.509670e-02 -5.656861e-03 1.732971e-02
      vertex 2.366854e-02 -7.280447e-03 1.813078e-02
      vertex 1.605750e-02 -7.280447e-03 1.051973e-02
    endloop
  endfacet
  facet normal 5.073348e-01 -6.965798e-01 -5.073342e-01
    outer loop
      vertex 2.366854e-02 -7.280447e-03 1.813078e-02
      vertex 2.183072e-02 -8.656859e-03 1.818280e-02
      vertex 1.605750e-02 -7.280447e-03 1.051973e-02
    endloop
  endfacet
  facet normal 5.073346e-01 -6.965797e-01 -5.073346e-01
    outer loop
      vertex 2.183072e-02 -8.656859e-03 1.818280e-02
      vertex 1.986302e-02 -9.576552e-03 1.747785e-02
      vertex 1.600547e-02 -8.656859e-03 1.235755e-02
    endloop
  endfacet
  facet normal 5.073336e-01 -6.965810e-01 -5.073336e-01
    outer loop
      vertex 1.605750e-02 -7.280447e-03 1.051973e-02
      vertex 2.183072e-02 -8.656859e-03 1.818280e-02
      vertex 1.600547e-02 -8.656859e-03 1.235755e-02
    endloop
  endfacet
  facet normal 5.073325e-01 -6.965836e-01 -5.073313e-01
    outer loop
      vertex 1.986302e-02 -9.576552e-03 1.747785e-02
      vertex 1.806501e-02 -9.899504e-03 1.612326e-02
      vertex 1.671042e-02 -9.576552e-03 1.432525e-02
    endloop
  endfacet
  facet normal 5.073373e-01 -6.965767e-01 -5.073361e-01
    outer loop
      vertex 1.671042e-02 -9.576552e-03 1.432525e-02
      vertex 1.600547e-02 -8.656859e-03 1.235755e-02
      vertex 1.986302e-02 -9.576552e-03 1.747785e-02
    endloop
  endfacet
  facet normal 5.073339e-01 -6.965805e-01 -5.073341e-01
    outer loop
      vertex 1.605750e-02 -7.280447e-03 1.051973e-02
      vertex 1.685856e-02 -5.656853e-03 9.091567e-03
      vertex 2.509670e-02 -5.656861e-03 1.732971e-02
    endloop
  endfacet
  facet normal 5.073342e-01 -6.965790e-01 -5.073359e-01
    outer loop
      vertex 1.685856e-02 -5.656853e-03 9.091567e-03
      vertex 1.828671e-02 -4.033267e-03 8.290507e-03
      vertex 2.589777e-02 -4.033275e-03 1.590155e-02
    endloop
  endfacet
  facet normal 5.073304e-01 -6.965846e-01 -5.073321e-01
    outer loop
      vertex 1.828671e-02 -4.033267e-03 8.290507e-03
      vertex 2.012455e-02 -2.656862e-03 8.238483e-03
      vertex 2.589777e-02 -4.033275e-03 1.590155e-02
    endloop
  endfacet
  facet normal 5.073361e-01 -6.965783e-01 -5.073351e-01
    outer loop
      vertex 2.012455e-02 -2.656862e-03 8.238483e-03
      vertex 2.209224e-02 -1.737170e-03 8.943427e-03
      vertex 2.594978e-02 -2.656862e-03 1.406373e-02
    endloop
  endfacet
  facet normal 5.073363e-01 -6.965778e-01 -5.073354e-01
    outer loop
      vertex 2.589777e-02 -4.033275e-03 1.590155e-02
      vertex 2.012455e-02 -2.656862e-03 8.238483e-03
      vertex 2.594978e-02 -2.656862e-03 1.406373e-02
    endloop
  endfacet
  facet normal 5.073375e-01 -6.965746e-01 -5.073387e-01
    outer loop
      vertex 2.209224e-02 -1.737170e-03 8.943427e-03
      vertex 2.389025e-02 -1.414217e-03 1.029802e-02
      vertex 2.524485e-02 -1.737170e-03 1.209603e-02
    endloop
  endfacet
  facet normal -1.380264e-01 -1.340063e-01 9.813210e-01
    outer loop
      vertex 5.492091e-03 -5.656853e-03 3.000000e-02
      vertex -5.492091e-03 5.656853e-03 3.000000e-02
      vertex -7.068388e-03 4.033260e-03 2.955658e-02
    endloop
  endfacet
  facet normal -3.945982e-01 -3.831051e-01 8.351783e-01
    outer loop
      vertex 3.915794e-03 -7.280447e-03 2.955658e-02
      vertex -7.068388e-03 4.033260e-03 2.955658e-02
      vertex -8.404713e-03 2.656847e-03 2.829383e-02
    endloop
  endfacet
  facet normal -5.938595e-01 -5.765625e-01 5.611655e-01
    outer loop
      vertex 2.579466e-03 -8.656859e-03 2.829383e-02
      vertex -8.404713e-03 2.656847e-03 2.829383e-02
      vertex -9.297617e-03 1.737162e-03 2.640398e-02
    endloop
  endfacet
  facet normal -7.032968e-01 -6.828125e-01 1.978401e-01
    outer loop
      vertex 1.686573e-03 -9.576552e-03 2.640398e-02
      vertex -9.297617e-03 1.737162e-03 2.640398e-02
      vertex -9.611160e-03 1.414210e-03 2.417476e-02
    endloop
  endfacet
  facet normal -7.032967e-01 -6.828125e-01 -1.978403e-01
    outer loop
      vertex -9.611160e-03 1.414210e-03 2.417476e-02
      vertex -9.297617e-03 1.737162e-03 2.194554e-02
      vertex 1.686573e-03 -9.576552e-03 2.194554e-02
    endloop
  endfacet
  facet normal -5.938599e-01 -5.765628e-01 -5.611647e-01
    outer loop
      vertex -9.297617e-03 1.737162e-03 2.194554e-02
      vertex -8.404713e-03 2.656847e-03 2.005569e-02
      vertex 2.579466e-03 -8.656859e-03 2.005569e-02
    endloop
  endfacet
  facet normal -3.945989e-01 -3.831058e-01 -8.351776e-01
    outer loop
      vertex -8.404713e-03 2.656847e-03 2.005569e-02
      vertex -7.068388e-03 4.033260e-03 1.879293e-02
      vertex 3.915794e-03 -7.280447e-03 1.879293e-02
    endloop
  endfacet
  facet normal -1.380253e-01 -1.340052e-01 -9.813214e-01
    outer loop
      vertex -7.068388e-03 4.033260e-03 1.879293e-02
      vertex -5.492091e-03 5.656853e-03 1.834951e-02
      vertex 5.492091e-03 -5.656853e-03 1.834951e-02
    endloop
  endfacet
  facet normal 1.380254e-01 1.340051e-01 -9.813215e-01
    outer loop
      vertex -5.492091e-03 5.656853e-03 1.834951e-02
      vertex -3.915787e-03 7.280439e-03 1.879293e-02
      vertex 7.068388e-03 -4.033267e-03 1.879293e-02
    endloop
  endfacet
  facet normal 3.945994e-01 3.831060e-01 -8.351773e-01
    outer loop
      vertex -3.915787e-03 7.280439e-03 1.879293e-02
      vertex -2.579466e-03 8.656852e-03 2.005569e-02
      vertex 8.404709e-03 -2.656855e-03 2.005569e-02
    endloop
  endfacet
  facet normal 5.938601e-01 5.765633e-01 -5.611639e-01
    outer loop
      vertex -2.579466e-03 8.656852e-03 2.005569e-02
      vertex -1.686566e-03 9.576537e-03 2.194554e-02
      vertex 9.297617e-03 -1.737170e-03 2.194554e-02
    endloop
  endfacet
  facet normal 7.032968e-01 6.828125e-01 -1.978403e-01
    outer loop
      vertex -1.686566e-03 9.576537e-03 2.194554e-02
      vertex -1.373023e-03 9.899490e-03 2.417476e-02
      vertex 9.611160e-03 -1.414217e-03 2.417476e-02
    endloop
  endfacet
  facet normal 7.032968e-01 6.828125e-01 1.978401e-01
    outer loop
      vertex 9.611160e-03 -1.414217e-03 2.417476e-02
      vertex -1.373023e-03 9.899490e-03 2.417476e-02
      vertex -1.686566e-03 9.576537e-03 2.640398e-02
    endloop
  endfacet
  facet normal 5.938597e-01 5.765629e-01 5.611647e-01
    outer loop
      vertex 9.297617e-03 -1.737170e-03 2.640398e-02
      vertex -1.686566e-03 9.576537e-03 2.640398e-02
      vertex -2.579466e-03 8.656852e-03 2.829383e-02
    endloop
  endfacet
  facet normal -7.174779e-01 6.965814e-01 0.000000e+00
    outer loop
      vertex -8.404713e-03 2.656847e-03 2.829383e-02
      vertex -7.068388e-03 4.033260e-03 2.955658e-02
      vertex -7.068388e-03 4.033260e-03 1.879293e-02
    endloop
  endfacet
  facet normal -7.174799e-01 6.965793e-01 0.000000e+00
    outer loop
      vertex -7.068388e-03 4.033260e-03 2.955658e-02
      vertex -5.492091e-03 5.656853e-03 3.000000e-02
      vertex -5.492091e-03 5.656853e-03 1.834951e-02
    endloop
  endfacet
  facet normal -7.174766e-01 6.965826e-01 0.000000e+00
    outer loop
      vertex -5.492091e-03 5.656853e-03 3.000000e-02
      vertex -3.915787e-03 7.280439e-03 2.955658e-02
      vertex -3.915787e-03 7.280439e-03 1.879293e-02
    endloop
  endfacet
  facet normal -7.174788e-01 6.965804e-01 0.000000e+00
    outer loop
      vertex -3.915787e-03 7.280439e-03 2.955658e-02
      vertex -2.579466e-03 8.656852e-03 2.829383e-02
      vertex -2.579466e-03 8.656852e-03 2.005569e-02
    endloop
  endfacet
  facet normal -7.174775e-01 6.965817e-01 0.000000e+00
    outer loop
      vertex -2.579466e-03 8.656852e-03 2.829383e-02
      vertex -1.686566e-03 9.576537e-03 2.640398e-02
      vertex -1.686566e-03 9.576537e-03 2.194554e-02
    endloop
  endfacet
  facet normal -7.174824e-01 6.965767e-01 0.000000e+00
    outer loop
      vertex -1.686566e-03 9.576537e-03 2.640398e-02
      vertex -1.373023e-03 9.899490e-03 2.417476e-02
      vertex -1.686566e-03 9.576537e-03 2.194554e-02
    endloop
  endfacet
  facet normal -7.174776e-01 6.965817e-01 0.000000e+00
    outer loop
      vertex -1.686566e-03 9.576537e-03 2.194554e-02
      vertex -2.579466e-03 8.656852e-03 2.005569e-02
      vertex -2.579466e-03 8.656852e-03 2.829383e-02
    endloop
  endfacet
  facet normal -7.174788e-01 6.965804e-01 0.000000e+00
    outer loop
      vertex -2.579466e-03 8.656852e-03 2.005569e-02
      vertex -3.915787e-03 7.280439e-03 1.879293e-02
      vertex -3.915787e-03 7.280439e-03 2.955658e-02
    endloop
  endfacet
  facet normal -7.174766e-01 6.965826e-01 0.000000e+00
    outer loop
      vertex -3.915787e-03 7.280439e-03 1.879293e-02
      vertex -5.492091e-03 5.656853e-03 1.834951e-02
      vertex -5.492091e-03 5.656853e-03 3.000000e-02
    endloop
  endfacet
  facet normal -7.174798e-01 6.965793e-01 0.000000e+00
    outer loop
      vertex -5.492091e-03 5.656853e-03 1.834951e-02
      vertex -7.068388e-03 4.033260e-03 1.879293e-02
      vertex -7.068388e-03 4.033260e-03 2.955658e-02
    endloop
  endfacet
  facet normal -7.174779e-01 6.965814e-01 0.000000e+00
    outer loop
      vertex -7.068388e-03 4.033260e-03 1.879293e-02
      vertex -8.404713e-03 2.656847e-03 2.005569e-02
      vertex -8.404713e-03 2.656847e-03 2.829383e-02
    endloop
  endfacet
  facet normal -7.174760e-01 6.965832e-01 0.000000e+00
    outer loop
      vertex -8.404713e-03 2.656847e-03 2.005569e-02
      vertex -9.297617e-03 1.737162e-03 2.194554e-02
      vertex -8.404713e-03 2.656847e-03 2.829383e-02
    endloop
  endfacet
  facet normal -7.174824e-01 6.965767e-01 0.000000e+00
    outer loop
      vertex -9.297617e-03 1.737162e-03 2.194554e-02
      vertex -9.611160e-03 1.414210e-03 2.417476e-02
      vertex -9.297617e-03 1.737162e-03 2.640398e-02
    endloop
  endfacet
  facet normal 3.945985e-01 3.831052e-01 8.351781e-01
    outer loop
      vertex 8.404709e-03 -2.656855e-03 2.829383e-02
      vertex -2.579466e-03 8.656852e-03 2.829383e-02
      vertex -3.915787e-03 7.280439e-03 2.955658e-02
    endloop
  endfacet
  facet normal 1.380265e-01 1.340062e-01 9.813210e-01
    outer loop
      vertex 7.068388e-03 -4.033267e-03 2.955658e-02
      vertex -3.915787e-03 7.280439e-03 2.955658e-02
      vertex -5.492091e-03 5.656853e-03 3.000000e-02
    endloop
  endfacet
  facet normal 7.174782e-01 -6.965809e-01 0.000000e+00
    outer loop
      vertex 7.068388e-03 -4.033267e-03 2.955658e-02
      vertex 5.492091e-03 -5.656853e-03 3.000000e-02
      vertex 5.492091e-03 -5.656853e-03 1.834951e-02
    endloop
  endfacet
  facet normal 7.174799e-01 -6.965792e-01 0.000000e+00
    outer loop
      vertex 5.492091e-03 -5.656853e-03 3.000000e-02
      vertex 3.915794e-03 -7.280447e-03 2.955658e-02
      vertex 3.915794e-03 -7.280447e-03 1.879293e-02
    endloop
  endfacet
  facet normal 7.174768e-01 -6.965824e-01 0.000000e+00
    outer loop
      vertex 3.915794e-03 -7.280447e-03 2.955658e-02
      vertex 2.579466e-03 -8.656859e-03 2.829383e-02
      vertex 3.915794e-03 -7.280447e-03 1.879293e-02
    endloop
  endfacet
  facet normal 7.174832e-01 -6.965758e-01 0.000000e+00
    outer loop
      vertex 2.579466e-03 -8.656859e-03 2.829383e-02
      vertex 1.686573e-03 -9.576552e-03 2.640398e-02
      vertex 2.579466e-03 -8.656859e-03 2.005569e-02
    endloop
  endfacet
  facet normal 7.174768e-01 -6.965823e-01 0.000000e+00
    outer loop
      vertex 3.915794e-03 -7.280447e-03 1.879293e-02
      vertex 2.579466e-03 -8.656859e-03 2.829383e-02
      vertex 2.579466e-03 -8.656859e-03 2.005569e-02
    endloop
  endfacet
  facet normal 7.174741e-01 -6.965852e-01 0.000000e+00
    outer loop
      vertex 1.686573e-03 -9.576552e-03 2.640398e-02
      vertex 1.373023e-03 -9.899504e-03 2.417476e-02
      vertex 1.686573e-03 -9.576552e-03 2.194554e-02
    endloop
  endfacet
  facet normal 7.174832e-01 -6.965758e-01 0.000000e+00
    outer loop
      vertex 1.686573e-03 -9.576552e-03 2.194554e-02
      vertex 2.579466e-03 -8.656859e-03 2.005569e-02
      vertex 1.686573e-03 -9.576552e-03 2.640398e-02
    endloop
  endfacet
  facet normal 7.174799e-01 -6.965792e-01 0.000000e+00
    outer loop
      vertex 3.915794e-03 -7.280447e-03 1.879293e-02
      vertex 5.492091e-03 -5.656853e-03 1.834951e-02
      vertex 5.492091e-03 -5.656853e-03 3.000000e-02
    endloop
  endfacet
  facet normal 7.174783e-01 -6.965809e-01 0.000000e+00
    outer loop
      vertex 5.492091e-03 -5.656853e-03 1.834951e-02
      vertex 7.068388e-03 -4.033267e-03 1.879293e-02
      vertex 7.068388e-03 -4.033267e-03 2.955658e-02
    endloop
  endfacet
  facet normal 7.174788e-01 -6.965804e-01 0.000000e+00
    outer loop
      vertex 7.068388e-03 -4.033267e-03 1.879293e-02
      vertex 8.404709e-03 -2.656855e-03 2.005569e-02
      vertex 7.068388e-03 -4.033267e-03 2.955658e-02
    endloop
  endfacet
  facet normal 7.174746e-01 -6.965848e-01 0.000000e+00
    outer loop
      vertex 8.404709e-03 -2.656855e-03 2.005569e-02
      vertex 9.297617e-03 -1.737170e-03 2.194554e-02
      vertex 8.404709e-03 -2.656855e-03 2.829383e-02
    endloop
  endfacet
  facet normal 7.174788e-01 -6.965804e-01 0.000000e+00
    outer loop
      vertex 7.068388e-03 -4.033267e-03 2.955658e-02
      vertex 8.404709e-03 -2.656855e-03 2.005569e-02
      vertex 8.404709e-03 -2.656855e-03 2.829383e-02
    endloop
  endfacet
  facet normal 7.174824e-01 -6.965767e-01 0.000000e+00
    outer loop
      vertex 9.297617e-03 -1.737170e-03 2.194554e-02
      vertex 9.611160e-03 -1.414217e-03 2.417476e-02
      vertex 9.297617e-03 -1.737170e-03 2.640398e-02
    endloop
  endfacet
  facet normal -7.914975e-01 -1.340050e-01 5.963005e-01
    outer loop
      vertex -1.732971e-02 -5.656853e-03 2.509670e-02
      vertex -2.509670e-02 5.656853e-03 1.732971e-02
      vertex -2.589776e-02 4.033260e-03 1.590155e-02
    endloop
  endfacet
  facet normal -8.695834e-01 -3.831057e-01 3.115362e-01
    outer loop
      vertex -1.813078e-02 -7.280447e-03 2.366854e-02
      vertex -2.589776e-02 4.033260e-03 1.590155e-02
      vertex -2.594978e-02 2.656847e-03 1.406373e-02
    endloop
  endfacet
  facet normal -8.167256e-01 -5.765628e-01 -2.311837e-02
    outer loop
      vertex -1.818279e-02 -8.656859e-03 2.183072e-02
      vertex -2.594978e-02 2.656847e-03 1.406373e-02
      vertex -2.524484e-02 1.737162e-03 1.209603e-02
    endloop
  endfacet
  facet normal -6.372010e-01 -6.828119e-01 -3.574111e-01
    outer loop
      vertex -1.747785e-02 -9.576552e-03 1.986302e-02
      vertex -2.524484e-02 1.737162e-03 1.209603e-02
      vertex -2.389025e-02 1.414210e-03 1.029802e-02
    endloop
  endfacet
  facet normal -3.574117e-01 -6.828122e-01 -6.372004e-01
    outer loop
      vertex -2.389025e-02 1.414210e-03 1.029802e-02
      vertex -2.209224e-02 1.737162e-03 8.943427e-03
      vertex -1.432525e-02 -9.576552e-03 1.671042e-02
    endloop
  endfacet
  facet normal -2.311851e-02 -5.765626e-01 -8.167257e-01
    outer loop
      vertex -2.209224e-02 1.737162e-03 8.943427e-03
      vertex -2.012454e-02 2.656847e-03 8.238483e-03
      vertex -1.235755e-02 -8.656859e-03 1.600547e-02
    endloop
  endfacet
  facet normal 3.115365e-01 -3.831055e-01 -8.695833e-01
    outer loop
      vertex -2.012454e-02 2.656847e-03 8.238483e-03
      vertex -1.828672e-02 4.033260e-03 8.290507e-03
      vertex -1.051973e-02 -7.280447e-03 1.605750e-02
    endloop
  endfacet
  facet normal 5.962995e-01 -1.340062e-01 -7.914981e-01
    outer loop
      vertex -1.828672e-02 4.033260e-03 8.290507e-03
      vertex -1.685856e-02 5.656853e-03 9.091567e-03
      vertex -9.091571e-03 -5.656861e-03 1.685856e-02
    endloop
  endfacet
  facet normal 7.914984e-01 1.340071e-01 -5.962989e-01
    outer loop
      vertex -1.685856e-02 5.656853e-03 9.091567e-03
      vertex -1.605750e-02 7.280439e-03 1.051973e-02
      vertex -8.290503e-03 -4.033275e-03 1.828672e-02
    endloop
  endfacet
  facet normal 8.695835e-01 3.831047e-01 -3.115372e-01
    outer loop
      vertex -1.605750e-02 7.280439e-03 1.051973e-02
      vertex -1.600547e-02 8.656852e-03 1.235755e-02
      vertex -8.238483e-03 -2.656862e-03 2.012454e-02
    endloop
  endfacet
  facet normal 8.167258e-01 5.765626e-01 2.311847e-02
    outer loop
      vertex -1.600547e-02 8.656852e-03 1.235755e-02
      vertex -1.671042e-02 9.576537e-03 1.432525e-02
      vertex -8.943427e-03 -1.737170e-03 2.209224e-02
    endloop
  endfacet
  facet normal 6.372007e-01 6.828122e-01 3.574113e-01
    outer loop
      vertex -1.671042e-02 9.576537e-03 1.432525e-02
      vertex -1.806501e-02 9.899490e-03 1.612326e-02
      vertex -1.029802e-02 -1.414217e-03 2.389025e-02
    endloop
  endfacet
  facet normal 3.574135e-01 6.828126e-01 6.371989e-01
    outer loop
      vertex -1.029802e-02 -1.414217e-03 2.389025e-02
      vertex -1.806501e-02 9.899490e-03 1.612326e-02
      vertex -1.986301e-02 9.576544e-03 1.747785e-02
    endloop
  endfacet
  facet normal 2.311716e-02 5.765617e-01 8.167266e-01
    outer loop
      vertex -1.209603e-02 -1.737170e-03 2.524484e-02
      vertex -1.986301e-02 9.576544e-03 1.747785e-02
      vertex -2.183071e-02 8.656852e-03 1.818280e-02
    endloop
  endfacet
  facet normal -5.073345e-01 6.965798e-01 -5.073347e-01
    outer loop
      vertex -2.594978e-02 2.656847e-03 1.406373e-02
      vertex -2.589776e-02 4.033260e-03 1.590155e-02
      vertex -1.828672e-02 4.033260e-03 8.290507e-03
    endloop
  endfacet
  facet normal -5.073343e-01 6.965805e-01 -5.073339e-01
    outer loop
      vertex -2.589776e-02 4.033260e-03 1.590155e-02
      vertex -2.509670e-02 5.656853e-03 1.732971e-02
      vertex -1.685856e-02 5.656853e-03 9.091567e-03
    endloop
  endfacet
  facet normal -5.073334e-01 6.965817e-01 -5.073332e-01
    outer loop
      vertex -2.509670e-02 5.656853e-03 1.732971e-02
      vertex -2.366854e-02 7.280439e-03 1.813078e-02
      vertex -1.605750e-02 7.280439e-03 1.051973e-02
    endloop
  endfacet
  facet normal -5.073342e-01 6.965805e-01 -5.073339e-01
    outer loop
      vertex -2.366854e-02 7.280439e-03 1.813078e-02
      vertex -2.183071e-02 8.656852e-03 1.818280e-02
      vertex -1.600547e-02 8.656852e-03 1.235755e-02
    endloop
  endfacet
  facet normal -5.073345e-01 6.965788e-01 -5.073357e-01
    outer loop
      vertex -2.183071e-02 8.656852e-03 1.818280e-02
      vertex -1.986301e-02 9.576544e-03 1.747785e-02
      vertex -1.671042e-02 9.576537e-03 1.432525e-02
    endloop
  endfacet
  facet normal -5.073316e-01 6.965833e-01 -5.073326e-01
    outer loop
      vertex -1.986301e-02 9.576544e-03 1.747785e-02
      vertex -1.806501e-02 9.899490e-03 1.612326e-02
      vertex -1.671042e-02 9.576537e-03 1.432525e-02
    endloop
  endfacet
  facet normal -5.073329e-01 6.965823e-01 -5.073326e-01
    outer loop
      vertex -1.671042e-02 9.576537e-03 1.432525e-02
      vertex -1.600547e-02 8.656852e-03 1.235755e-02
      vertex -2.183071e-02 8.656852e-03 1.818280e-02
    endloop
  endfacet
  facet normal -5.073343e-01 6.965802e-01 -5.073341e-01
    outer loop
      vertex -1.600547e-02 8.656852e-03 1.235755e-02
      vertex -1.605750e-02 7.280439e-03 1.051973e-02
      vertex -2.366854e-02 7.280439e-03 1.813078e-02
    endloop
  endfacet
  facet normal -5.073331e-01 6.965821e-01 -5.073326e-01
    outer loop
      vertex -1.605750e-02 7.280439e-03 1.051973e-02
      vertex -1.685856e-02 5.656853e-03 9.091567e-03
      vertex -2.509670e-02 5.656853e-03 1.732971e-02
    endloop
  endfacet
  facet normal -5.073351e-01 6.965787e-01 -5.073354e-01
    outer loop
      vertex -1.685856e-02 5.656853e-03 9.091567e-03
      vertex -1.828672e-02 4.033260e-03 8.290507e-03
      vertex -2.589776e-02 4.033260e-03 1.590155e-02
    endloop
  endfacet
  facet normal -5.073334e-01 6.965820e-01 -5.073327e-01
    outer loop
      vertex -1.828672e-02 4.033260e-03 8.290507e-03
      vertex -2.012454e-02 2.656847e-03 8.238483e-03
      vertex -2.594978e-02 2.656847e-03 1.406373e-02
    endloop
  endfacet
  facet normal -5.073333e-01 6.965820e-01 -5.073327e-01
    outer loop
      vertex -2.012454e-02 2.656847e-03 8.238483e-03
      vertex -2.209224e-02 1.737162e-03 8.943427e-03
      vertex -2.594978e-02 2.656847e-03 1.406373e-02
    endloop
  endfacet
  facet normal -5.073339e-01 6.965805e-01 -5.073339e-01
    outer loop
      vertex -2.209224e-02 1.737162e-03 8.943427e-03
      vertex -2.389025e-02 1.414210e-03 1.029802e-02
      vertex -2.524484e-02 1.737162e-03 1.209603e-02
    endloop
  endfacet
  facet normal -3.115357e-01 3.831059e-01 8.695835e-01
    outer loop
      vertex -1.406372e-02 -2.656862e-03 2.594978e-02
      vertex -2.183071e-02 8.656852e-03 1.818280e-02
      vertex -2.366854e-02 7.280439e-03 1.813078e-02
    endloop
  endfacet
  facet normal -5.962995e-01 1.340063e-01 7.914980e-01
    outer loop
      vertex -1.590155e-02 -4.033267e-03 2.589777e-02
      vertex -2.366854e-02 7.280439e-03 1.813078e-02
      vertex -2.509670e-02 5.656853e-03 1.732971e-02
    endloop
  endfacet
  facet normal 5.073326e-01 -6.965821e-01 5.073332e-01
    outer loop
      vertex -1.590155e-02 -4.033267e-03 2.589777e-02
      vertex -1.732971e-02 -5.656853e-03 2.509670e-02
      vertex -9.091571e-03 -5.656861e-03 1.685856e-02
    endloop
  endfacet
  facet normal 5.073348e-01 -6.965793e-01 5.073348e-01
    outer loop
      vertex -1.732971e-02 -5.656853e-03 2.509670e-02
      vertex -1.813078e-02 -7.280447e-03 2.366854e-02
      vertex -1.051973e-02 -7.280447e-03 1.605750e-02
    endloop
  endfacet
  facet normal 5.073342e-01 -6.965804e-01 5.073342e-01
    outer loop
      vertex -1.813078e-02 -7.280447e-03 2.366854e-02
      vertex -1.818279e-02 -8.656859e-03 2.183072e-02
      vertex -1.051973e-02 -7.280447e-03 1.605750e-02
    endloop
  endfacet
  facet normal 5.073342e-01 -6.965805e-01 5.073339e-01
    outer loop
      vertex -1.818279e-02 -8.656859e-03 2.183072e-02
      vertex -1.747785e-02 -9.576552e-03 1.986302e-02
      vertex -1.235755e-02 -8.656859e-03 1.600547e-02
    endloop
  endfacet
  facet normal 5.073338e-01 -6.965811e-01 5.073334e-01
    outer loop
      vertex -1.051973e-02 -7.280447e-03 1.605750e-02
      vertex -1.818279e-02 -8.656859e-03 2.183072e-02
      vertex -1.235755e-02 -8.656859e-03 1.600547e-02
    endloop
  endfacet
  facet normal 5.073381e-01 -6.965746e-01 5.073381e-01
    outer loop
      vertex -1.747785e-02 -9.576552e-03 1.986302e-02
      vertex -1.612326e-02 -9.899504e-03 1.806501e-02
      vertex -1.432525e-02 -9.576552e-03 1.671042e-02
    endloop
  endfacet
  facet normal 5.073346e-01 -6.965796e-01 5.073346e-01
    outer loop
      vertex -1.432525e-02 -9.576552e-03 1.671042e-02
      vertex -1.235755e-02 -8.656859e-03 1.600547e-02
      vertex -1.747785e-02 -9.576552e-03 1.986302e-02
    endloop
  endfacet
  facet normal 5.073334e-01 -6.965809e-01 5.073340e-01
    outer loop
      vertex -1.051973e-02 -7.280447e-03 1.605750e-02
      vertex -9.091571e-03 -5.656861e-03 1.685856e-02
      vertex -1.732971e-02 -5.656853e-03 2.509670e-02
    endloop
  endfacet
  facet normal 5.073330e-01 -6.965817e-01 5.073335e-01
    outer loop
      vertex -9.091571e-03 -5.656861e-03 1.685856e-02
      vertex -8.290503e-03 -4.033275e-03 1.828672e-02
      vertex -1.590155e-02 -4.033267e-03 2.589777e-02
    endloop
  endfacet
  facet normal 5.073333e-01 -6.965812e-01 5.073338e-01
    outer loop
      vertex -8.290503e-03 -4.033275e-03 1.828672e-02
      vertex -8.238483e-03 -2.656862e-03 2.012454e-02
      vertex -1.590155e-02 -4.033267e-03 2.589777e-02
    endloop
  endfacet
  facet normal 5.073346e-01 -6.965796e-01 5.073346e-01
    outer loop
      vertex -8.238483e-03 -2.656862e-03 2.012454e-02
      vertex -8.943427e-03 -1.737170e-03 2.209224e-02
      vertex -1.406372e-02 -2.656862e-03 2.594978e-02
    endloop
  endfacet
  facet normal 5.073327e-01 -6.965822e-01 5.073328e-01
    outer loop
      vertex -1.590155e-02 -4.033267e-03 2.589777e-02
      vertex -8.238483e-03 -2.656862e-03 2.012454e-02
      vertex -1.406372e-02 -2.656862e-03 2.594978e-02
    endloop
  endfacet
  facet normal 5.073354e-01 -6.965776e-01 5.073366e-01
    outer loop
      vertex -8.943427e-03 -1.737170e-03 2.209224e-02
      vertex -1.029802e-02 -1.414217e-03 2.389025e-02
      vertex -1.209603e-02 -1.737170e-03 2.524484e-02
    endloop
  endfacet
  facet normal -9.813215e-01 -1.340052e-01 -1.380250e-01
    outer loop
      vertex -3.000000e-02 -5.656853e-03 5.492091e-03
      vertex -3.000000e-02 5.656853e-03 -5.492087e-03
      vertex -2.955658e-02 4.033260e-03 -7.068388e-03
    endloop
  endfacet
  facet normal -8.351782e-01 -3.831055e-01 -3.945981e-01
    outer loop
      vertex -2.955657e-02 -7.280447e-03 3.915794e-03
      vertex -2.955658e-02 4.033260e-03 -7.068388e-03
      vertex -2.829383e-02 2.656847e-03 -8.404711e-03
    endloop
  endfacet
  facet normal -5.611651e-01 -5.765629e-01 -5.938594e-01
    outer loop
      vertex -2.829383e-02 -8.656859e-03 2.579473e-03
      vertex -2.829383e-02 2.656847e-03 -8.404711e-03
      vertex -2.640399e-02 1.737162e-03 -9.297613e-03
    endloop
  endfacet
  facet normal -1.978418e-01 -6.828121e-01 -7.032967e-01
    outer loop
      vertex -2.640398e-02 -9.576552e-03 1.686569e-03
      vertex -2.640399e-02 1.737162e-03 -9.297613e-03
      vertex -2.417476e-02 1.414210e-03 -9.611161e-03
    endloop
  endfacet
  facet normal 1.978408e-01 -6.828124e-01 -7.032967e-01
    outer loop
      vertex -2.417476e-02 1.414210e-03 -9.611161e-03
      vertex -2.194553e-02 1.737162e-03 -9.297615e-03
      vertex -2.194553e-02 -9.576544e-03 1.686569e-03
    endloop
  endfacet
  facet normal 5.611659e-01 -5.765623e-01 -5.938593e-01
    outer loop
      vertex -2.194553e-02 1.737162e-03 -9.297615e-03
      vertex -2.005569e-02 2.656847e-03 -8.404713e-03
      vertex -2.005569e-02 -8.656859e-03 2.579469e-03
    endloop
  endfacet
  facet normal 8.351773e-01 -3.831059e-01 -3.945996e-01
    outer loop
      vertex -2.005569e-02 2.656847e-03 -8.404713e-03
      vertex -1.879294e-02 4.033260e-03 -7.068392e-03
      vertex -1.879293e-02 -7.280447e-03 3.915790e-03
    endloop
  endfacet
  facet normal 9.813214e-01 -1.340048e-01 -1.380256e-01
    outer loop
      vertex -1.879294e-02 4.033260e-03 -7.068392e-03
      vertex -1.834952e-02 5.656853e-03 -5.492093e-03
      vertex -1.834951e-02 -5.656853e-03 5.492087e-03
    endloop
  endfacet
  facet normal 9.813213e-01 1.340057e-01 1.380252e-01
    outer loop
      vertex -1.834952e-02 5.656853e-03 -5.492093e-03
      vertex -1.879294e-02 7.280439e-03 -3.915794e-03
      vertex -1.879293e-02 -4.033267e-03 7.068392e-03
    endloop
  endfacet
  facet normal 8.351775e-01 3.831061e-01 3.945990e-01
    outer loop
      vertex -1.879294e-02 7.280439e-03 -3.915794e-03
      vertex -2.005569e-02 8.656852e-03 -2.579471e-03
      vertex -2.005569e-02 -2.656855e-03 8.404709e-03
    endloop
  endfacet
  facet normal 5.611674e-01 5.765617e-01 5.938584e-01
    outer loop
      vertex -2.005569e-02 8.656852e-03 -2.579471e-03
      vertex -2.194553e-02 9.576544e-03 -1.686569e-03
      vertex -2.194552e-02 -1.737170e-03 9.297617e-03
    endloop
  endfacet
  facet normal 1.978386e-01 6.828128e-01 7.032970e-01
    outer loop
      vertex -2.194553e-02 9.576544e-03 -1.686569e-03
      vertex -2.417476e-02 9.899490e-03 -1.373023e-03
      vertex -2.417475e-02 -1.414217e-03 9.611160e-03
    endloop
  endfacet
  facet normal -1.978405e-01 6.828124e-01 7.032968e-01
    outer loop
      vertex -2.417475e-02 -1.414217e-03 9.611160e-03
      vertex -2.417476e-02 9.899490e-03 -1.373023e-03
      vertex -2.640399e-02 9.576537e-03 -1.686567e-03
    endloop
  endfacet
  facet normal -5.611646e-01 5.765628e-01 5.938600e-01
    outer loop
      vertex -2.640398e-02 -1.737170e-03 9.297617e-03
      vertex -2.640399e-02 9.576537e-03 -1.686567e-03
      vertex -2.829383e-02 8.656852e-03 -2.579467e-03
    endloop
  endfacet
  facet normal -2.477557e-07 6.965807e-01 -7.174783e-01
    outer loop
      vertex -2.829383e-02 2.656847e-03 -8.404711e-03
      vertex -2.955658e-02 4.033260e-03 -7.068388e-03
      vertex -1.879294e-02 4.033260e-03 -7.068392e-03
    endloop
  endfacet
  facet normal -3.449755e-07 6.965801e-01 -7.174791e-01
    outer loop
      vertex -2.955658e-02 4.033260e-03 -7.068388e-03
      vertex -3.000000e-02 5.656853e-03 -5.492087e-03
      vertex -1.834952e-02 5.656853e-03 -5.492093e-03
    endloop
  endfacet
  facet normal -2.520451e-07 6.965810e-01 -7.174783e-01
    outer loop
      vertex -3.000000e-02 5.656853e-03 -5.492087e-03
      vertex -2.955658e-02 7.280439e-03 -3.915790e-03
      vertex -1.879294e-02 7.280439e-03 -3.915794e-03
    endloop
  endfacet
  facet normal -3.237082e-07 6.965810e-01 -7.174782e-01
    outer loop
      vertex -2.955658e-02 7.280439e-03 -3.915790e-03
      vertex -2.829383e-02 8.656852e-03 -2.579467e-03
      vertex -2.005569e-02 8.656852e-03 -2.579471e-03
    endloop
  endfacet
  facet normal -3.244436e-07 6.965820e-01 -7.174771e-01
    outer loop
      vertex -2.829383e-02 8.656852e-03 -2.579467e-03
      vertex -2.640399e-02 9.576537e-03 -1.686567e-03
      vertex -2.005569e-02 8.656852e-03 -2.579471e-03
    endloop
  endfacet
  facet normal -1.463816e-06 6.965840e-01 -7.174753e-01
    outer loop
      vertex -2.640399e-02 9.576537e-03 -1.686567e-03
      vertex -2.417476e-02 9.899490e-03 -1.373023e-03
      vertex -2.194553e-02 9.576544e-03 -1.686569e-03
    endloop
  endfacet
  facet normal -1.462109e-06 6.965780e-01 -7.174811e-01
    outer loop
      vertex -2.005569e-02 8.656852e-03 -2.579471e-03
      vertex -2.640399e-02 9.576537e-03 -1.686567e-03
      vertex -2.194553e-02 9.576544e-03 -1.686569e-03
    endloop
  endfacet
  facet normal -2.477557e-07 6.965808e-01 -7.174784e-01
    outer loop
      vertex -2.005569e-02 8.656852e-03 -2.579471e-03
      vertex -1.879294e-02 7.280439e-03 -3.915794e-03
      vertex -2.955658e-02 7.280439e-03 -3.915790e-03
    endloop
  endfacet
  facet normal -3.449765e-07 6.965812e-01 -7.174779e-01
    outer loop
      vertex -1.879294e-02 7.280439e-03 -3.915794e-03
      vertex -1.834952e-02 5.656853e-03 -5.492093e-03
      vertex -3.000000e-02 5.656853e-03 -5.492087e-03
    endloop
  endfacet
  facet normal -2.520443e-07 6.965797e-01 -7.174794e-01
    outer loop
      vertex -1.834952e-02 5.656853e-03 -5.492093e-03
      vertex -1.879294e-02 4.033260e-03 -7.068392e-03
      vertex -2.955658e-02 4.033260e-03 -7.068388e-03
    endloop
  endfacet
  facet normal -1.654510e-07 6.965805e-01 -7.174788e-01
    outer loop
      vertex -1.879294e-02 4.033260e-03 -7.068392e-03
      vertex -2.005569e-02 2.656847e-03 -8.404713e-03
      vertex -2.829383e-02 2.656847e-03 -8.404711e-03
    endloop
  endfacet
  facet normal -2.983911e-07 6.965828e-01 -7.174764e-01
    outer loop
      vertex -2.005569e-02 2.656847e-03 -8.404713e-03
      vertex -2.194553e-02 1.737162e-03 -9.297615e-03
      vertex -2.640399e-02 1.737162e-03 -9.297613e-03
    endloop
  endfacet
  facet normal -2.997464e-07 6.965820e-01 -7.174772e-01
    outer loop
      vertex -2.194553e-02 1.737162e-03 -9.297615e-03
      vertex -2.417476e-02 1.414210e-03 -9.611161e-03
      vertex -2.640399e-02 1.737162e-03 -9.297613e-03
    endloop
  endfacet
  facet normal -8.351783e-01 3.831050e-01 3.945984e-01
    outer loop
      vertex -2.829383e-02 -2.656855e-03 8.404713e-03
      vertex -2.829383e-02 8.656852e-03 -2.579467e-03
      vertex -2.955658e-02 7.280439e-03 -3.915790e-03
    endloop
  endfacet
  facet normal -9.813213e-01 1.340052e-01 1.380260e-01
    outer loop
      vertex -2.955657e-02 -4.033267e-03 7.068392e-03
      vertex -2.955658e-02 7.280439e-03 -3.915790e-03
      vertex -3.000000e-02 5.656853e-03 -5.492087e-03
    endloop
  endfacet
  facet normal 2.328589e-07 -6.965818e-01 7.174774e-01
    outer loop
      vertex -2.955657e-02 -4.033267e-03 7.068392e-03
      vertex -3.000000e-02 -5.656853e-03 5.492091e-03
      vertex -1.834951e-02 -5.656853e-03 5.492087e-03
    endloop
  endfacet
  facet normal 2.520445e-07 -6.965792e-01 7.174799e-01
    outer loop
      vertex -3.000000e-02 -5.656853e-03 5.492091e-03
      vertex -2.955657e-02 -7.280447e-03 3.915794e-03
      vertex -1.879293e-02 -7.280447e-03 3.915790e-03
    endloop
  endfacet
  facet normal 2.483190e-07 -6.965802e-01 7.174789e-01
    outer loop
      vertex -2.955657e-02 -7.280447e-03 3.915794e-03
      vertex -2.829383e-02 -8.656859e-03 2.579473e-03
      vertex -1.879293e-02 -7.280447e-03 3.915790e-03
    endloop
  endfacet
  facet normal 3.244445e-07 -6.965800e-01 7.174792e-01
    outer loop
      vertex -2.829383e-02 -8.656859e-03 2.579473e-03
      vertex -2.640398e-02 -9.576552e-03 1.686569e-03
      vertex -2.005569e-02 -8.656859e-03 2.579469e-03
    endloop
  endfacet
  facet normal 3.237084e-07 -6.965805e-01 7.174786e-01
    outer loop
      vertex -1.879293e-02 -7.280447e-03 3.915790e-03
      vertex -2.829383e-02 -8.656859e-03 2.579473e-03
      vertex -2.005569e-02 -8.656859e-03 2.579469e-03
    endloop
  endfacet
  facet normal 1.164074e-06 -6.965851e-01 7.174743e-01
    outer loop
      vertex -2.640398e-02 -9.576552e-03 1.686569e-03
      vertex -2.417475e-02 -9.899497e-03 1.373023e-03
      vertex -2.194553e-02 -9.576544e-03 1.686569e-03
    endloop
  endfacet
  facet normal 1.164070e-06 -6.965830e-01 7.174762e-01
    outer loop
      vertex -2.194553e-02 -9.576544e-03 1.686569e-03
      vertex -2.005569e-02 -8.656859e-03 2.579469e-03
      vertex -2.640398e-02 -9.576552e-03 1.686569e-03
    endloop
  endfacet
  facet normal 2.328586e-07 -6.965792e-01 7.174799e-01
    outer loop
      vertex -1.879293e-02 -7.280447e-03 3.915790e-03
      vertex -1.834951e-02 -5.656853e-03 5.492087e-03
      vertex -3.000000e-02 -5.656853e-03 5.492091e-03
    endloop
  endfacet
  facet normal 0.000000e+00 -6.965826e-01 7.174766e-01
    outer loop
      vertex -1.834951e-02 -5.656853e-03 5.492087e-03
      vertex -1.879293e-02 -4.033267e-03 7.068392e-03
      vertex -2.955657e-02 -4.033267e-03 7.068392e-03
    endloop
  endfacet
  facet normal 0.000000e+00 -6.965793e-01 7.174798e-01
    outer loop
      vertex -1.879293e-02 -4.033267e-03 7.068392e-03
      vertex -2.005569e-02 -2.656855e-03 8.404709e-03
      vertex -2.955657e-02 -4.033267e-03 7.068392e-03
    endloop
  endfacet
  facet normal 3.244426e-07 -6.965844e-01 7.174749e-01
    outer loop
      vertex -2.005569e-02 -2.656855e-03 8.404709e-03
      vertex -2.194552e-02 -1.737170e-03 9.297617e-03
      vertex -2.829383e-02 -2.656855e-03 8.404713e-03
    endloop
  endfacet
  facet normal 3.237084e-07 -6.965805e-01 7.174786e-01
    outer loop
      vertex -2.955657e-02 -4.033267e-03 7.068392e-03
      vertex -2.005569e-02 -2.656855e-03 8.404709e-03
      vertex -2.829383e-02 -2.656855e-03 8.404713e-03
    endloop
  endfacet
  facet normal 0.000000e+00 -6.965767e-01 7.174824e-01
    outer loop
      vertex -2.194552e-02 -1.737170e-03 9.297617e-03
      vertex -2.417475e-02 -1.414217e-03 9.611160e-03
      vertex -2.640398e-02 -1.737170e-03 9.297617e-03
    endloop
  endfacet
  facet normal -5.963020e-01 -1.340031e-01 -7.914967e-01
    outer loop
      vertex -2.509670e-02 -5.656853e-03 -1.732971e-02
      vertex -1.732970e-02 5.656853e-03 -2.509670e-02
      vertex -1.590155e-02 4.033260e-03 -2.589777e-02
    endloop
  endfacet
  facet normal -3.115348e-01 -3.831066e-01 -8.695834e-01
    outer loop
      vertex -2.366854e-02 -7.280447e-03 -1.813078e-02
      vertex -1.590155e-02 4.033260e-03 -2.589777e-02
      vertex -1.406372e-02 2.656847e-03 -2.594978e-02
    endloop
  endfacet
  facet normal 2.311843e-02 -5.765628e-01 -8.167257e-01
    outer loop
      vertex -2.183072e-02 -8.656859e-03 -1.818280e-02
      vertex -1.406372e-02 2.656847e-03 -2.594978e-02
      vertex -1.209603e-02 1.737162e-03 -2.524484e-02
    endloop
  endfacet
  facet normal 3.574117e-01 -6.828123e-01 -6.372003e-01
    outer loop
      vertex -1.986301e-02 -9.576544e-03 -1.747785e-02
      vertex -1.209603e-02 1.737162e-03 -2.524484e-02
      vertex -1.029802e-02 1.414210e-03 -2.389025e-02
    endloop
  endfacet
  facet normal 6.371996e-01 -6.828127e-01 -3.574124e-01
    outer loop
      vertex -1.029802e-02 1.414210e-03 -2.389025e-02
      vertex -8.943427e-03 1.737162e-03 -2.209224e-02
      vertex -1.671042e-02 -9.576544e-03 -1.432525e-02
    endloop
  endfacet
  facet normal 8.167257e-01 -5.765628e-01 -2.311838e-02
    outer loop
      vertex -8.943427e-03 1.737162e-03 -2.209224e-02
      vertex -8.238483e-03 2.656847e-03 -2.012454e-02
      vertex -1.600548e-02 -8.656859e-03 -1.235755e-02
    endloop
  endfacet
  facet normal 8.695833e-01 -3.831065e-01 3.115354e-01
    outer loop
      vertex -8.238483e-03 2.656847e-03 -2.012454e-02
      vertex -8.290503e-03 4.033260e-03 -1.828672e-02
      vertex -1.605750e-02 -7.280447e-03 -1.051973e-02
    endloop
  endfacet
  facet normal 7.914976e-01 -1.340054e-01 5.963004e-01
    outer loop
      vertex -8.290503e-03 4.033260e-03 -1.828672e-02
      vertex -9.091567e-03 5.656853e-03 -1.685856e-02
      vertex -1.685856e-02 -5.656853e-03 -9.091571e-03
    endloop
  endfacet
  facet normal 5.962999e-01 1.340055e-01 7.914979e-01
    outer loop
      vertex -9.091567e-03 5.656853e-03 -1.685856e-02
      vertex -1.051972e-02 7.280439e-03 -1.605750e-02
      vertex -1.828672e-02 -4.033267e-03 -8.290505e-03
    endloop
  endfacet
  facet normal 3.115365e-01 3.831054e-01 8.695834e-01
    outer loop
      vertex -1.051972e-02 7.280439e-03 -1.605750e-02
      vertex -1.235755e-02 8.656852e-03 -1.600547e-02
      vertex -2.012454e-02 -2.656855e-03 -8.238483e-03
    endloop
  endfacet
  facet normal -2.311751e-02 5.765620e-01 8.167262e-01
    outer loop
      vertex -1.235755e-02 8.656852e-03 -1.600547e-02
      vertex -1.432525e-02 9.576544e-03 -1.671042e-02
      vertex -2.209224e-02 -1.737170e-03 -8.943427e-03
    endloop
  endfacet
  facet normal -3.574117e-01 6.828123e-01 6.372004e-01
    outer loop
      vertex -1.432525e-02 9.576544e-03 -1.671042e-02
      vertex -1.612326e-02 9.899497e-03 -1.806501e-02
      vertex -2.389025e-02 -1.414217e-03 -1.029802e-02
    endloop
  endfacet
  facet normal -6.372009e-01 6.828122e-01 3.574108e-01
    outer loop
      vertex -2.389025e-02 -1.414217e-03 -1.029802e-02
      vertex -1.612326e-02 9.899497e-03 -1.806501e-02
      vertex -1.747785e-02 9.576544e-03 -1.986302e-02
    endloop
  endfacet
  facet normal -8.167264e-01 5.765617e-01 2.311695e-02
    outer loop
      vertex -2.524484e-02 -1.737170e-03 -1.209603e-02
      vertex -1.747785e-02 9.576544e-03 -1.986302e-02
      vertex -1.818279e-02 8.656852e-03 -2.183072e-02
    endloop
  endfacet
  facet normal 5.073339e-01 6.965808e-01 -5.073338e-01
    outer loop
      vertex -1.406372e-02 2.656847e-03 -2.594978e-02
      vertex -1.590155e-02 4.033260e-03 -2.589777e-02
      vertex -8.290503e-03 4.033260e-03 -1.828672e-02
    endloop
  endfacet
  facet normal 5.073346e-01 6.965796e-01 -5.073346e-01
    outer loop
      vertex -1.590155e-02 4.033260e-03 -2.589777e-02
      vertex -1.732970e-02 5.656853e-03 -2.509670e-02
      vertex -9.091567e-03 5.656853e-03 -1.685856e-02
    endloop
  endfacet
  facet normal 5.073332e-01 6.965816e-01 -5.073334e-01
    outer loop
      vertex -1.732970e-02 5.656853e-03 -2.509670e-02
      vertex -1.813077e-02 7.280439e-03 -2.366854e-02
      vertex -1.051972e-02 7.280439e-03 -1.605750e-02
    endloop
  endfacet
  facet normal 5.073344e-01 6.965802e-01 -5.073341e-01
    outer loop
      vertex -1.813077e-02 7.280439e-03 -2.366854e-02
      vertex -1.818279e-02 8.656852e-03 -2.183072e-02
      vertex -1.235755e-02 8.656852e-03 -1.600547e-02
    endloop
  endfacet
  facet normal 5.073349e-01 6.965795e-01 -5.073346e-01
    outer loop
      vertex -1.818279e-02 8.656852e-03 -2.183072e-02
      vertex -1.747785e-02 9.576544e-03 -1.986302e-02
      vertex -1.432525e-02 9.576544e-03 -1.671042e-02
    endloop
  endfacet
  facet normal 5.073346e-01 6.965799e-01 -5.073343e-01
    outer loop
      vertex -1.747785e-02 9.576544e-03 -1.986302e-02
      vertex -1.612326e-02 9.899497e-03 -1.806501e-02
      vertex -1.432525e-02 9.576544e-03 -1.671042e-02
    endloop
  endfacet
  facet normal 5.073349e-01 6.965793e-01 -5.073346e-01
    outer loop
      vertex -1.432525e-02 9.576544e-03 -1.671042e-02
      vertex -1.235755e-02 8.656852e-03 -1.600547e-02
      vertex -1.818279e-02 8.656852e-03 -2.183072e-02
    endloop
  endfacet
  facet normal 5.073331e-01 6.965817e-01 -5.073334e-01
    outer loop
      vertex -1.235755e-02 8.656852e-03 -1.600547e-02
      vertex -1.051972e-02 7.280439e-03 -1.605750e-02
      vertex -1.813077e-02 7.280439e-03 -2.366854e-02
    endloop
  endfacet
  facet normal 5.073337e-01 6.965810e-01 -5.073337e-01
    outer loop
      vertex -1.051972e-02 7.280439e-03 -1.605750e-02
      vertex -9.091567e-03 5.656853e-03 -1.685856e-02
      vertex -1.732970e-02 5.656853e-03 -2.509670e-02
    endloop
  endfacet
  facet normal 5.073349e-01 6.965793e-01 -5.073348e-01
    outer loop
      vertex -9.091567e-03 5.656853e-03 -1.685856e-02
      vertex -8.290503e-03 4.033260e-03 -1.828672e-02
      vertex -1.590155e-02 4.033260e-03 -2.589777e-02
    endloop
  endfacet
  facet normal 5.073336e-01 6.965811e-01 -5.073336e-01
    outer loop
      vertex -8.290503e-03 4.033260e-03 -1.828672e-02
      vertex -8.238483e-03 2.656847e-03 -2.012454e-02
      vertex -1.406372e-02 2.656847e-03 -2.594978e-02
    endloop
  endfacet
  facet normal 5.073326e-01 6.965826e-01 -5.073326e-01
    outer loop
      vertex -8.238483e-03 2.656847e-03 -2.012454e-02
      vertex -8.943427e-03 1.737162e-03 -2.209224e-02
      vertex -1.406372e-02 2.656847e-03 -2.594978e-02
    endloop
  endfacet
  facet normal 5.073367e-01 6.965761e-01 -5.073373e-01
    outer loop
      vertex -8.943427e-03 1.737162e-03 -2.209224e-02
      vertex -1.029802e-02 1.414210e-03 -2.389025e-02
      vertex -1.209603e-02 1.737162e-03 -2.524484e-02
    endloop
  endfacet
  facet normal -8.695832e-01 3.831062e-01 -3.115358e-01
    outer loop
      vertex -2.594978e-02 -2.656855e-03 -1.406373e-02
      vertex -1.818279e-02 8.656852e-03 -2.183072e-02
      vertex -1.813077e-02 7.280439e-03 -2.366854e-02
    endloop
  endfacet
  facet normal -7.914972e-01 1.340050e-01 -5.963010e-01
    outer loop
      vertex -2.589777e-02 -4.033267e-03 -1.590155e-02
      vertex -1.813077e-02 7.280439e-03 -2.366854e-02
      vertex -1.732970e-02 5.656853e-03 -2.509670e-02
    endloop
  endfacet
  facet normal -5.073329e-01 -6.965821e-01 5.073329e-01
    outer loop
      vertex -2.589777e-02 -4.033267e-03 -1.590155e-02
      vertex -2.509670e-02 -5.656853e-03 -1.732971e-02
      vertex -1.685856e-02 -5.656853e-03 -9.091571e-03
    endloop
  endfacet
  facet normal -5.073348e-01 -6.965793e-01 5.073348e-01
    outer loop
      vertex -2.509670e-02 -5.656853e-03 -1.732971e-02
      vertex -2.366854e-02 -7.280447e-03 -1.813078e-02
      vertex -1.605750e-02 -7.280447e-03 -1.051973e-02
    endloop
  endfacet
  facet normal -5.073337e-01 -6.965811e-01 5.073337e-01
    outer loop
      vertex -2.366854e-02 -7.280447e-03 -1.813078e-02
      vertex -2.183072e-02 -8.656859e-03 -1.818280e-02
      vertex -1.605750e-02 -7.280447e-03 -1.051973e-02
    endloop
  endfacet
  facet normal -5.073318e-01 -6.965838e-01 5.073315e-01
    outer loop
      vertex -2.183072e-02 -8.656859e-03 -1.818280e-02
      vertex -1.986301e-02 -9.576544e-03 -1.747785e-02
      vertex -1.600548e-02 -8.656859e-03 -1.235755e-02
    endloop
  endfacet
  facet normal -5.073344e-01 -6.965802e-01 5.073341e-01
    outer loop
      vertex -1.605750e-02 -7.280447e-03 -1.051973e-02
      vertex -2.183072e-02 -8.656859e-03 -1.818280e-02
      vertex -1.600548e-02 -8.656859e-03 -1.235755e-02
    endloop
  endfacet
  facet normal -5.073370e-01 -6.965767e-01 5.073361e-01
    outer loop
      vertex -1.986301e-02 -9.576544e-03 -1.747785e-02
      vertex -1.806501e-02 -9.899497e-03 -1.612326e-02
      vertex -1.671042e-02 -9.576544e-03 -1.432525e-02
    endloop
  endfacet
  facet normal -5.073332e-01 -6.965824e-01 5.073323e-01
    outer loop
      vertex -1.671042e-02 -9.576544e-03 -1.432525e-02
      vertex -1.600548e-02 -8.656859e-03 -1.235755e-02
      vertex -1.986301e-02 -9.576544e-03 -1.747785e-02
    endloop
  endfacet
  facet normal -5.073348e-01 -6.965793e-01 5.073348e-01
    outer loop
      vertex -1.605750e-02 -7.280447e-03 -1.051973e-02
      vertex -1.685856e-02 -5.656853e-03 -9.091571e-03
      vertex -2.509670e-02 -5.656853e-03 -1.732971e-02
    endloop
  endfacet
  facet normal -5.073333e-01 -6.965812e-01 5.073337e-01
    outer loop
      vertex -1.685856e-02 -5.656853e-03 -9.091571e-03
      vertex -1.828672e-02 -4.033267e-03 -8.290505e-03
      vertex -2.589777e-02 -4.033267e-03 -1.590155e-02
    endloop
  endfacet
  facet normal -5.073333e-01 -6.965812e-01 5.073336e-01
    outer loop
      vertex -1.828672e-02 -4.033267e-03 -8.290505e-03
      vertex -2.012454e-02 -2.656855e-03 -8.238483e-03
      vertex -2.589777e-02 -4.033267e-03 -1.590155e-02
    endloop
  endfacet
  facet normal -5.073333e-01 -6.965817e-01 5.073330e-01
    outer loop
      vertex -2.012454e-02 -2.656855e-03 -8.238483e-03
      vertex -2.209224e-02 -1.737170e-03 -8.943427e-03
      vertex -2.594978e-02 -2.656855e-03 -1.406373e-02
    endloop
  endfacet
  facet normal -5.073348e-01 -6.965796e-01 5.073345e-01
    outer loop
      vertex -2.589777e-02 -4.033267e-03 -1.590155e-02
      vertex -2.012454e-02 -2.656855e-03 -8.238483e-03
      vertex -2.594978e-02 -2.656855e-03 -1.406373e-02
    endloop
  endfacet
  facet normal -5.073323e-01 -6.965829e-01 5.073325e-01
    outer loop
      vertex -2.209224e-02 -1.737170e-03 -8.943427e-03
      vertex -2.389025e-02 -1.414217e-03 -1.029802e-02
      vertex -2.524484e-02 -1.737170e-03 -1.209603e-02
    endloop
  endfacet
  facet normal 1.380259e-01 -1.340056e-01 -9.813212e-01
    outer loop
      vertex -5.492087e-03 -5.656853e-03 -3.000000e-02
      vertex 5.492091e-03 5.656861e-03 -3.000000e-02
      vertex 7.068388e-03 4.033267e-03 -2.955658e-02
    endloop
  endfacet
  facet normal 3.945993e-01 -3.831055e-01 -8.351776e-01
    outer loop
      vertex -3.915787e-03 -7.280447e-03 -2.955658e-02
      vertex 7.068388e-03 4.033267e-03 -2.955658e-02
      vertex 8.404709e-03 2.656855e-03 -2.829382e-02
    endloop
  endfacet
  facet normal 5.938585e-01 -5.765609e-01 -5.611682e-01
    outer loop
      vertex -2.579466e-03 -8.656859e-03 -2.829383e-02
      vertex 8.404709e-03 2.656855e-03 -2.829382e-02
      vertex 9.297617e-03 1.737162e-03 -2.640398e-02
    endloop
  endfacet
  facet normal 7.032970e-01 -6.828123e-01 -1.978400e-01
    outer loop
      vertex -1.686566e-03 -9.576552e-03 -2.640398e-02
      vertex 9.297617e-03 1.737162e-03 -2.640398e-02
      vertex 9.611160e-03 1.414210e-03 -2.417476e-02
    endloop
  endfacet
  facet normal 7.032970e-01 -6.828123e-01 1.978402e-01
    outer loop
      vertex 9.611160e-03 1.414210e-03 -2.417476e-02
      vertex 9.297617e-03 1.737162e-03 -2.194553e-02
      vertex -1.686566e-03 -9.576552e-03 -2.194553e-02
    endloop
  endfacet
  facet normal 5.938585e-01 -5.765611e-01 5.611679e-01
    outer loop
      vertex 9.297617e-03 1.737162e-03 -2.194553e-02
      vertex 8.404709e-03 2.656855e-03 -2.005569e-02
      vertex -2.579466e-03 -8.656859e-03 -2.005569e-02
    endloop
  endfacet
  facet normal 3.946005e-01 -3.831072e-01 8.351762e-01
    outer loop
      vertex 8.404709e-03 2.656855e-03 -2.005569e-02
      vertex 7.068388e-03 4.033260e-03 -1.879293e-02
      vertex -3.915787e-03 -7.280447e-03 -1.879293e-02
    endloop
  endfacet
  facet normal 1.380248e-01 -1.340046e-01 9.813215e-01
    outer loop
      vertex 7.068388e-03 4.033260e-03 -1.879293e-02
      vertex 5.492091e-03 5.656853e-03 -1.834951e-02
      vertex -5.492087e-03 -5.656853e-03 -1.834951e-02
    endloop
  endfacet
  facet normal -1.380252e-01 1.340049e-01 9.813215e-01
    outer loop
      vertex 5.492091e-03 5.656853e-03 -1.834951e-02
      vertex 3.915794e-03 7.280439e-03 -1.879293e-02
      vertex -7.068388e-03 -4.033267e-03 -1.879293e-02
    endloop
  endfacet
  facet normal -3.945990e-01 3.831057e-01 8.351776e-01
    outer loop
      vertex 3.915794e-03 7.280439e-03 -1.879293e-02
      vertex 2.579466e-03 8.656852e-03 -2.005569e-02
      vertex -8.404713e-03 -2.656855e-03 -2.005569e-02
    endloop
  endfacet
  facet normal -5.938596e-01 5.765628e-01 5.611650e-01
    outer loop
      vertex 2.579466e-03 8.656852e-03 -2.005569e-02
      vertex 1.686573e-03 9.576544e-03 -2.194553e-02
      vertex -9.297617e-03 -1.737170e-03 -2.194553e-02
    endloop
  endfacet
  facet normal -7.032967e-01 6.828119e-01 1.978424e-01
    outer loop
      vertex 1.686573e-03 9.576544e-03 -2.194553e-02
      vertex 1.373023e-03 9.899497e-03 -2.417475e-02
      vertex -9.611160e-03 -1.414217e-03 -2.417476e-02
    endloop
  endfacet
  facet normal -7.032966e-01 6.828120e-01 -1.978425e-01
    outer loop
      vertex -9.611160e-03 -1.414217e-03 -2.417476e-02
      vertex 1.373023e-03 9.899497e-03 -2.417475e-02
      vertex 1.686573e-03 9.576544e-03 -2.640398e-02
    endloop
  endfacet
  facet normal -5.938606e-01 5.765640e-01 -5.611627e-01
    outer loop
      vertex -9.297617e-03 -1.737170e-03 -2.640398e-02
      vertex 1.686573e-03 9.576544e-03 -2.640398e-02
      vertex 2.579466e-03 8.656859e-03 -2.829382e-02
    endloop
  endfacet
  facet normal 7.174785e-01 6.965806e-01 4.845003e-07
    outer loop
      vertex 8.404709e-03 2.656855e-03 -2.829382e-02
      vertex 7.068388e-03 4.033267e-03 -2.955658e-02
      vertex 7.068388e-03 4.033260e-03 -1.879293e-02
    endloop
  endfacet
  facet normal 7.174798e-01 6.965793e-01 4.398442e-07
    outer loop
      vertex 7.068388e-03 4.033267e-03 -2.955658e-02
      vertex 5.492091e-03 5.656861e-03 -3.000000e-02
      vertex 5.492091e-03 5.656853e-03 -1.834951e-02
    endloop
  endfacet
  facet normal 7.174766e-01 6.965826e-01 -9.334978e-09
    outer loop
      vertex 5.492091e-03 5.656861e-03 -3.000000e-02
      vertex 3.915787e-03 7.280447e-03 -2.955658e-02
      vertex 3.915794e-03 7.280439e-03 -1.879293e-02
    endloop
  endfacet
  facet normal 7.174791e-01 6.965801e-01 6.330297e-07
    outer loop
      vertex 3.915787e-03 7.280447e-03 -2.955658e-02
      vertex 2.579466e-03 8.656859e-03 -2.829382e-02
      vertex 2.579466e-03 8.656852e-03 -2.005569e-02
    endloop
  endfacet
  facet normal 7.174811e-01 6.965781e-01 6.299862e-07
    outer loop
      vertex 2.579466e-03 8.656859e-03 -2.829382e-02
      vertex 1.686573e-03 9.576544e-03 -2.640398e-02
      vertex 2.579466e-03 8.656852e-03 -2.005569e-02
    endloop
  endfacet
  facet normal 7.174742e-01 6.965852e-01 -0.000000e+00
    outer loop
      vertex 1.686573e-03 9.576544e-03 -2.640398e-02
      vertex 1.373023e-03 9.899497e-03 -2.417475e-02
      vertex 1.686573e-03 9.576544e-03 -2.194553e-02
    endloop
  endfacet
  facet normal 7.174833e-01 6.965758e-01 0.000000e+00
    outer loop
      vertex 2.579466e-03 8.656852e-03 -2.005569e-02
      vertex 1.686573e-03 9.576544e-03 -2.640398e-02
      vertex 1.686573e-03 9.576544e-03 -2.194553e-02
    endloop
  endfacet
  facet normal 7.174769e-01 6.965823e-01 -1.101134e-08
    outer loop
      vertex 2.579466e-03 8.656852e-03 -2.005569e-02
      vertex 3.915794e-03 7.280439e-03 -1.879293e-02
      vertex 3.915787e-03 7.280447e-03 -2.955658e-02
    endloop
  endfacet
  facet normal 7.174782e-01 6.965809e-01 4.484696e-07
    outer loop
      vertex 3.915794e-03 7.280439e-03 -1.879293e-02
      vertex 5.492091e-03 5.656853e-03 -1.834951e-02
      vertex 5.492091e-03 5.656861e-03 -3.000000e-02
    endloop
  endfacet
  facet normal 7.174799e-01 6.965792e-01 4.760839e-07
    outer loop
      vertex 5.492091e-03 5.656853e-03 -1.834951e-02
      vertex 7.068388e-03 4.033260e-03 -1.879293e-02
      vertex 7.068388e-03 4.033267e-03 -2.955658e-02
    endloop
  endfacet
  facet normal 7.174768e-01 6.965823e-01 0.000000e+00
    outer loop
      vertex 7.068388e-03 4.033260e-03 -1.879293e-02
      vertex 8.404709e-03 2.656855e-03 -2.005569e-02
      vertex 8.404709e-03 2.656855e-03 -2.829382e-02
    endloop
  endfacet
  facet normal 7.174774e-01 6.965818e-01 0.000000e+00
    outer loop
      vertex 8.404709e-03 2.656855e-03 -2.005569e-02
      vertex 9.297617e-03 1.737162e-03 -2.194553e-02
      vertex 8.404709e-03 2.656855e-03 -2.829382e-02
    endloop
  endfacet
  facet normal 7.174824e-01 6.965767e-01 0.000000e+00
    outer loop
      vertex 9.297617e-03 1.737162e-03 -2.194553e-02
      vertex 9.611160e-03 1.414210e-03 -2.417476e-02
      vertex 9.297617e-03 1.737162e-03 -2.640398e-02
    endloop
  endfacet
  facet normal -3.945991e-01 3.831056e-01 -8.351777e-01
    outer loop
      vertex -8.404713e-03 -2.656855e-03 -2.829382e-02
      vertex 2.579466e-03 8.656859e-03 -2.829382e-02
      vertex 3.915787e-03 7.280447e-03 -2.955658e-02
    endloop
  endfacet
  facet normal -1.380259e-01 1.340057e-01 -9.813212e-01
    outer loop
      vertex -7.068388e-03 -4.033267e-03 -2.955658e-02
      vertex 3.915787e-03 7.280447e-03 -2.955658e-02
      vertex 5.492091e-03 5.656861e-03 -3.000000e-02
    endloop
  endfacet
  facet normal -7.174774e-01 -6.965817e-01 0.000000e+00
    outer loop
      vertex -7.068388e-03 -4.033267e-03 -2.955658e-02
      vertex -5.492087e-03 -5.656853e-03 -3.000000e-02
      vertex -5.492087e-03 -5.656853e-03 -1.834951e-02
    endloop
  endfacet
  facet normal -7.174791e-01 -6.965801e-01 0.000000e+00
    outer loop
      vertex -5.492087e-03 -5.656853e-03 -3.000000e-02
      vertex -3.915787e-03 -7.280447e-03 -2.955658e-02
      vertex -3.915787e-03 -7.280447e-03 -1.879293e-02
    endloop
  endfacet
  facet normal -7.174788e-01 -6.965804e-01 0.000000e+00
    outer loop
      vertex -3.915787e-03 -7.280447e-03 -2.955658e-02
      vertex -2.579466e-03 -8.656859e-03 -2.829383e-02
      vertex -3.915787e-03 -7.280447e-03 -1.879293e-02
    endloop
  endfacet
  facet normal -7.174803e-01 -6.965788e-01 0.000000e+00
    outer loop
      vertex -2.579466e-03 -8.656859e-03 -2.829383e-02
      vertex -1.686566e-03 -9.576552e-03 -2.640398e-02
      vertex -2.579466e-03 -8.656859e-03 -2.005569e-02
    endloop
  endfacet
  facet normal -7.174788e-01 -6.965804e-01 0.000000e+00
    outer loop
      vertex -3.915787e-03 -7.280447e-03 -1.879293e-02
      vertex -2.579466e-03 -8.656859e-03 -2.829383e-02
      vertex -2.579466e-03 -8.656859e-03 -2.005569e-02
    endloop
  endfacet
  facet normal -7.174824e-01 -6.965767e-01 0.000000e+00
    outer loop
      vertex -1.686566e-03 -9.576552e-03 -2.640398e-02
      vertex -1.373023e-03 -9.899504e-03 -2.417476e-02
      vertex -1.686566e-03 -9.576552e-03 -2.194553e-02
    endloop
  endfacet
  facet normal -7.174803e-01 -6.965788e-01 -0.000000e+00
    outer loop
      vertex -1.686566e-03 -9.576552e-03 -2.194553e-02
      vertex -2.579466e-03 -8.656859e-03 -2.005569e-02
      vertex -1.686566e-03 -9.576552e-03 -2.640398e-02
    endloop
  endfacet
  facet normal -7.174791e-01 -6.965801e-01 0.000000e+00
    outer loop
      vertex -3.915787e-03 -7.280447e-03 -1.879293e-02
      vertex -5.492087e-03 -5.656853e-03 -1.834951e-02
      vertex -5.492087e-03 -5.656853e-03 -3.000000e-02
    endloop
  endfacet
  facet normal -7.174774e-01 -6.965817e-01 0.000000e+00
    outer loop
      vertex -5.492087e-03 -5.656853e-03 -1.834951e-02
      vertex -7.068388e-03 -4.033267e-03 -1.879293e-02
      vertex -7.068388e-03 -4.033267e-03 -2.955658e-02
    endloop
  endfacet
  facet normal -7.174778e-01 -6.965813e-01 -0.000000e+00
    outer loop
      vertex -7.068388e-03 -4.033267e-03 -1.879293e-02
      vertex -8.404713e-03 -2.656855e-03 -2.005569e-02
      vertex -7.068388e-03 -4.033267e-03 -2.955658e-02
    endloop
  endfacet
  facet normal -7.174760e-01 -6.965832e-01 -0.000000e+00
    outer loop
      vertex -8.404713e-03 -2.656855e-03 -2.005569e-02
      vertex -9.297617e-03 -1.737170e-03 -2.194553e-02
      vertex -8.404713e-03 -2.656855e-03 -2.829382e-02
    endloop
  endfacet
  facet normal -7.174778e-01 -6.965813e-01 0.000000e+00
    outer loop
      vertex -7.068388e-03 -4.033267e-03 -2.955658e-02
      vertex -8.404713e-03 -2.656855e-03 -2.005569e-02
      vertex -8.404713e-03 -2.656855e-03 -2.829382e-02
    endloop
  endfacet
  facet normal -7.174824e-01 -6.965767e-01 -0.000000e+00
    outer loop
      vertex -9.297617e-03 -1.737170e-03 -2.194553e-02
      vertex -9.611160e-03 -1.414217e-03 -2.417476e-02
      vertex -9.297617e-03 -1.737170e-03 -2.640398e-02
    endloop
  endfacet
  facet normal 7.914967e-01 -1.340036e-01 -5.963020e-01
    outer loop
      vertex 1.732971e-02 -5.656853e-03 -2.509670e-02
      vertex 2.509670e-02 5.656853e-03 -1.732971e-02
      vertex 2.589777e-02 4.033260e-03 -1.590155e-02
    endloop
  endfacet
  facet normal 8.695832e-01 -3.831081e-01 -3.115338e-01
    outer loop
      vertex 1.813077e-02 -7.280447e-03 -2.366854e-02
      vertex 2.589777e-02 4.033260e-03 -1.590155e-02
      vertex 2.594978e-02 2.656847e-03 -1.406373e-02
    endloop
  endfacet
  facet normal 8.167266e-01 -5.765616e-01 2.311618e-02
    outer loop
      vertex 1.818279e-02 -8.656859e-03 -2.183072e-02
      vertex 2.594978e-02 2.656847e-03 -1.406373e-02
      vertex 2.524485e-02 1.737162e-03 -1.209603e-02
    endloop
  endfacet
  facet normal 6.371989e-01 -6.828130e-01 3.574128e-01
    outer loop
      vertex 1.747785e-02 -9.576544e-03 -1.986302e-02
      vertex 2.524485e-02 1.737162e-03 -1.209603e-02
      vertex 2.389025e-02 1.414210e-03 -1.029802e-02
    endloop
  endfacet
  facet normal 3.574111e-01 -6.828124e-01 6.372005e-01
    outer loop
      vertex 2.389025e-02 1.414210e-03 -1.029802e-02
      vertex 2.209224e-02 1.737162e-03 -8.943427e-03
      vertex 1.432525e-02 -9.576544e-03 -1.671042e-02
    endloop
  endfacet
  facet normal 2.311854e-02 -5.765626e-01 8.167258e-01
    outer loop
      vertex 2.209224e-02 1.737162e-03 -8.943427e-03
      vertex 2.012455e-02 2.656847e-03 -8.238483e-03
      vertex 1.235756e-02 -8.656859e-03 -1.600547e-02
    endloop
  endfacet
  facet normal -3.115352e-01 -3.831066e-01 8.695832e-01
    outer loop
      vertex 2.012455e-02 2.656847e-03 -8.238483e-03
      vertex 1.828671e-02 4.033260e-03 -8.290505e-03
      vertex 1.051973e-02 -7.280447e-03 -1.605750e-02
    endloop
  endfacet
  facet normal -5.963018e-01 -1.340034e-01 7.914968e-01
    outer loop
      vertex 1.828671e-02 4.033260e-03 -8.290505e-03
      vertex 1.685856e-02 5.656853e-03 -9.091571e-03
      vertex 9.091571e-03 -5.656853e-03 -1.685856e-02
    endloop
  endfacet
  facet normal -7.914977e-01 1.340057e-01 5.963001e-01
    outer loop
      vertex 1.685856e-02 5.656853e-03 -9.091571e-03
      vertex 1.605750e-02 7.280439e-03 -1.051973e-02
      vertex 8.290507e-03 -4.033267e-03 -1.828672e-02
    endloop
  endfacet
  facet normal -8.695831e-01 3.831064e-01 3.115360e-01
    outer loop
      vertex 1.605750e-02 7.280439e-03 -1.051973e-02
      vertex 1.600548e-02 8.656852e-03 -1.235755e-02
      vertex 8.238479e-03 -2.656855e-03 -2.012454e-02
    endloop
  endfacet
  facet normal -8.167264e-01 5.765619e-01 -2.311687e-02
    outer loop
      vertex 1.600548e-02 8.656852e-03 -1.235755e-02
      vertex 1.671042e-02 9.576544e-03 -1.432525e-02
      vertex 8.943431e-03 -1.737170e-03 -2.209224e-02
    endloop
  endfacet
  facet normal -6.372005e-01 6.828122e-01 -3.574115e-01
    outer loop
      vertex 1.671042e-02 9.576544e-03 -1.432525e-02
      vertex 1.806501e-02 9.899497e-03 -1.612326e-02
      vertex 1.029802e-02 -1.414217e-03 -2.389025e-02
    endloop
  endfacet
  facet normal -3.574124e-01 6.828122e-01 -6.372001e-01
    outer loop
      vertex 1.029802e-02 -1.414217e-03 -2.389025e-02
      vertex 1.806501e-02 9.899497e-03 -1.612326e-02
      vertex 1.986302e-02 9.576544e-03 -1.747785e-02
    endloop
  endfacet
  facet normal -2.311688e-02 5.765616e-01 -8.167266e-01
    outer loop
      vertex 1.209603e-02 -1.737170e-03 -2.524484e-02
      vertex 1.986302e-02 9.576544e-03 -1.747785e-02
      vertex 2.183072e-02 8.656852e-03 -1.818280e-02
    endloop
  endfacet
  facet normal 5.073345e-01 6.965793e-01 5.073354e-01
    outer loop
      vertex 2.594978e-02 2.656847e-03 -1.406373e-02
      vertex 2.589777e-02 4.033260e-03 -1.590155e-02
      vertex 1.828671e-02 4.033260e-03 -8.290505e-03
    endloop
  endfacet
  facet normal 5.073340e-01 6.965805e-01 5.073340e-01
    outer loop
      vertex 2.589777e-02 4.033260e-03 -1.590155e-02
      vertex 2.509670e-02 5.656853e-03 -1.732971e-02
      vertex 1.685856e-02 5.656853e-03 -9.091571e-03
    endloop
  endfacet
  facet normal 5.073334e-01 6.965816e-01 5.073332e-01
    outer loop
      vertex 2.509670e-02 5.656853e-03 -1.732971e-02
      vertex 2.366854e-02 7.280439e-03 -1.813078e-02
      vertex 1.605750e-02 7.280439e-03 -1.051973e-02
    endloop
  endfacet
  facet normal 5.073346e-01 6.965796e-01 5.073346e-01
    outer loop
      vertex 2.366854e-02 7.280439e-03 -1.813078e-02
      vertex 2.183072e-02 8.656852e-03 -1.818280e-02
      vertex 1.600548e-02 8.656852e-03 -1.235755e-02
    endloop
  endfacet
  facet normal 5.073332e-01 6.965825e-01 5.073323e-01
    outer loop
      vertex 2.183072e-02 8.656852e-03 -1.818280e-02
      vertex 1.986302e-02 9.576544e-03 -1.747785e-02
      vertex 1.671042e-02 9.576544e-03 -1.432525e-02
    endloop
  endfacet
  facet normal 5.073370e-01 6.965767e-01 5.073361e-01
    outer loop
      vertex 1.986302e-02 9.576544e-03 -1.747785e-02
      vertex 1.806501e-02 9.899497e-03 -1.612326e-02
      vertex 1.671042e-02 9.576544e-03 -1.432525e-02
    endloop
  endfacet
  facet normal 5.073342e-01 6.965802e-01 5.073342e-01
    outer loop
      vertex 1.671042e-02 9.576544e-03 -1.432525e-02
      vertex 1.600548e-02 8.656852e-03 -1.235755e-02
      vertex 2.183072e-02 8.656852e-03 -1.818280e-02
    endloop
  endfacet
  facet normal 5.073344e-01 6.965802e-01 5.073341e-01
    outer loop
      vertex 1.600548e-02 8.656852e-03 -1.235755e-02
      vertex 1.605750e-02 7.280439e-03 -1.051973e-02
      vertex 2.366854e-02 7.280439e-03 -1.813078e-02
    endloop
  endfacet
  facet normal 5.073337e-01 6.965810e-01 5.073337e-01
    outer loop
      vertex 1.605750e-02 7.280439e-03 -1.051973e-02
      vertex 1.685856e-02 5.656853e-03 -9.091571e-03
      vertex 2.509670e-02 5.656853e-03 -1.732971e-02
    endloop
  endfacet
  facet normal 5.073351e-01 6.965783e-01 5.073360e-01
    outer loop
      vertex 1.685856e-02 5.656853e-03 -9.091571e-03
      vertex 1.828671e-02 4.033260e-03 -8.290505e-03
      vertex 2.589777e-02 4.033260e-03 -1.590155e-02
    endloop
  endfacet
  facet normal 5.073327e-01 6.965831e-01 5.073320e-01
    outer loop
      vertex 1.828671e-02 4.033260e-03 -8.290505e-03
      vertex 2.012455e-02 2.656847e-03 -8.238483e-03
      vertex 2.594978e-02 2.656847e-03 -1.406373e-02
    endloop
  endfacet
  facet normal 5.073341e-01 6.965809e-01 5.073334e-01
    outer loop
      vertex 2.012455e-02 2.656847e-03 -8.238483e-03
      vertex 2.209224e-02 1.737162e-03 -8.943427e-03
      vertex 2.594978e-02 2.656847e-03 -1.406373e-02
    endloop
  endfacet
  facet normal 5.073358e-01 6.965768e-01 5.073373e-01
    outer loop
      vertex 2.209224e-02 1.737162e-03 -8.943427e-03
      vertex 2.389025e-02 1.414210e-03 -1.029802e-02
      vertex 2.524485e-02 1.737162e-03 -1.209603e-02
    endloop
  endfacet
  facet normal 3.115362e-01 3.831057e-01 -8.695834e-01
    outer loop
      vertex 1.406373e-02 -2.656855e-03 -2.594978e-02
      vertex 2.183072e-02 8.656852e-03 -1.818280e-02
      vertex 2.366854e-02 7.280439e-03 -1.813078e-02
    endloop
  endfacet
  facet normal 5.963007e-01 1.340048e-01 -7.914975e-01
    outer loop
      vertex 1.590155e-02 -4.033267e-03 -2.589777e-02
      vertex 2.366854e-02 7.280439e-03 -1.813078e-02
      vertex 2.509670e-02 5.656853e-03 -1.732971e-02
    endloop
  endfacet
  facet normal -5.073330e-01 -6.965819e-01 -5.073330e-01
    outer loop
      vertex 1.590155e-02 -4.033267e-03 -2.589777e-02
      vertex 1.732971e-02 -5.656853e-03 -2.509670e-02
      vertex 9.091571e-03 -5.656853e-03 -1.685856e-02
    endloop
  endfacet
  facet normal -5.073348e-01 -6.965793e-01 -5.073348e-01
    outer loop
      vertex 1.732971e-02 -5.656853e-03 -2.509670e-02
      vertex 1.813077e-02 -7.280447e-03 -2.366854e-02
      vertex 1.051973e-02 -7.280447e-03 -1.605750e-02
    endloop
  endfacet
  facet normal -5.073341e-01 -6.965804e-01 -5.073341e-01
    outer loop
      vertex 1.813077e-02 -7.280447e-03 -2.366854e-02
      vertex 1.818279e-02 -8.656859e-03 -2.183072e-02
      vertex 1.051973e-02 -7.280447e-03 -1.605750e-02
    endloop
  endfacet
  facet normal -5.073333e-01 -6.965821e-01 -5.073326e-01
    outer loop
      vertex 1.818279e-02 -8.656859e-03 -2.183072e-02
      vertex 1.747785e-02 -9.576544e-03 -1.986302e-02
      vertex 1.235756e-02 -8.656859e-03 -1.600547e-02
    endloop
  endfacet
  facet normal -5.073333e-01 -6.965820e-01 -5.073327e-01
    outer loop
      vertex 1.051973e-02 -7.280447e-03 -1.605750e-02
      vertex 1.818279e-02 -8.656859e-03 -2.183072e-02
      vertex 1.235756e-02 -8.656859e-03 -1.600547e-02
    endloop
  endfacet
  facet normal -5.073312e-01 -6.965844e-01 -5.073315e-01
    outer loop
      vertex 1.747785e-02 -9.576544e-03 -1.986302e-02
      vertex 1.612327e-02 -9.899497e-03 -1.806501e-02
      vertex 1.432525e-02 -9.576544e-03 -1.671042e-02
    endloop
  endfacet
  facet normal -5.073344e-01 -6.965796e-01 -5.073347e-01
    outer loop
      vertex 1.432525e-02 -9.576544e-03 -1.671042e-02
      vertex 1.235756e-02 -8.656859e-03 -1.600547e-02
      vertex 1.747785e-02 -9.576544e-03 -1.986302e-02
    endloop
  endfacet
  facet normal -5.073348e-01 -6.965793e-01 -5.073348e-01
    outer loop
      vertex 1.051973e-02 -7.280447e-03 -1.605750e-02
      vertex 9.091571e-03 -5.656853e-03 -1.685856e-02
      vertex 1.732971e-02 -5.656853e-03 -2.509670e-02
    endloop
  endfacet
  facet normal -5.073339e-01 -6.965809e-01 -5.073335e-01
    outer loop
      vertex 9.091571e-03 -5.656853e-03 -1.685856e-02
      vertex 8.290507e-03 -4.033267e-03 -1.828672e-02
      vertex 1.590155e-02 -4.033267e-03 -2.589777e-02
    endloop
  endfacet
  facet normal -5.073329e-01 -6.965823e-01 -5.073326e-01
    outer loop
      vertex 8.290507e-03 -4.033267e-03 -1.828672e-02
      vertex 8.238479e-03 -2.656855e-03 -2.012454e-02
      vertex 1.590155e-02 -4.033267e-03 -2.589777e-02
    endloop
  endfacet
  facet normal -5.073330e-01 -6.965812e-01 -5.073341e-01
    outer loop
      vertex 8.238479e-03 -2.656855e-03 -2.012454e-02
      vertex 8.943431e-03 -1.737170e-03 -2.209224e-02
      vertex 1.406373e-02 -2.656855e-03 -2.594978e-02
    endloop
  endfacet
  facet normal -5.073346e-01 -6.965789e-01 -5.073355e-01
    outer loop
      vertex 1.590155e-02 -4.033267e-03 -2.589777e-02
      vertex 8.238479e-03 -2.656855e-03 -2.012454e-02
      vertex 1.406373e-02 -2.656855e-03 -2.594978e-02
    endloop
  endfacet
  facet normal -5.073373e-01 -6.965761e-01 -5.073368e-01
    outer loop
      vertex 8.943431e-03 -1.737170e-03 -2.209224e-02
      vertex 1.029802e-02 -1.414217e-03 -2.389025e-02
      vertex 1.209603e-02 -1.737170e-03 -2.524484e-02
    endloop
  endfacet
endsolid exported
